image_id,label
1.jpg,L
10.jpg,Q
100.jpg,M
1000.jpg,W
10000.jpg,H
10001.jpg,U
10002.jpg,O
10003.jpg,F
10004.jpg,T
10005.jpg,O
10006.jpg,M
10007.jpg,Z
10008.jpg,X
10009.jpg,M
1001.jpg,R
10010.jpg,C
10011.jpg,S
10012.jpg,M
10013.jpg,M
10014.jpg,L
10015.jpg,M
10016.jpg,B
10017.jpg,P
10018.jpg,W
10019.jpg,P
1002.jpg,I
10020.jpg,T
10021.jpg,J
10022.jpg,M
10023.jpg,O
10024.jpg,C
10025.jpg,P
10026.jpg,E
10027.jpg,del
10028.jpg,A
10029.jpg,W
1003.jpg,M
10030.jpg,I
10031.jpg,P
10032.jpg,Q
10033.jpg,B
10034.jpg,R
10035.jpg,M
10036.jpg,M
10037.jpg,P
10038.jpg,Q
10039.jpg,O
1004.jpg,L
10040.jpg,B
10041.jpg,C
10042.jpg,O
10043.jpg,space
10044.jpg,U
10045.jpg,I
10046.jpg,N
10047.jpg,M
10048.jpg,H
10049.jpg,B
1005.jpg,N
10050.jpg,M
10051.jpg,O
10052.jpg,J
10053.jpg,E
10054.jpg,V
10055.jpg,W
10056.jpg,L
10057.jpg,M
10058.jpg,X
10059.jpg,E
1006.jpg,S
10060.jpg,M
10061.jpg,J
10062.jpg,I
10063.jpg,U
10064.jpg,U
10065.jpg,I
10066.jpg,K
10067.jpg,B
10068.jpg,V
10069.jpg,N
1007.jpg,S
10070.jpg,D
10071.jpg,B
10072.jpg,G
10073.jpg,A
10074.jpg,M
10075.jpg,J
10076.jpg,U
10077.jpg,M
10078.jpg,V
10079.jpg,P
1008.jpg,P
10080.jpg,K
10081.jpg,O
10082.jpg,S
10083.jpg,U
10084.jpg,Y
10085.jpg,K
10086.jpg,K
10087.jpg,H
10088.jpg,M
10089.jpg,I
1009.jpg,J
10090.jpg,G
10091.jpg,V
10092.jpg,N
10093.jpg,A
10094.jpg,V
10095.jpg,N
10096.jpg,O
10097.jpg,I
10098.jpg,R
10099.jpg,M
101.jpg,R
1010.jpg,Z
10100.jpg,L
10101.jpg,W
10102.jpg,M
10103.jpg,W
10104.jpg,U
10105.jpg,M
10106.jpg,M
10107.jpg,Z
10108.jpg,N
10109.jpg,Q
1011.jpg,M
10110.jpg,L
10111.jpg,O
10112.jpg,R
10113.jpg,V
10114.jpg,del
10115.jpg,M
10116.jpg,N
10117.jpg,L
10118.jpg,X
10119.jpg,J
1012.jpg,E
10120.jpg,P
10121.jpg,N
10122.jpg,W
10123.jpg,N
10124.jpg,R
10125.jpg,N
10126.jpg,X
10127.jpg,M
10128.jpg,K
10129.jpg,S
1013.jpg,M
10130.jpg,Y
10131.jpg,A
10132.jpg,I
10133.jpg,I
10134.jpg,R
10135.jpg,M
10136.jpg,Y
10137.jpg,B
10138.jpg,M
10139.jpg,Y
1014.jpg,X
10140.jpg,Y
10141.jpg,P
10142.jpg,U
10143.jpg,U
10144.jpg,C
10145.jpg,N
10146.jpg,I
10147.jpg,C
10148.jpg,P
10149.jpg,O
1015.jpg,del
10150.jpg,O
10151.jpg,S
10152.jpg,K
10153.jpg,N
10154.jpg,O
10155.jpg,H
10156.jpg,X
10157.jpg,W
10158.jpg,L
10159.jpg,M
1016.jpg,B
10160.jpg,W
10161.jpg,J
10162.jpg,E
10163.jpg,X
10164.jpg,L
10165.jpg,L
10166.jpg,space
10167.jpg,R
10168.jpg,P
10169.jpg,B
1017.jpg,N
10170.jpg,M
10171.jpg,B
10172.jpg,del
10173.jpg,K
10174.jpg,U
10175.jpg,I
10176.jpg,Q
10177.jpg,O
10178.jpg,P
10179.jpg,J
1018.jpg,V
10180.jpg,space
10181.jpg,N
10182.jpg,Y
10183.jpg,R
10184.jpg,W
10185.jpg,I
10186.jpg,I
10187.jpg,J
10188.jpg,O
10189.jpg,E
1019.jpg,B
10190.jpg,Z
10191.jpg,W
10192.jpg,X
10193.jpg,W
10194.jpg,M
10195.jpg,X
10196.jpg,del
10197.jpg,N
10198.jpg,M
10199.jpg,C
102.jpg,space
1020.jpg,T
10200.jpg,J
10201.jpg,X
10202.jpg,Y
10203.jpg,M
10204.jpg,P
10205.jpg,B
10206.jpg,E
10207.jpg,B
10208.jpg,N
10209.jpg,H
1021.jpg,I
10210.jpg,I
10211.jpg,D
10212.jpg,M
10213.jpg,H
10214.jpg,M
10215.jpg,U
10216.jpg,J
10217.jpg,del
10218.jpg,M
10219.jpg,M
1022.jpg,L
10220.jpg,M
10221.jpg,P
10222.jpg,M
10223.jpg,N
10224.jpg,Q
10225.jpg,J
10226.jpg,M
10227.jpg,M
10228.jpg,Q
10229.jpg,I
1023.jpg,O
10230.jpg,V
10231.jpg,T
10232.jpg,K
10233.jpg,R
10234.jpg,H
10235.jpg,R
10236.jpg,J
10237.jpg,M
10238.jpg,R
10239.jpg,A
1024.jpg,N
10240.jpg,del
10241.jpg,N
10242.jpg,O
10243.jpg,I
10244.jpg,M
10245.jpg,X
10246.jpg,H
10247.jpg,P
10248.jpg,M
10249.jpg,A
1025.jpg,M
10250.jpg,B
10251.jpg,H
10252.jpg,P
10253.jpg,O
10254.jpg,B
10255.jpg,J
10256.jpg,M
10257.jpg,Y
10258.jpg,B
10259.jpg,L
1026.jpg,Y
10260.jpg,P
10261.jpg,V
10262.jpg,A
10263.jpg,K
10264.jpg,P
10265.jpg,J
10266.jpg,N
10267.jpg,U
10268.jpg,S
10269.jpg,W
1027.jpg,K
10270.jpg,O
10271.jpg,S
10272.jpg,B
10273.jpg,W
10274.jpg,M
10275.jpg,C
10276.jpg,I
10277.jpg,W
10278.jpg,N
10279.jpg,H
1028.jpg,B
10280.jpg,L
10281.jpg,L
10282.jpg,M
10283.jpg,J
10284.jpg,X
10285.jpg,O
10286.jpg,M
10287.jpg,M
10288.jpg,Q
10289.jpg,N
1029.jpg,J
10290.jpg,K
10291.jpg,V
10292.jpg,P
10293.jpg,S
10294.jpg,R
10295.jpg,P
10296.jpg,B
10297.jpg,J
10298.jpg,N
10299.jpg,R
103.jpg,L
1030.jpg,U
10300.jpg,J
10301.jpg,N
10302.jpg,T
10303.jpg,N
10304.jpg,N
10305.jpg,O
10306.jpg,N
10307.jpg,P
10308.jpg,E
10309.jpg,P
1031.jpg,U
10310.jpg,J
10311.jpg,M
10312.jpg,A
10313.jpg,Q
10314.jpg,R
10315.jpg,Q
10316.jpg,J
10317.jpg,N
10318.jpg,R
10319.jpg,M
1032.jpg,X
10320.jpg,H
10321.jpg,B
10322.jpg,N
10323.jpg,U
10324.jpg,X
10325.jpg,O
10326.jpg,V
10327.jpg,P
10328.jpg,P
10329.jpg,J
1033.jpg,B
10330.jpg,B
10331.jpg,Y
10332.jpg,U
10333.jpg,Q
10334.jpg,B
10335.jpg,M
10336.jpg,H
10337.jpg,S
10338.jpg,M
10339.jpg,L
1034.jpg,H
10340.jpg,X
10341.jpg,O
10342.jpg,N
10343.jpg,Y
10344.jpg,J
10345.jpg,del
10346.jpg,G
10347.jpg,D
10348.jpg,G
10349.jpg,Y
1035.jpg,Q
10350.jpg,P
10351.jpg,P
10352.jpg,G
10353.jpg,R
10354.jpg,Q
10355.jpg,J
10356.jpg,Z
10357.jpg,V
10358.jpg,I
10359.jpg,W
1036.jpg,E
10360.jpg,M
10361.jpg,J
10362.jpg,S
10363.jpg,O
10364.jpg,O
10365.jpg,E
10366.jpg,E
10367.jpg,K
10368.jpg,P
10369.jpg,Q
1037.jpg,X
10370.jpg,R
10371.jpg,F
10372.jpg,V
10373.jpg,Y
10374.jpg,E
10375.jpg,U
10376.jpg,C
10377.jpg,del
10378.jpg,L
10379.jpg,G
1038.jpg,U
10380.jpg,E
10381.jpg,Y
10382.jpg,H
10383.jpg,J
10384.jpg,Y
10385.jpg,A
10386.jpg,A
10387.jpg,P
10388.jpg,M
10389.jpg,M
1039.jpg,Y
10390.jpg,E
10391.jpg,R
10392.jpg,R
10393.jpg,L
10394.jpg,J
10395.jpg,H
10396.jpg,N
10397.jpg,U
10398.jpg,P
10399.jpg,space
104.jpg,N
1040.jpg,I
10400.jpg,R
10401.jpg,R
10402.jpg,W
10403.jpg,U
10404.jpg,P
10405.jpg,V
10406.jpg,B
10407.jpg,P
10408.jpg,M
10409.jpg,M
1041.jpg,B
10410.jpg,V
10411.jpg,J
10412.jpg,X
10413.jpg,L
10414.jpg,del
10415.jpg,U
10416.jpg,V
10417.jpg,B
10418.jpg,N
10419.jpg,X
1042.jpg,Q
10420.jpg,U
10421.jpg,P
10422.jpg,M
10423.jpg,S
10424.jpg,O
10425.jpg,K
10426.jpg,U
10427.jpg,V
10428.jpg,V
10429.jpg,J
1043.jpg,M
10430.jpg,S
10431.jpg,J
10432.jpg,Z
10433.jpg,H
10434.jpg,L
10435.jpg,J
10436.jpg,W
10437.jpg,I
10438.jpg,R
10439.jpg,O
1044.jpg,A
10440.jpg,S
10441.jpg,R
10442.jpg,H
10443.jpg,R
10444.jpg,J
10445.jpg,S
10446.jpg,W
10447.jpg,N
10448.jpg,N
10449.jpg,J
1045.jpg,R
10450.jpg,O
10451.jpg,U
10452.jpg,B
10453.jpg,space
10454.jpg,Q
10455.jpg,R
10456.jpg,C
10457.jpg,M
10458.jpg,M
10459.jpg,M
1046.jpg,X
10460.jpg,V
10461.jpg,I
10462.jpg,N
10463.jpg,Z
10464.jpg,R
10465.jpg,M
10466.jpg,J
10467.jpg,Z
10468.jpg,Y
10469.jpg,D
1047.jpg,Q
10470.jpg,del
10471.jpg,E
10472.jpg,N
10473.jpg,N
10474.jpg,S
10475.jpg,N
10476.jpg,R
10477.jpg,U
10478.jpg,M
10479.jpg,B
1048.jpg,C
10480.jpg,U
10481.jpg,S
10482.jpg,H
10483.jpg,H
10484.jpg,M
10485.jpg,H
10486.jpg,U
10487.jpg,B
10488.jpg,U
10489.jpg,U
1049.jpg,del
10490.jpg,C
10491.jpg,X
10492.jpg,F
10493.jpg,O
10494.jpg,J
10495.jpg,B
10496.jpg,J
10497.jpg,Y
10498.jpg,N
10499.jpg,B
105.jpg,J
1050.jpg,W
10500.jpg,U
10501.jpg,R
10502.jpg,P
10503.jpg,I
10504.jpg,P
10505.jpg,V
10506.jpg,N
10507.jpg,O
10508.jpg,Y
10509.jpg,P
1051.jpg,Z
10510.jpg,Y
10511.jpg,Q
10512.jpg,B
10513.jpg,V
10514.jpg,H
10515.jpg,L
10516.jpg,del
10517.jpg,O
10518.jpg,K
10519.jpg,W
1052.jpg,N
10520.jpg,S
10521.jpg,R
10522.jpg,P
10523.jpg,C
10524.jpg,E
10525.jpg,Q
10526.jpg,M
10527.jpg,Y
10528.jpg,M
10529.jpg,F
1053.jpg,N
10530.jpg,J
10531.jpg,O
10532.jpg,H
10533.jpg,X
10534.jpg,M
10535.jpg,R
10536.jpg,I
10537.jpg,N
10538.jpg,O
10539.jpg,H
1054.jpg,K
10540.jpg,W
10541.jpg,N
10542.jpg,P
10543.jpg,H
10544.jpg,B
10545.jpg,M
10546.jpg,H
10547.jpg,M
10548.jpg,U
10549.jpg,J
1055.jpg,M
10550.jpg,C
10551.jpg,J
10552.jpg,B
10553.jpg,P
10554.jpg,H
10555.jpg,B
10556.jpg,P
10557.jpg,P
10558.jpg,M
10559.jpg,M
1056.jpg,X
10560.jpg,P
10561.jpg,nothing
10562.jpg,C
10563.jpg,C
10564.jpg,J
10565.jpg,Z
10566.jpg,Y
10567.jpg,N
10568.jpg,H
10569.jpg,N
1057.jpg,H
10570.jpg,E
10571.jpg,del
10572.jpg,B
10573.jpg,P
10574.jpg,Q
10575.jpg,W
10576.jpg,O
10577.jpg,M
10578.jpg,P
10579.jpg,B
1058.jpg,R
10580.jpg,P
10581.jpg,P
10582.jpg,O
10583.jpg,L
10584.jpg,J
10585.jpg,H
10586.jpg,E
10587.jpg,P
10588.jpg,C
10589.jpg,T
1059.jpg,X
10590.jpg,C
10591.jpg,Q
10592.jpg,P
10593.jpg,B
10594.jpg,E
10595.jpg,Q
10596.jpg,P
10597.jpg,J
10598.jpg,M
10599.jpg,T
106.jpg,W
1060.jpg,M
10600.jpg,U
10601.jpg,M
10602.jpg,I
10603.jpg,Q
10604.jpg,M
10605.jpg,J
10606.jpg,M
10607.jpg,T
10608.jpg,N
10609.jpg,Q
1061.jpg,U
10610.jpg,O
10611.jpg,Q
10612.jpg,N
10613.jpg,J
10614.jpg,C
10615.jpg,Q
10616.jpg,M
10617.jpg,W
10618.jpg,Y
10619.jpg,I
1062.jpg,P
10620.jpg,J
10621.jpg,Q
10622.jpg,Y
10623.jpg,Z
10624.jpg,A
10625.jpg,M
10626.jpg,M
10627.jpg,N
10628.jpg,V
10629.jpg,N
1063.jpg,R
10630.jpg,P
10631.jpg,R
10632.jpg,B
10633.jpg,S
10634.jpg,K
10635.jpg,M
10636.jpg,K
10637.jpg,S
10638.jpg,L
10639.jpg,R
1064.jpg,R
10640.jpg,W
10641.jpg,J
10642.jpg,C
10643.jpg,M
10644.jpg,T
10645.jpg,Y
10646.jpg,del
10647.jpg,N
10648.jpg,X
10649.jpg,U
1065.jpg,R
10650.jpg,P
10651.jpg,R
10652.jpg,P
10653.jpg,K
10654.jpg,J
10655.jpg,Y
10656.jpg,M
10657.jpg,R
10658.jpg,V
10659.jpg,R
1066.jpg,B
10660.jpg,Q
10661.jpg,M
10662.jpg,L
10663.jpg,X
10664.jpg,L
10665.jpg,J
10666.jpg,Q
10667.jpg,O
10668.jpg,I
10669.jpg,P
1067.jpg,M
10670.jpg,J
10671.jpg,T
10672.jpg,M
10673.jpg,S
10674.jpg,M
10675.jpg,S
10676.jpg,B
10677.jpg,U
10678.jpg,X
10679.jpg,J
1068.jpg,J
10680.jpg,W
10681.jpg,Q
10682.jpg,O
10683.jpg,P
10684.jpg,M
10685.jpg,L
10686.jpg,N
10687.jpg,space
10688.jpg,S
10689.jpg,J
1069.jpg,O
10690.jpg,M
10691.jpg,N
10692.jpg,O
10693.jpg,M
10694.jpg,W
10695.jpg,O
10696.jpg,L
10697.jpg,U
10698.jpg,B
10699.jpg,N
107.jpg,R
1070.jpg,X
10700.jpg,U
10701.jpg,X
10702.jpg,H
10703.jpg,M
10704.jpg,L
10705.jpg,N
10706.jpg,K
10707.jpg,S
10708.jpg,I
10709.jpg,P
1071.jpg,M
10710.jpg,W
10711.jpg,W
10712.jpg,H
10713.jpg,X
10714.jpg,P
10715.jpg,I
10716.jpg,L
10717.jpg,X
10718.jpg,S
10719.jpg,I
1072.jpg,N
10720.jpg,S
10721.jpg,W
10722.jpg,Q
10723.jpg,X
10724.jpg,Q
10725.jpg,M
10726.jpg,del
10727.jpg,S
10728.jpg,K
10729.jpg,F
1073.jpg,K
10730.jpg,H
10731.jpg,C
10732.jpg,B
10733.jpg,R
10734.jpg,R
10735.jpg,Y
10736.jpg,P
10737.jpg,O
10738.jpg,R
10739.jpg,R
1074.jpg,R
10740.jpg,A
10741.jpg,K
10742.jpg,H
10743.jpg,J
10744.jpg,E
10745.jpg,N
10746.jpg,O
10747.jpg,R
10748.jpg,K
10749.jpg,H
1075.jpg,del
10750.jpg,X
10751.jpg,K
10752.jpg,Y
10753.jpg,L
10754.jpg,E
10755.jpg,N
10756.jpg,X
10757.jpg,S
10758.jpg,J
10759.jpg,W
1076.jpg,U
10760.jpg,B
10761.jpg,N
10762.jpg,N
10763.jpg,A
10764.jpg,W
10765.jpg,R
10766.jpg,I
10767.jpg,Y
10768.jpg,P
10769.jpg,U
1077.jpg,W
10770.jpg,Y
10771.jpg,M
10772.jpg,U
10773.jpg,J
10774.jpg,U
10775.jpg,A
10776.jpg,X
10777.jpg,M
10778.jpg,J
10779.jpg,Q
1078.jpg,P
10780.jpg,D
10781.jpg,R
10782.jpg,S
10783.jpg,U
10784.jpg,E
10785.jpg,V
10786.jpg,M
10787.jpg,N
10788.jpg,M
10789.jpg,B
1079.jpg,H
10790.jpg,M
10791.jpg,P
10792.jpg,M
10793.jpg,S
10794.jpg,Q
10795.jpg,M
10796.jpg,D
10797.jpg,I
10798.jpg,I
10799.jpg,space
108.jpg,B
1080.jpg,W
10800.jpg,N
10801.jpg,J
10802.jpg,H
10803.jpg,K
10804.jpg,Q
10805.jpg,E
10806.jpg,Y
10807.jpg,K
10808.jpg,V
10809.jpg,M
1081.jpg,M
10810.jpg,D
10811.jpg,N
10812.jpg,B
10813.jpg,Y
10814.jpg,M
10815.jpg,A
10816.jpg,U
10817.jpg,C
10818.jpg,M
10819.jpg,K
1082.jpg,B
10820.jpg,V
10821.jpg,M
10822.jpg,C
10823.jpg,R
10824.jpg,S
10825.jpg,P
10826.jpg,P
10827.jpg,I
10828.jpg,P
10829.jpg,H
1083.jpg,N
10830.jpg,P
10831.jpg,del
10832.jpg,B
10833.jpg,N
10834.jpg,M
10835.jpg,V
10836.jpg,P
10837.jpg,Y
10838.jpg,W
10839.jpg,M
1084.jpg,A
10840.jpg,L
10841.jpg,W
10842.jpg,R
10843.jpg,M
10844.jpg,W
10845.jpg,E
10846.jpg,del
10847.jpg,X
10848.jpg,E
10849.jpg,L
1085.jpg,A
10850.jpg,M
10851.jpg,U
10852.jpg,H
10853.jpg,W
10854.jpg,R
10855.jpg,O
10856.jpg,O
10857.jpg,N
10858.jpg,Y
10859.jpg,N
1086.jpg,Y
10860.jpg,W
10861.jpg,N
10862.jpg,H
10863.jpg,H
10864.jpg,J
10865.jpg,J
10866.jpg,M
10867.jpg,del
10868.jpg,Y
10869.jpg,U
1087.jpg,H
10870.jpg,R
10871.jpg,L
10872.jpg,J
10873.jpg,X
10874.jpg,J
10875.jpg,M
10876.jpg,Q
10877.jpg,R
10878.jpg,I
10879.jpg,R
1088.jpg,V
10880.jpg,X
10881.jpg,T
10882.jpg,M
10883.jpg,J
10884.jpg,S
10885.jpg,M
10886.jpg,space
10887.jpg,N
10888.jpg,E
10889.jpg,W
1089.jpg,P
10890.jpg,Q
10891.jpg,K
10892.jpg,N
10893.jpg,M
10894.jpg,P
10895.jpg,U
10896.jpg,N
10897.jpg,L
10898.jpg,O
10899.jpg,C
109.jpg,O
1090.jpg,M
10900.jpg,X
10901.jpg,W
10902.jpg,L
10903.jpg,N
10904.jpg,F
10905.jpg,del
10906.jpg,I
10907.jpg,L
10908.jpg,O
10909.jpg,V
1091.jpg,A
10910.jpg,L
10911.jpg,M
10912.jpg,O
10913.jpg,H
10914.jpg,P
10915.jpg,X
10916.jpg,J
10917.jpg,E
10918.jpg,P
10919.jpg,M
1092.jpg,C
10920.jpg,M
10921.jpg,J
10922.jpg,S
10923.jpg,R
10924.jpg,J
10925.jpg,S
10926.jpg,M
10927.jpg,V
10928.jpg,M
10929.jpg,X
1093.jpg,E
10930.jpg,E
10931.jpg,C
10932.jpg,P
10933.jpg,Y
10934.jpg,O
10935.jpg,J
10936.jpg,A
10937.jpg,C
10938.jpg,U
10939.jpg,M
1094.jpg,U
10940.jpg,V
10941.jpg,B
10942.jpg,N
10943.jpg,Y
10944.jpg,Y
10945.jpg,M
10946.jpg,Q
10947.jpg,B
10948.jpg,X
10949.jpg,N
1095.jpg,H
10950.jpg,A
10951.jpg,X
10952.jpg,V
10953.jpg,L
10954.jpg,V
10955.jpg,B
10956.jpg,M
10957.jpg,Y
10958.jpg,M
10959.jpg,Y
1096.jpg,Q
10960.jpg,J
10961.jpg,M
10962.jpg,J
10963.jpg,Y
10964.jpg,J
10965.jpg,L
10966.jpg,B
10967.jpg,N
10968.jpg,N
10969.jpg,T
1097.jpg,N
10970.jpg,B
10971.jpg,M
10972.jpg,C
10973.jpg,I
10974.jpg,R
10975.jpg,I
10976.jpg,N
10977.jpg,O
10978.jpg,space
10979.jpg,Y
1098.jpg,R
10980.jpg,S
10981.jpg,Y
10982.jpg,E
10983.jpg,O
10984.jpg,M
10985.jpg,M
10986.jpg,O
10987.jpg,B
10988.jpg,Q
10989.jpg,X
1099.jpg,I
10990.jpg,M
10991.jpg,O
10992.jpg,S
10993.jpg,O
10994.jpg,D
10995.jpg,A
10996.jpg,S
10997.jpg,Y
10998.jpg,H
10999.jpg,M
11.jpg,J
110.jpg,Q
1100.jpg,M
11000.jpg,Q
11001.jpg,B
11002.jpg,B
11003.jpg,R
11004.jpg,O
11005.jpg,Z
11006.jpg,R
11007.jpg,S
11008.jpg,J
11009.jpg,A
1101.jpg,R
11010.jpg,P
11011.jpg,P
11012.jpg,A
11013.jpg,M
11014.jpg,X
11015.jpg,W
11016.jpg,P
11017.jpg,M
11018.jpg,B
11019.jpg,M
1102.jpg,S
11020.jpg,E
11021.jpg,H
11022.jpg,M
11023.jpg,M
11024.jpg,I
11025.jpg,R
11026.jpg,M
11027.jpg,M
11028.jpg,U
11029.jpg,M
1103.jpg,B
11030.jpg,O
11031.jpg,B
11032.jpg,R
11033.jpg,P
11034.jpg,U
11035.jpg,L
11036.jpg,E
11037.jpg,M
11038.jpg,W
11039.jpg,B
1104.jpg,M
11040.jpg,L
11041.jpg,N
11042.jpg,C
11043.jpg,O
11044.jpg,M
11045.jpg,M
11046.jpg,N
11047.jpg,H
11048.jpg,O
11049.jpg,H
1105.jpg,del
11050.jpg,Y
11051.jpg,W
11052.jpg,O
11053.jpg,W
11054.jpg,I
11055.jpg,K
11056.jpg,E
11057.jpg,O
11058.jpg,J
11059.jpg,S
1106.jpg,R
11060.jpg,V
11061.jpg,U
11062.jpg,G
11063.jpg,B
11064.jpg,E
11065.jpg,B
11066.jpg,H
11067.jpg,L
11068.jpg,U
11069.jpg,Y
1107.jpg,M
11070.jpg,N
11071.jpg,V
11072.jpg,O
11073.jpg,N
11074.jpg,M
11075.jpg,X
11076.jpg,S
11077.jpg,J
11078.jpg,N
11079.jpg,V
1108.jpg,P
11080.jpg,R
11081.jpg,M
11082.jpg,C
11083.jpg,V
11084.jpg,E
11085.jpg,G
11086.jpg,J
11087.jpg,U
11088.jpg,B
11089.jpg,P
1109.jpg,Y
11090.jpg,N
11091.jpg,Q
11092.jpg,J
11093.jpg,K
11094.jpg,O
11095.jpg,Z
11096.jpg,Q
11097.jpg,C
11098.jpg,J
11099.jpg,S
111.jpg,J
1110.jpg,N
11100.jpg,V
11101.jpg,X
11102.jpg,P
11103.jpg,V
11104.jpg,M
11105.jpg,N
11106.jpg,X
11107.jpg,Q
11108.jpg,P
11109.jpg,M
1111.jpg,P
11110.jpg,S
11111.jpg,W
11112.jpg,K
11113.jpg,H
11114.jpg,E
11115.jpg,N
11116.jpg,P
11117.jpg,O
11118.jpg,Y
11119.jpg,M
1112.jpg,H
11120.jpg,U
11121.jpg,I
11122.jpg,M
11123.jpg,W
11124.jpg,H
11125.jpg,W
11126.jpg,E
11127.jpg,M
11128.jpg,R
11129.jpg,P
1113.jpg,M
11130.jpg,J
11131.jpg,P
11132.jpg,U
11133.jpg,W
11134.jpg,E
11135.jpg,K
11136.jpg,A
11137.jpg,T
11138.jpg,J
11139.jpg,U
1114.jpg,W
11140.jpg,del
11141.jpg,I
11142.jpg,C
11143.jpg,D
11144.jpg,P
11145.jpg,I
11146.jpg,M
11147.jpg,C
11148.jpg,N
11149.jpg,N
1115.jpg,P
11150.jpg,S
11151.jpg,H
11152.jpg,P
11153.jpg,U
11154.jpg,S
11155.jpg,N
11156.jpg,M
11157.jpg,U
11158.jpg,W
11159.jpg,M
1116.jpg,B
11160.jpg,N
11161.jpg,O
11162.jpg,W
11163.jpg,U
11164.jpg,P
11165.jpg,Y
11166.jpg,P
11167.jpg,U
11168.jpg,P
11169.jpg,S
1117.jpg,U
11170.jpg,Y
11171.jpg,P
11172.jpg,M
11173.jpg,O
11174.jpg,B
11175.jpg,T
11176.jpg,L
11177.jpg,Q
11178.jpg,W
11179.jpg,M
1118.jpg,U
11180.jpg,L
11181.jpg,J
11182.jpg,Q
11183.jpg,R
11184.jpg,B
11185.jpg,M
11186.jpg,W
11187.jpg,P
11188.jpg,E
11189.jpg,space
1119.jpg,P
11190.jpg,V
11191.jpg,R
11192.jpg,M
11193.jpg,U
11194.jpg,del
11195.jpg,M
11196.jpg,P
11197.jpg,M
11198.jpg,K
11199.jpg,Y
112.jpg,J
1120.jpg,M
11200.jpg,Y
11201.jpg,B
11202.jpg,P
11203.jpg,M
11204.jpg,O
11205.jpg,L
11206.jpg,H
11207.jpg,Q
11208.jpg,V
11209.jpg,V
1121.jpg,O
11210.jpg,C
11211.jpg,S
11212.jpg,U
11213.jpg,L
11214.jpg,M
11215.jpg,N
11216.jpg,O
11217.jpg,M
11218.jpg,H
11219.jpg,M
1122.jpg,L
11220.jpg,space
11221.jpg,C
11222.jpg,O
11223.jpg,V
11224.jpg,N
11225.jpg,J
11226.jpg,K
11227.jpg,P
11228.jpg,M
11229.jpg,P
1123.jpg,U
11230.jpg,B
11231.jpg,space
11232.jpg,B
11233.jpg,Y
11234.jpg,X
11235.jpg,K
11236.jpg,Q
11237.jpg,L
11238.jpg,I
11239.jpg,P
1124.jpg,O
11240.jpg,R
11241.jpg,W
11242.jpg,X
11243.jpg,N
11244.jpg,F
11245.jpg,J
11246.jpg,M
11247.jpg,R
11248.jpg,N
11249.jpg,M
1125.jpg,R
11250.jpg,P
11251.jpg,R
11252.jpg,S
11253.jpg,M
11254.jpg,Q
11255.jpg,J
11256.jpg,R
11257.jpg,W
11258.jpg,M
11259.jpg,N
1126.jpg,J
11260.jpg,M
11261.jpg,H
11262.jpg,S
11263.jpg,H
11264.jpg,M
11265.jpg,K
11266.jpg,W
11267.jpg,K
11268.jpg,M
11269.jpg,J
1127.jpg,J
11270.jpg,V
11271.jpg,O
11272.jpg,W
11273.jpg,E
11274.jpg,L
11275.jpg,X
11276.jpg,O
11277.jpg,O
11278.jpg,V
11279.jpg,I
1128.jpg,S
11280.jpg,S
11281.jpg,C
11282.jpg,I
11283.jpg,B
11284.jpg,N
11285.jpg,M
11286.jpg,K
11287.jpg,X
11288.jpg,M
11289.jpg,P
1129.jpg,M
11290.jpg,J
11291.jpg,K
11292.jpg,X
11293.jpg,H
11294.jpg,G
11295.jpg,U
11296.jpg,S
11297.jpg,V
11298.jpg,M
11299.jpg,P
113.jpg,M
1130.jpg,B
11300.jpg,M
11301.jpg,N
11302.jpg,C
11303.jpg,J
11304.jpg,R
11305.jpg,P
11306.jpg,K
11307.jpg,M
11308.jpg,N
11309.jpg,J
1131.jpg,W
11310.jpg,L
11311.jpg,Z
11312.jpg,space
11313.jpg,C
11314.jpg,N
11315.jpg,X
11316.jpg,U
11317.jpg,M
11318.jpg,M
11319.jpg,M
1132.jpg,X
11320.jpg,S
11321.jpg,R
11322.jpg,B
11323.jpg,I
11324.jpg,R
11325.jpg,M
11326.jpg,Z
11327.jpg,M
11328.jpg,M
11329.jpg,M
1133.jpg,M
11330.jpg,H
11331.jpg,H
11332.jpg,P
11333.jpg,V
11334.jpg,N
11335.jpg,C
11336.jpg,J
11337.jpg,G
11338.jpg,U
11339.jpg,U
1134.jpg,B
11340.jpg,W
11341.jpg,X
11342.jpg,J
11343.jpg,Q
11344.jpg,L
11345.jpg,H
11346.jpg,W
11347.jpg,C
11348.jpg,H
11349.jpg,N
1135.jpg,N
11350.jpg,B
11351.jpg,Y
11352.jpg,V
11353.jpg,O
11354.jpg,N
11355.jpg,H
11356.jpg,P
11357.jpg,L
11358.jpg,P
11359.jpg,M
1136.jpg,P
11360.jpg,M
11361.jpg,R
11362.jpg,A
11363.jpg,B
11364.jpg,N
11365.jpg,M
11366.jpg,D
11367.jpg,Z
11368.jpg,S
11369.jpg,E
1137.jpg,F
11370.jpg,V
11371.jpg,M
11372.jpg,P
11373.jpg,S
11374.jpg,Q
11375.jpg,L
11376.jpg,R
11377.jpg,N
11378.jpg,S
11379.jpg,S
1138.jpg,F
11380.jpg,O
11381.jpg,J
11382.jpg,W
11383.jpg,M
11384.jpg,W
11385.jpg,U
11386.jpg,Y
11387.jpg,I
11388.jpg,B
11389.jpg,N
1139.jpg,P
11390.jpg,K
11391.jpg,K
11392.jpg,Q
11393.jpg,space
11394.jpg,O
11395.jpg,V
11396.jpg,B
11397.jpg,X
11398.jpg,O
11399.jpg,R
114.jpg,U
1140.jpg,R
11400.jpg,B
11401.jpg,space
11402.jpg,A
11403.jpg,L
11404.jpg,V
11405.jpg,B
11406.jpg,M
11407.jpg,R
11408.jpg,B
11409.jpg,X
1141.jpg,Q
11410.jpg,M
11411.jpg,C
11412.jpg,T
11413.jpg,S
11414.jpg,L
11415.jpg,H
11416.jpg,N
11417.jpg,P
11418.jpg,space
11419.jpg,M
1142.jpg,W
11420.jpg,K
11421.jpg,U
11422.jpg,P
11423.jpg,M
11424.jpg,R
11425.jpg,P
11426.jpg,N
11427.jpg,W
11428.jpg,E
11429.jpg,V
1143.jpg,V
11430.jpg,N
11431.jpg,N
11432.jpg,K
11433.jpg,M
11434.jpg,R
11435.jpg,W
11436.jpg,Y
11437.jpg,P
11438.jpg,U
11439.jpg,V
1144.jpg,O
11440.jpg,I
11441.jpg,N
11442.jpg,B
11443.jpg,I
11444.jpg,P
11445.jpg,S
11446.jpg,N
11447.jpg,H
11448.jpg,N
11449.jpg,S
1145.jpg,M
11450.jpg,K
11451.jpg,V
11452.jpg,O
11453.jpg,R
11454.jpg,U
11455.jpg,D
11456.jpg,N
11457.jpg,M
11458.jpg,H
11459.jpg,C
1146.jpg,M
11460.jpg,L
11461.jpg,L
11462.jpg,K
11463.jpg,H
11464.jpg,R
11465.jpg,W
11466.jpg,P
11467.jpg,Y
11468.jpg,J
11469.jpg,I
1147.jpg,O
11470.jpg,M
11471.jpg,O
11472.jpg,I
11473.jpg,B
11474.jpg,N
11475.jpg,M
11476.jpg,O
11477.jpg,A
11478.jpg,L
11479.jpg,K
1148.jpg,Y
11480.jpg,U
11481.jpg,U
11482.jpg,B
11483.jpg,U
11484.jpg,M
11485.jpg,O
11486.jpg,B
11487.jpg,M
11488.jpg,Y
11489.jpg,X
1149.jpg,N
11490.jpg,E
11491.jpg,I
11492.jpg,I
11493.jpg,M
11494.jpg,R
11495.jpg,L
11496.jpg,N
11497.jpg,N
11498.jpg,R
11499.jpg,T
115.jpg,N
1150.jpg,N
11500.jpg,Z
11501.jpg,H
11502.jpg,G
11503.jpg,H
11504.jpg,P
11505.jpg,T
11506.jpg,B
11507.jpg,W
11508.jpg,B
11509.jpg,E
1151.jpg,O
11510.jpg,U
11511.jpg,P
11512.jpg,L
11513.jpg,W
11514.jpg,V
11515.jpg,X
11516.jpg,M
11517.jpg,B
11518.jpg,W
11519.jpg,M
1152.jpg,S
11520.jpg,O
11521.jpg,U
11522.jpg,X
11523.jpg,U
11524.jpg,L
11525.jpg,space
11526.jpg,B
11527.jpg,H
11528.jpg,B
11529.jpg,E
1153.jpg,M
11530.jpg,E
11531.jpg,M
11532.jpg,A
11533.jpg,H
11534.jpg,M
11535.jpg,K
11536.jpg,X
11537.jpg,H
11538.jpg,L
11539.jpg,M
1154.jpg,H
11540.jpg,N
11541.jpg,M
11542.jpg,E
11543.jpg,T
11544.jpg,I
11545.jpg,A
11546.jpg,Q
11547.jpg,M
11548.jpg,H
11549.jpg,U
1155.jpg,L
11550.jpg,M
11551.jpg,B
11552.jpg,N
11553.jpg,O
11554.jpg,U
11555.jpg,O
11556.jpg,O
11557.jpg,M
11558.jpg,X
11559.jpg,M
1156.jpg,K
11560.jpg,V
11561.jpg,U
11562.jpg,P
11563.jpg,H
11564.jpg,R
11565.jpg,nothing
11566.jpg,A
11567.jpg,N
11568.jpg,O
11569.jpg,U
1157.jpg,R
11570.jpg,Q
11571.jpg,N
11572.jpg,K
11573.jpg,O
11574.jpg,M
11575.jpg,M
11576.jpg,Q
11577.jpg,A
11578.jpg,K
11579.jpg,I
1158.jpg,W
11580.jpg,H
11581.jpg,M
11582.jpg,C
11583.jpg,H
11584.jpg,M
11585.jpg,M
11586.jpg,P
11587.jpg,D
11588.jpg,W
11589.jpg,B
1159.jpg,L
11590.jpg,O
11591.jpg,U
11592.jpg,K
11593.jpg,M
11594.jpg,Q
11595.jpg,M
11596.jpg,J
11597.jpg,N
11598.jpg,O
11599.jpg,U
116.jpg,K
1160.jpg,Y
11600.jpg,O
11601.jpg,H
11602.jpg,Z
11603.jpg,N
11604.jpg,W
11605.jpg,M
11606.jpg,Y
11607.jpg,Y
11608.jpg,M
11609.jpg,P
1161.jpg,V
11610.jpg,Y
11611.jpg,U
11612.jpg,B
11613.jpg,W
11614.jpg,G
11615.jpg,B
11616.jpg,Z
11617.jpg,A
11618.jpg,E
11619.jpg,K
1162.jpg,M
11620.jpg,V
11621.jpg,R
11622.jpg,J
11623.jpg,R
11624.jpg,J
11625.jpg,U
11626.jpg,O
11627.jpg,K
11628.jpg,N
11629.jpg,M
1163.jpg,U
11630.jpg,R
11631.jpg,A
11632.jpg,W
11633.jpg,R
11634.jpg,N
11635.jpg,Q
11636.jpg,I
11637.jpg,R
11638.jpg,W
11639.jpg,B
1164.jpg,J
11640.jpg,Z
11641.jpg,J
11642.jpg,P
11643.jpg,N
11644.jpg,V
11645.jpg,U
11646.jpg,N
11647.jpg,W
11648.jpg,H
11649.jpg,S
1165.jpg,M
11650.jpg,F
11651.jpg,M
11652.jpg,O
11653.jpg,J
11654.jpg,R
11655.jpg,M
11656.jpg,U
11657.jpg,W
11658.jpg,M
11659.jpg,M
1166.jpg,N
11660.jpg,B
11661.jpg,N
11662.jpg,X
11663.jpg,U
11664.jpg,C
11665.jpg,V
11666.jpg,M
11667.jpg,P
11668.jpg,H
11669.jpg,S
1167.jpg,W
11670.jpg,C
11671.jpg,U
11672.jpg,W
11673.jpg,O
11674.jpg,N
11675.jpg,B
11676.jpg,J
11677.jpg,X
11678.jpg,A
11679.jpg,Z
1168.jpg,N
11680.jpg,R
11681.jpg,P
11682.jpg,B
11683.jpg,M
11684.jpg,P
11685.jpg,U
11686.jpg,O
11687.jpg,Q
11688.jpg,H
11689.jpg,O
1169.jpg,C
11690.jpg,P
11691.jpg,U
11692.jpg,O
11693.jpg,C
11694.jpg,X
11695.jpg,P
11696.jpg,N
11697.jpg,N
11698.jpg,N
11699.jpg,O
117.jpg,U
1170.jpg,R
11700.jpg,U
11701.jpg,W
11702.jpg,S
11703.jpg,M
11704.jpg,I
11705.jpg,S
11706.jpg,J
11707.jpg,B
11708.jpg,J
11709.jpg,S
1171.jpg,R
11710.jpg,Q
11711.jpg,B
11712.jpg,X
11713.jpg,U
11714.jpg,O
11715.jpg,R
11716.jpg,B
11717.jpg,C
11718.jpg,M
11719.jpg,N
1172.jpg,S
11720.jpg,B
11721.jpg,N
11722.jpg,R
11723.jpg,K
11724.jpg,W
11725.jpg,S
11726.jpg,L
11727.jpg,K
11728.jpg,L
11729.jpg,M
1173.jpg,R
11730.jpg,J
11731.jpg,P
11732.jpg,N
11733.jpg,S
11734.jpg,N
11735.jpg,P
11736.jpg,M
11737.jpg,J
11738.jpg,B
11739.jpg,Z
1174.jpg,A
11740.jpg,E
11741.jpg,O
11742.jpg,N
11743.jpg,M
11744.jpg,O
11745.jpg,P
11746.jpg,Y
11747.jpg,V
11748.jpg,S
11749.jpg,N
1175.jpg,N
11750.jpg,I
11751.jpg,Y
11752.jpg,N
11753.jpg,U
11754.jpg,Y
11755.jpg,M
11756.jpg,Z
11757.jpg,R
11758.jpg,E
11759.jpg,R
1176.jpg,W
11760.jpg,O
11761.jpg,M
11762.jpg,H
11763.jpg,N
11764.jpg,P
11765.jpg,M
11766.jpg,K
11767.jpg,I
11768.jpg,I
11769.jpg,W
1177.jpg,P
11770.jpg,P
11771.jpg,J
11772.jpg,M
11773.jpg,M
11774.jpg,N
11775.jpg,K
11776.jpg,B
11777.jpg,O
11778.jpg,E
11779.jpg,M
1178.jpg,R
11780.jpg,M
11781.jpg,O
11782.jpg,O
11783.jpg,M
11784.jpg,P
11785.jpg,J
11786.jpg,K
11787.jpg,I
11788.jpg,O
11789.jpg,M
1179.jpg,M
11790.jpg,R
11791.jpg,S
11792.jpg,W
11793.jpg,I
11794.jpg,M
11795.jpg,L
11796.jpg,Y
11797.jpg,N
11798.jpg,space
11799.jpg,W
118.jpg,X
1180.jpg,G
11800.jpg,G
11801.jpg,D
11802.jpg,M
11803.jpg,J
11804.jpg,H
11805.jpg,L
11806.jpg,J
11807.jpg,Y
11808.jpg,X
11809.jpg,Z
1181.jpg,M
11810.jpg,J
11811.jpg,W
11812.jpg,C
11813.jpg,K
11814.jpg,Q
11815.jpg,N
11816.jpg,M
11817.jpg,R
11818.jpg,N
11819.jpg,D
1182.jpg,U
11820.jpg,M
11821.jpg,V
11822.jpg,G
11823.jpg,V
11824.jpg,W
11825.jpg,N
11826.jpg,W
11827.jpg,J
11828.jpg,N
11829.jpg,J
1183.jpg,J
11830.jpg,W
11831.jpg,U
11832.jpg,F
11833.jpg,Q
11834.jpg,H
11835.jpg,X
11836.jpg,J
11837.jpg,V
11838.jpg,M
11839.jpg,M
1184.jpg,O
11840.jpg,R
11841.jpg,Q
11842.jpg,B
11843.jpg,N
11844.jpg,J
11845.jpg,M
11846.jpg,V
11847.jpg,Q
11848.jpg,M
11849.jpg,Q
1185.jpg,E
11850.jpg,I
11851.jpg,M
11852.jpg,P
11853.jpg,V
11854.jpg,K
11855.jpg,X
11856.jpg,M
11857.jpg,J
11858.jpg,S
11859.jpg,V
1186.jpg,C
11860.jpg,U
11861.jpg,A
11862.jpg,P
11863.jpg,Y
11864.jpg,M
11865.jpg,K
11866.jpg,N
11867.jpg,R
11868.jpg,N
11869.jpg,W
1187.jpg,L
11870.jpg,P
11871.jpg,L
11872.jpg,P
11873.jpg,K
11874.jpg,N
11875.jpg,M
11876.jpg,H
11877.jpg,Y
11878.jpg,U
11879.jpg,U
1188.jpg,L
11880.jpg,O
11881.jpg,Y
11882.jpg,E
11883.jpg,H
11884.jpg,W
11885.jpg,J
11886.jpg,V
11887.jpg,M
11888.jpg,I
11889.jpg,Q
1189.jpg,R
11890.jpg,Y
11891.jpg,J
11892.jpg,I
11893.jpg,A
11894.jpg,J
11895.jpg,I
11896.jpg,N
11897.jpg,M
11898.jpg,R
11899.jpg,M
119.jpg,B
1190.jpg,E
11900.jpg,K
11901.jpg,O
11902.jpg,Q
11903.jpg,X
11904.jpg,R
11905.jpg,M
11906.jpg,H
11907.jpg,B
11908.jpg,J
11909.jpg,Y
1191.jpg,T
11910.jpg,R
11911.jpg,J
11912.jpg,R
11913.jpg,I
11914.jpg,M
11915.jpg,C
11916.jpg,M
11917.jpg,N
11918.jpg,J
11919.jpg,J
1192.jpg,A
11920.jpg,X
11921.jpg,G
11922.jpg,M
11923.jpg,Y
11924.jpg,H
11925.jpg,H
11926.jpg,E
11927.jpg,J
11928.jpg,L
11929.jpg,M
1193.jpg,L
11930.jpg,U
11931.jpg,R
11932.jpg,V
11933.jpg,P
11934.jpg,U
11935.jpg,F
11936.jpg,Y
11937.jpg,U
11938.jpg,B
11939.jpg,M
1194.jpg,G
11940.jpg,U
11941.jpg,R
11942.jpg,J
11943.jpg,L
11944.jpg,H
11945.jpg,J
11946.jpg,M
11947.jpg,W
11948.jpg,C
11949.jpg,Z
1195.jpg,O
11950.jpg,R
11951.jpg,L
11952.jpg,C
11953.jpg,N
11954.jpg,Y
11955.jpg,C
11956.jpg,D
11957.jpg,M
11958.jpg,V
11959.jpg,H
1196.jpg,Q
11960.jpg,N
11961.jpg,I
11962.jpg,B
11963.jpg,M
11964.jpg,V
11965.jpg,K
11966.jpg,W
11967.jpg,Y
11968.jpg,H
11969.jpg,X
1197.jpg,W
11970.jpg,N
11971.jpg,R
11972.jpg,A
11973.jpg,M
11974.jpg,J
11975.jpg,Y
11976.jpg,E
11977.jpg,O
11978.jpg,M
11979.jpg,H
1198.jpg,J
11980.jpg,U
11981.jpg,N
11982.jpg,L
11983.jpg,W
11984.jpg,L
11985.jpg,B
11986.jpg,R
11987.jpg,V
11988.jpg,N
11989.jpg,M
1199.jpg,M
11990.jpg,K
11991.jpg,M
11992.jpg,U
11993.jpg,M
11994.jpg,M
11995.jpg,M
11996.jpg,U
11997.jpg,Y
11998.jpg,J
11999.jpg,O
12.jpg,P
120.jpg,E
1200.jpg,U
12000.jpg,Y
12001.jpg,Y
12002.jpg,N
12003.jpg,O
12004.jpg,S
12005.jpg,Y
12006.jpg,M
12007.jpg,N
12008.jpg,K
12009.jpg,S
1201.jpg,C
12010.jpg,E
12011.jpg,V
12012.jpg,O
12013.jpg,J
12014.jpg,M
12015.jpg,P
12016.jpg,K
12017.jpg,D
12018.jpg,V
12019.jpg,F
1202.jpg,I
12020.jpg,M
12021.jpg,P
12022.jpg,N
12023.jpg,J
12024.jpg,H
12025.jpg,E
12026.jpg,J
12027.jpg,P
12028.jpg,U
12029.jpg,C
1203.jpg,V
12030.jpg,B
12031.jpg,H
12032.jpg,O
12033.jpg,M
12034.jpg,M
12035.jpg,J
12036.jpg,B
12037.jpg,A
12038.jpg,M
12039.jpg,V
1204.jpg,J
12040.jpg,P
12041.jpg,H
12042.jpg,U
12043.jpg,V
12044.jpg,M
12045.jpg,K
12046.jpg,E
12047.jpg,C
12048.jpg,W
12049.jpg,O
1205.jpg,B
12050.jpg,N
12051.jpg,P
12052.jpg,N
12053.jpg,O
12054.jpg,N
12055.jpg,K
12056.jpg,M
12057.jpg,P
12058.jpg,L
12059.jpg,S
1206.jpg,J
12060.jpg,R
12061.jpg,B
12062.jpg,M
12063.jpg,W
12064.jpg,J
12065.jpg,E
12066.jpg,Y
12067.jpg,A
12068.jpg,R
12069.jpg,M
1207.jpg,K
12070.jpg,M
12071.jpg,O
12072.jpg,P
12073.jpg,N
12074.jpg,Y
12075.jpg,L
12076.jpg,W
12077.jpg,U
12078.jpg,X
12079.jpg,R
1208.jpg,J
12080.jpg,R
12081.jpg,J
12082.jpg,B
12083.jpg,N
12084.jpg,W
12085.jpg,P
12086.jpg,H
12087.jpg,N
12088.jpg,H
12089.jpg,Q
1209.jpg,U
12090.jpg,O
12091.jpg,A
12092.jpg,U
12093.jpg,I
12094.jpg,I
12095.jpg,I
12096.jpg,O
12097.jpg,N
12098.jpg,X
12099.jpg,H
121.jpg,G
1210.jpg,B
12100.jpg,D
12101.jpg,R
12102.jpg,B
12103.jpg,M
12104.jpg,M
12105.jpg,Y
12106.jpg,P
12107.jpg,J
12108.jpg,N
12109.jpg,X
1211.jpg,K
12110.jpg,W
12111.jpg,N
12112.jpg,P
12113.jpg,N
12114.jpg,K
12115.jpg,E
12116.jpg,A
12117.jpg,M
12118.jpg,R
12119.jpg,H
1212.jpg,space
12120.jpg,U
12121.jpg,J
12122.jpg,O
12123.jpg,X
12124.jpg,O
12125.jpg,L
12126.jpg,U
12127.jpg,M
12128.jpg,U
12129.jpg,E
1213.jpg,H
12130.jpg,J
12131.jpg,K
12132.jpg,O
12133.jpg,B
12134.jpg,Q
12135.jpg,H
12136.jpg,R
12137.jpg,X
12138.jpg,S
12139.jpg,N
1214.jpg,X
12140.jpg,O
12141.jpg,P
12142.jpg,C
12143.jpg,J
12144.jpg,B
12145.jpg,B
12146.jpg,W
12147.jpg,W
12148.jpg,W
12149.jpg,V
1215.jpg,O
12150.jpg,Y
12151.jpg,Q
12152.jpg,P
12153.jpg,T
12154.jpg,X
12155.jpg,A
12156.jpg,Z
12157.jpg,N
12158.jpg,N
12159.jpg,J
1216.jpg,R
12160.jpg,U
12161.jpg,Q
12162.jpg,Q
12163.jpg,H
12164.jpg,L
12165.jpg,F
12166.jpg,Y
12167.jpg,J
12168.jpg,C
12169.jpg,J
1217.jpg,O
12170.jpg,I
12171.jpg,K
12172.jpg,B
12173.jpg,M
12174.jpg,M
12175.jpg,S
12176.jpg,M
12177.jpg,I
12178.jpg,S
12179.jpg,B
1218.jpg,I
12180.jpg,R
12181.jpg,W
12182.jpg,E
12183.jpg,N
12184.jpg,R
12185.jpg,M
12186.jpg,S
12187.jpg,V
12188.jpg,W
12189.jpg,T
1219.jpg,Z
12190.jpg,U
12191.jpg,Q
12192.jpg,E
12193.jpg,K
12194.jpg,B
12195.jpg,N
12196.jpg,D
12197.jpg,P
12198.jpg,R
12199.jpg,U
122.jpg,D
1220.jpg,J
12200.jpg,B
12201.jpg,Q
12202.jpg,M
12203.jpg,R
12204.jpg,T
12205.jpg,S
12206.jpg,A
12207.jpg,R
12208.jpg,J
12209.jpg,N
1221.jpg,E
12210.jpg,K
12211.jpg,N
12212.jpg,P
12213.jpg,J
12214.jpg,I
12215.jpg,Q
12216.jpg,I
12217.jpg,N
12218.jpg,W
12219.jpg,M
1222.jpg,Q
12220.jpg,Y
12221.jpg,M
12222.jpg,H
12223.jpg,D
12224.jpg,O
12225.jpg,H
12226.jpg,I
12227.jpg,K
12228.jpg,B
12229.jpg,Z
1223.jpg,G
12230.jpg,T
12231.jpg,M
12232.jpg,J
12233.jpg,O
12234.jpg,M
12235.jpg,J
12236.jpg,J
12237.jpg,U
12238.jpg,P
12239.jpg,W
1224.jpg,M
12240.jpg,M
12241.jpg,M
12242.jpg,C
12243.jpg,P
12244.jpg,S
12245.jpg,W
12246.jpg,X
12247.jpg,A
12248.jpg,O
12249.jpg,W
1225.jpg,S
12250.jpg,M
12251.jpg,M
12252.jpg,M
12253.jpg,Q
12254.jpg,J
12255.jpg,Q
12256.jpg,L
12257.jpg,C
12258.jpg,Y
12259.jpg,O
1226.jpg,I
12260.jpg,R
12261.jpg,M
12262.jpg,M
12263.jpg,L
12264.jpg,W
12265.jpg,N
12266.jpg,A
12267.jpg,N
12268.jpg,A
12269.jpg,Q
1227.jpg,N
12270.jpg,A
12271.jpg,U
12272.jpg,H
12273.jpg,L
12274.jpg,G
12275.jpg,Z
12276.jpg,S
12277.jpg,X
12278.jpg,O
12279.jpg,X
1228.jpg,J
12280.jpg,D
12281.jpg,Y
12282.jpg,B
12283.jpg,O
12284.jpg,V
12285.jpg,R
12286.jpg,M
12287.jpg,Y
12288.jpg,S
12289.jpg,M
1229.jpg,S
12290.jpg,E
12291.jpg,space
12292.jpg,W
12293.jpg,A
12294.jpg,M
12295.jpg,V
12296.jpg,N
12297.jpg,P
12298.jpg,M
12299.jpg,E
123.jpg,U
1230.jpg,M
12300.jpg,M
12301.jpg,L
12302.jpg,space
12303.jpg,N
12304.jpg,W
12305.jpg,Y
12306.jpg,G
12307.jpg,B
12308.jpg,M
12309.jpg,U
1231.jpg,N
12310.jpg,Q
12311.jpg,J
12312.jpg,N
12313.jpg,P
12314.jpg,M
12315.jpg,L
12316.jpg,B
12317.jpg,X
12318.jpg,V
12319.jpg,S
1232.jpg,P
12320.jpg,L
12321.jpg,Z
12322.jpg,I
12323.jpg,M
12324.jpg,R
12325.jpg,S
12326.jpg,M
12327.jpg,C
12328.jpg,O
12329.jpg,R
1233.jpg,W
12330.jpg,I
12331.jpg,E
12332.jpg,W
12333.jpg,X
12334.jpg,M
12335.jpg,M
12336.jpg,N
12337.jpg,O
12338.jpg,O
12339.jpg,Y
1234.jpg,O
12340.jpg,K
12341.jpg,L
12342.jpg,U
12343.jpg,R
12344.jpg,Q
12345.jpg,O
12346.jpg,M
12347.jpg,del
12348.jpg,H
12349.jpg,space
1235.jpg,I
12350.jpg,I
12351.jpg,I
12352.jpg,Q
12353.jpg,S
12354.jpg,I
12355.jpg,Y
12356.jpg,K
12357.jpg,Q
12358.jpg,N
12359.jpg,N
1236.jpg,N
12360.jpg,Q
12361.jpg,L
12362.jpg,M
12363.jpg,H
12364.jpg,E
12365.jpg,P
12366.jpg,W
12367.jpg,C
12368.jpg,C
12369.jpg,B
1237.jpg,J
12370.jpg,S
12371.jpg,Q
12372.jpg,B
12373.jpg,K
12374.jpg,K
12375.jpg,V
12376.jpg,W
12377.jpg,U
12378.jpg,S
12379.jpg,A
1238.jpg,M
12380.jpg,J
12381.jpg,W
12382.jpg,W
12383.jpg,P
12384.jpg,D
12385.jpg,Z
12386.jpg,E
12387.jpg,H
12388.jpg,C
12389.jpg,M
1239.jpg,L
12390.jpg,K
12391.jpg,Y
12392.jpg,M
12393.jpg,J
12394.jpg,H
12395.jpg,P
12396.jpg,P
12397.jpg,S
12398.jpg,N
12399.jpg,O
124.jpg,P
1240.jpg,Q
12400.jpg,X
12401.jpg,R
12402.jpg,E
12403.jpg,H
12404.jpg,M
12405.jpg,X
12406.jpg,I
12407.jpg,V
12408.jpg,I
12409.jpg,R
1241.jpg,M
12410.jpg,K
12411.jpg,R
12412.jpg,U
12413.jpg,M
12414.jpg,S
12415.jpg,F
12416.jpg,J
12417.jpg,R
12418.jpg,H
12419.jpg,M
1242.jpg,M
12420.jpg,S
12421.jpg,M
12422.jpg,P
12423.jpg,R
12424.jpg,J
12425.jpg,N
12426.jpg,P
12427.jpg,P
12428.jpg,P
12429.jpg,R
1243.jpg,O
12430.jpg,E
12431.jpg,P
12432.jpg,Y
12433.jpg,P
12434.jpg,L
12435.jpg,E
12436.jpg,K
12437.jpg,R
12438.jpg,R
12439.jpg,M
1244.jpg,M
12440.jpg,V
12441.jpg,E
12442.jpg,U
12443.jpg,Q
12444.jpg,J
12445.jpg,U
12446.jpg,M
12447.jpg,A
12448.jpg,D
12449.jpg,U
1245.jpg,H
12450.jpg,O
12451.jpg,U
12452.jpg,X
12453.jpg,M
12454.jpg,K
12455.jpg,Q
12456.jpg,Y
12457.jpg,Q
12458.jpg,P
12459.jpg,M
1246.jpg,U
12460.jpg,A
12461.jpg,B
12462.jpg,M
12463.jpg,P
12464.jpg,X
12465.jpg,B
12466.jpg,M
12467.jpg,I
12468.jpg,W
12469.jpg,M
1247.jpg,E
12470.jpg,H
12471.jpg,V
12472.jpg,M
12473.jpg,C
12474.jpg,J
12475.jpg,A
12476.jpg,B
12477.jpg,N
12478.jpg,L
12479.jpg,M
1248.jpg,J
12480.jpg,space
12481.jpg,K
12482.jpg,Y
12483.jpg,I
12484.jpg,X
12485.jpg,U
12486.jpg,J
12487.jpg,O
12488.jpg,Y
12489.jpg,E
1249.jpg,W
12490.jpg,O
12491.jpg,L
12492.jpg,Z
12493.jpg,J
12494.jpg,B
12495.jpg,O
12496.jpg,E
12497.jpg,S
12498.jpg,M
12499.jpg,M
125.jpg,C
1250.jpg,Q
12500.jpg,Q
12501.jpg,R
12502.jpg,E
12503.jpg,M
12504.jpg,E
12505.jpg,P
12506.jpg,R
12507.jpg,M
12508.jpg,Q
12509.jpg,O
1251.jpg,B
12510.jpg,H
12511.jpg,M
12512.jpg,L
12513.jpg,M
12514.jpg,E
12515.jpg,R
12516.jpg,O
12517.jpg,R
12518.jpg,P
12519.jpg,H
1252.jpg,M
12520.jpg,Q
12521.jpg,B
12522.jpg,I
12523.jpg,B
12524.jpg,X
12525.jpg,A
12526.jpg,R
12527.jpg,Q
12528.jpg,Y
12529.jpg,B
1253.jpg,L
12530.jpg,Y
12531.jpg,N
12532.jpg,V
12533.jpg,N
12534.jpg,V
12535.jpg,K
12536.jpg,N
12537.jpg,O
12538.jpg,L
12539.jpg,X
1254.jpg,B
12540.jpg,M
12541.jpg,S
12542.jpg,B
12543.jpg,P
12544.jpg,P
12545.jpg,P
12546.jpg,O
12547.jpg,U
12548.jpg,Q
12549.jpg,N
1255.jpg,V
12550.jpg,P
12551.jpg,R
12552.jpg,M
12553.jpg,K
12554.jpg,N
12555.jpg,U
12556.jpg,U
12557.jpg,U
12558.jpg,Y
12559.jpg,O
1256.jpg,U
12560.jpg,W
12561.jpg,Q
12562.jpg,X
12563.jpg,N
12564.jpg,H
12565.jpg,N
12566.jpg,V
12567.jpg,Y
12568.jpg,N
12569.jpg,W
1257.jpg,Q
12570.jpg,H
12571.jpg,W
12572.jpg,del
12573.jpg,N
12574.jpg,U
12575.jpg,X
12576.jpg,B
12577.jpg,P
12578.jpg,Q
12579.jpg,J
1258.jpg,N
12580.jpg,M
12581.jpg,V
12582.jpg,M
12583.jpg,M
12584.jpg,U
12585.jpg,K
12586.jpg,O
12587.jpg,J
12588.jpg,V
12589.jpg,O
1259.jpg,B
12590.jpg,N
12591.jpg,R
12592.jpg,M
12593.jpg,B
12594.jpg,N
12595.jpg,N
12596.jpg,O
12597.jpg,T
12598.jpg,V
12599.jpg,W
126.jpg,Q
1260.jpg,S
12600.jpg,M
12601.jpg,B
12602.jpg,P
12603.jpg,Z
12604.jpg,L
12605.jpg,V
12606.jpg,R
12607.jpg,X
12608.jpg,M
12609.jpg,M
1261.jpg,R
12610.jpg,I
12611.jpg,W
12612.jpg,M
12613.jpg,Y
12614.jpg,del
12615.jpg,M
12616.jpg,O
12617.jpg,O
12618.jpg,W
12619.jpg,L
1262.jpg,N
12620.jpg,X
12621.jpg,X
12622.jpg,R
12623.jpg,C
12624.jpg,P
12625.jpg,R
12626.jpg,M
12627.jpg,Q
12628.jpg,Q
12629.jpg,U
1263.jpg,N
12630.jpg,M
12631.jpg,G
12632.jpg,M
12633.jpg,W
12634.jpg,Q
12635.jpg,J
12636.jpg,F
12637.jpg,M
12638.jpg,B
12639.jpg,S
1264.jpg,T
12640.jpg,H
12641.jpg,N
12642.jpg,O
12643.jpg,Q
12644.jpg,L
12645.jpg,E
12646.jpg,Y
12647.jpg,F
12648.jpg,R
12649.jpg,N
1265.jpg,Q
12650.jpg,V
12651.jpg,H
12652.jpg,L
12653.jpg,E
12654.jpg,L
12655.jpg,J
12656.jpg,M
12657.jpg,del
12658.jpg,H
12659.jpg,N
1266.jpg,Q
12660.jpg,D
12661.jpg,L
12662.jpg,V
12663.jpg,H
12664.jpg,N
12665.jpg,K
12666.jpg,C
12667.jpg,Y
12668.jpg,M
12669.jpg,L
1267.jpg,W
12670.jpg,M
12671.jpg,M
12672.jpg,B
12673.jpg,M
12674.jpg,S
12675.jpg,M
12676.jpg,K
12677.jpg,J
12678.jpg,N
12679.jpg,M
1268.jpg,F
12680.jpg,G
12681.jpg,Y
12682.jpg,D
12683.jpg,O
12684.jpg,K
12685.jpg,X
12686.jpg,J
12687.jpg,A
12688.jpg,H
12689.jpg,P
1269.jpg,O
12690.jpg,Y
12691.jpg,J
12692.jpg,F
12693.jpg,I
12694.jpg,H
12695.jpg,B
12696.jpg,V
12697.jpg,W
12698.jpg,H
12699.jpg,N
127.jpg,R
1270.jpg,Z
12700.jpg,Q
12701.jpg,V
12702.jpg,O
12703.jpg,C
12704.jpg,L
12705.jpg,R
12706.jpg,S
12707.jpg,space
12708.jpg,R
12709.jpg,Q
1271.jpg,S
12710.jpg,V
12711.jpg,Y
12712.jpg,V
12713.jpg,T
12714.jpg,X
12715.jpg,R
12716.jpg,U
12717.jpg,G
12718.jpg,K
12719.jpg,M
1272.jpg,H
12720.jpg,M
12721.jpg,M
12722.jpg,K
12723.jpg,M
12724.jpg,X
12725.jpg,Y
12726.jpg,M
12727.jpg,U
12728.jpg,V
12729.jpg,A
1273.jpg,J
12730.jpg,B
12731.jpg,Z
12732.jpg,P
12733.jpg,K
12734.jpg,J
12735.jpg,M
12736.jpg,P
12737.jpg,Q
12738.jpg,N
12739.jpg,I
1274.jpg,V
12740.jpg,E
12741.jpg,N
12742.jpg,W
12743.jpg,N
12744.jpg,J
12745.jpg,B
12746.jpg,Q
12747.jpg,A
12748.jpg,R
12749.jpg,B
1275.jpg,H
12750.jpg,Q
12751.jpg,Z
12752.jpg,V
12753.jpg,Q
12754.jpg,O
12755.jpg,S
12756.jpg,C
12757.jpg,K
12758.jpg,M
12759.jpg,S
1276.jpg,P
12760.jpg,P
12761.jpg,S
12762.jpg,space
12763.jpg,P
12764.jpg,Q
12765.jpg,X
12766.jpg,del
12767.jpg,C
12768.jpg,R
12769.jpg,P
1277.jpg,M
12770.jpg,O
12771.jpg,H
12772.jpg,R
12773.jpg,N
12774.jpg,B
12775.jpg,Q
12776.jpg,X
12777.jpg,B
12778.jpg,L
12779.jpg,M
1278.jpg,M
12780.jpg,M
12781.jpg,I
12782.jpg,O
12783.jpg,S
12784.jpg,P
12785.jpg,J
12786.jpg,B
12787.jpg,M
12788.jpg,M
12789.jpg,R
1279.jpg,H
12790.jpg,X
12791.jpg,S
12792.jpg,V
12793.jpg,S
12794.jpg,T
12795.jpg,B
12796.jpg,L
12797.jpg,U
12798.jpg,U
12799.jpg,H
128.jpg,B
1280.jpg,J
12800.jpg,P
12801.jpg,M
12802.jpg,N
12803.jpg,M
12804.jpg,I
12805.jpg,C
12806.jpg,R
12807.jpg,R
12808.jpg,C
12809.jpg,H
1281.jpg,del
12810.jpg,Y
12811.jpg,J
12812.jpg,L
12813.jpg,M
12814.jpg,W
12815.jpg,Y
12816.jpg,M
12817.jpg,Q
12818.jpg,M
12819.jpg,F
1282.jpg,C
12820.jpg,R
12821.jpg,del
12822.jpg,M
12823.jpg,G
12824.jpg,W
12825.jpg,H
12826.jpg,G
12827.jpg,M
12828.jpg,Y
12829.jpg,H
1283.jpg,J
12830.jpg,N
12831.jpg,K
12832.jpg,R
12833.jpg,M
12834.jpg,L
12835.jpg,space
12836.jpg,U
12837.jpg,W
12838.jpg,L
12839.jpg,C
1284.jpg,O
12840.jpg,K
12841.jpg,P
12842.jpg,N
12843.jpg,X
12844.jpg,M
12845.jpg,P
12846.jpg,Y
12847.jpg,L
12848.jpg,J
12849.jpg,J
1285.jpg,N
12850.jpg,U
12851.jpg,L
12852.jpg,E
12853.jpg,A
12854.jpg,M
12855.jpg,N
12856.jpg,F
12857.jpg,I
12858.jpg,Y
12859.jpg,Y
1286.jpg,X
12860.jpg,J
12861.jpg,U
12862.jpg,M
12863.jpg,B
12864.jpg,E
12865.jpg,S
12866.jpg,M
12867.jpg,M
12868.jpg,P
12869.jpg,M
1287.jpg,Y
12870.jpg,V
12871.jpg,M
12872.jpg,Y
12873.jpg,N
12874.jpg,K
12875.jpg,P
12876.jpg,R
12877.jpg,R
12878.jpg,nothing
12879.jpg,K
1288.jpg,A
12880.jpg,E
12881.jpg,O
12882.jpg,O
12883.jpg,D
12884.jpg,P
12885.jpg,U
12886.jpg,M
12887.jpg,R
12888.jpg,M
12889.jpg,J
1289.jpg,P
12890.jpg,M
12891.jpg,J
12892.jpg,M
12893.jpg,I
12894.jpg,W
12895.jpg,I
12896.jpg,H
12897.jpg,K
12898.jpg,Q
12899.jpg,M
129.jpg,M
1290.jpg,A
12900.jpg,N
12901.jpg,N
12902.jpg,J
12903.jpg,B
12904.jpg,L
12905.jpg,W
12906.jpg,I
12907.jpg,O
12908.jpg,M
12909.jpg,C
1291.jpg,L
12910.jpg,B
12911.jpg,F
12912.jpg,G
12913.jpg,X
12914.jpg,A
12915.jpg,J
12916.jpg,I
12917.jpg,W
12918.jpg,I
12919.jpg,J
1292.jpg,N
12920.jpg,N
12921.jpg,N
12922.jpg,B
12923.jpg,N
12924.jpg,M
12925.jpg,X
12926.jpg,Z
12927.jpg,P
12928.jpg,D
12929.jpg,L
1293.jpg,H
12930.jpg,Q
12931.jpg,J
12932.jpg,R
12933.jpg,B
12934.jpg,Q
12935.jpg,C
12936.jpg,U
12937.jpg,S
12938.jpg,K
12939.jpg,O
1294.jpg,P
12940.jpg,N
12941.jpg,V
12942.jpg,B
12943.jpg,K
12944.jpg,S
12945.jpg,L
12946.jpg,R
12947.jpg,W
12948.jpg,P
12949.jpg,B
1295.jpg,R
12950.jpg,I
12951.jpg,J
12952.jpg,O
12953.jpg,Y
12954.jpg,F
12955.jpg,Z
12956.jpg,F
12957.jpg,V
12958.jpg,J
12959.jpg,U
1296.jpg,M
12960.jpg,Q
12961.jpg,H
12962.jpg,P
12963.jpg,B
12964.jpg,P
12965.jpg,L
12966.jpg,A
12967.jpg,J
12968.jpg,N
12969.jpg,M
1297.jpg,S
12970.jpg,L
12971.jpg,C
12972.jpg,G
12973.jpg,K
12974.jpg,Q
12975.jpg,J
12976.jpg,N
12977.jpg,O
12978.jpg,N
12979.jpg,M
1298.jpg,H
12980.jpg,B
12981.jpg,H
12982.jpg,P
12983.jpg,P
12984.jpg,S
12985.jpg,Y
12986.jpg,M
12987.jpg,R
12988.jpg,H
12989.jpg,Y
1299.jpg,L
12990.jpg,B
12991.jpg,N
12992.jpg,M
12993.jpg,O
12994.jpg,X
12995.jpg,N
12996.jpg,U
12997.jpg,M
12998.jpg,H
12999.jpg,R
13.jpg,V
130.jpg,R
1300.jpg,M
13000.jpg,W
13001.jpg,S
13002.jpg,L
13003.jpg,V
13004.jpg,Y
13005.jpg,N
13006.jpg,P
13007.jpg,B
13008.jpg,X
13009.jpg,M
1301.jpg,E
13010.jpg,B
13011.jpg,X
13012.jpg,W
13013.jpg,M
13014.jpg,L
13015.jpg,B
13016.jpg,J
13017.jpg,H
13018.jpg,W
13019.jpg,B
1302.jpg,J
13020.jpg,K
13021.jpg,M
13022.jpg,B
13023.jpg,L
13024.jpg,P
13025.jpg,E
13026.jpg,H
13027.jpg,V
13028.jpg,W
13029.jpg,U
1303.jpg,M
13030.jpg,U
13031.jpg,M
13032.jpg,P
13033.jpg,I
13034.jpg,M
13035.jpg,S
13036.jpg,X
13037.jpg,U
13038.jpg,S
13039.jpg,C
1304.jpg,C
13040.jpg,H
13041.jpg,J
13042.jpg,N
13043.jpg,L
13044.jpg,Y
13045.jpg,I
13046.jpg,N
13047.jpg,G
13048.jpg,V
13049.jpg,N
1305.jpg,O
13050.jpg,O
13051.jpg,N
13052.jpg,A
13053.jpg,H
13054.jpg,J
13055.jpg,U
13056.jpg,L
13057.jpg,P
13058.jpg,P
13059.jpg,X
1306.jpg,E
13060.jpg,P
13061.jpg,M
13062.jpg,O
13063.jpg,Z
13064.jpg,T
13065.jpg,B
13066.jpg,N
13067.jpg,B
13068.jpg,M
13069.jpg,P
1307.jpg,M
13070.jpg,Y
13071.jpg,M
13072.jpg,C
13073.jpg,S
13074.jpg,Y
13075.jpg,R
13076.jpg,R
13077.jpg,X
13078.jpg,E
13079.jpg,Q
1308.jpg,H
13080.jpg,C
13081.jpg,B
13082.jpg,B
13083.jpg,R
13084.jpg,B
13085.jpg,M
13086.jpg,J
13087.jpg,M
13088.jpg,M
13089.jpg,Z
1309.jpg,R
13090.jpg,B
13091.jpg,Y
13092.jpg,O
13093.jpg,N
13094.jpg,J
13095.jpg,del
13096.jpg,N
13097.jpg,G
13098.jpg,U
13099.jpg,R
131.jpg,K
1310.jpg,R
13100.jpg,O
13101.jpg,A
13102.jpg,space
13103.jpg,P
13104.jpg,L
13105.jpg,D
13106.jpg,Y
13107.jpg,B
13108.jpg,Y
13109.jpg,N
1311.jpg,W
13110.jpg,B
13111.jpg,P
13112.jpg,S
13113.jpg,N
13114.jpg,M
13115.jpg,Y
13116.jpg,H
13117.jpg,Q
13118.jpg,X
13119.jpg,W
1312.jpg,P
13120.jpg,W
13121.jpg,O
13122.jpg,M
13123.jpg,F
13124.jpg,K
13125.jpg,W
13126.jpg,P
13127.jpg,F
13128.jpg,U
13129.jpg,J
1313.jpg,O
13130.jpg,T
13131.jpg,S
13132.jpg,I
13133.jpg,H
13134.jpg,X
13135.jpg,R
13136.jpg,N
13137.jpg,W
13138.jpg,T
13139.jpg,M
1314.jpg,W
13140.jpg,R
13141.jpg,M
13142.jpg,S
13143.jpg,K
13144.jpg,V
13145.jpg,U
13146.jpg,L
13147.jpg,L
13148.jpg,C
13149.jpg,R
1315.jpg,O
13150.jpg,L
13151.jpg,L
13152.jpg,J
13153.jpg,B
13154.jpg,L
13155.jpg,N
13156.jpg,M
13157.jpg,P
13158.jpg,O
13159.jpg,Q
1316.jpg,O
13160.jpg,S
13161.jpg,N
13162.jpg,J
13163.jpg,N
13164.jpg,U
13165.jpg,N
13166.jpg,V
13167.jpg,K
13168.jpg,P
13169.jpg,W
1317.jpg,V
13170.jpg,C
13171.jpg,J
13172.jpg,L
13173.jpg,M
13174.jpg,N
13175.jpg,L
13176.jpg,B
13177.jpg,O
13178.jpg,B
13179.jpg,W
1318.jpg,B
13180.jpg,H
13181.jpg,L
13182.jpg,del
13183.jpg,B
13184.jpg,U
13185.jpg,A
13186.jpg,S
13187.jpg,H
13188.jpg,V
13189.jpg,C
1319.jpg,X
13190.jpg,J
13191.jpg,U
13192.jpg,R
13193.jpg,O
13194.jpg,U
13195.jpg,J
13196.jpg,M
13197.jpg,X
13198.jpg,M
13199.jpg,X
132.jpg,Z
1320.jpg,U
13200.jpg,R
13201.jpg,R
13202.jpg,W
13203.jpg,K
13204.jpg,I
13205.jpg,B
13206.jpg,M
13207.jpg,R
13208.jpg,L
13209.jpg,P
1321.jpg,L
13210.jpg,K
13211.jpg,C
13212.jpg,M
13213.jpg,H
13214.jpg,Y
13215.jpg,R
13216.jpg,H
13217.jpg,J
13218.jpg,M
13219.jpg,X
1322.jpg,U
13220.jpg,B
13221.jpg,R
13222.jpg,U
13223.jpg,H
13224.jpg,O
13225.jpg,F
13226.jpg,W
13227.jpg,O
13228.jpg,S
13229.jpg,V
1323.jpg,R
13230.jpg,L
13231.jpg,C
13232.jpg,Z
13233.jpg,X
13234.jpg,B
13235.jpg,Q
13236.jpg,Q
13237.jpg,M
13238.jpg,O
13239.jpg,U
1324.jpg,I
13240.jpg,A
13241.jpg,N
13242.jpg,B
13243.jpg,U
13244.jpg,V
13245.jpg,J
13246.jpg,O
13247.jpg,X
13248.jpg,M
13249.jpg,I
1325.jpg,E
13250.jpg,C
13251.jpg,O
13252.jpg,P
13253.jpg,E
13254.jpg,L
13255.jpg,R
13256.jpg,M
13257.jpg,P
13258.jpg,J
13259.jpg,O
1326.jpg,B
13260.jpg,B
13261.jpg,Q
13262.jpg,R
13263.jpg,N
13264.jpg,O
13265.jpg,T
13266.jpg,O
13267.jpg,N
13268.jpg,N
13269.jpg,Q
1327.jpg,W
13270.jpg,N
13271.jpg,U
13272.jpg,O
13273.jpg,H
13274.jpg,T
13275.jpg,J
13276.jpg,M
13277.jpg,O
13278.jpg,J
13279.jpg,Y
1328.jpg,J
13280.jpg,M
13281.jpg,U
13282.jpg,L
13283.jpg,Q
13284.jpg,W
13285.jpg,N
13286.jpg,P
13287.jpg,O
13288.jpg,B
13289.jpg,Y
1329.jpg,D
13290.jpg,R
13291.jpg,J
13292.jpg,Q
13293.jpg,C
13294.jpg,S
13295.jpg,M
13296.jpg,S
13297.jpg,C
13298.jpg,P
13299.jpg,I
133.jpg,J
1330.jpg,Y
13300.jpg,H
13301.jpg,O
13302.jpg,Q
13303.jpg,N
13304.jpg,Z
13305.jpg,space
13306.jpg,U
13307.jpg,W
13308.jpg,N
13309.jpg,P
1331.jpg,I
13310.jpg,R
13311.jpg,U
13312.jpg,A
13313.jpg,N
13314.jpg,L
13315.jpg,O
13316.jpg,V
13317.jpg,M
13318.jpg,Y
13319.jpg,W
1332.jpg,G
13320.jpg,O
13321.jpg,M
13322.jpg,V
13323.jpg,M
13324.jpg,J
13325.jpg,S
13326.jpg,Q
13327.jpg,L
13328.jpg,I
13329.jpg,U
1333.jpg,S
13330.jpg,K
13331.jpg,N
13332.jpg,M
13333.jpg,S
13334.jpg,Y
13335.jpg,U
13336.jpg,space
13337.jpg,Y
13338.jpg,A
13339.jpg,M
1334.jpg,V
13340.jpg,U
13341.jpg,X
13342.jpg,K
13343.jpg,R
13344.jpg,R
13345.jpg,M
13346.jpg,N
13347.jpg,S
13348.jpg,space
13349.jpg,B
1335.jpg,M
13350.jpg,K
13351.jpg,O
13352.jpg,M
13353.jpg,N
13354.jpg,M
13355.jpg,R
13356.jpg,L
13357.jpg,B
13358.jpg,X
13359.jpg,Q
1336.jpg,N
13360.jpg,N
13361.jpg,K
13362.jpg,H
13363.jpg,C
13364.jpg,N
13365.jpg,H
13366.jpg,B
13367.jpg,H
13368.jpg,M
13369.jpg,M
1337.jpg,J
13370.jpg,M
13371.jpg,Y
13372.jpg,C
13373.jpg,O
13374.jpg,N
13375.jpg,P
13376.jpg,R
13377.jpg,U
13378.jpg,O
13379.jpg,B
1338.jpg,Q
13380.jpg,N
13381.jpg,H
13382.jpg,W
13383.jpg,B
13384.jpg,M
13385.jpg,V
13386.jpg,N
13387.jpg,Y
13388.jpg,N
13389.jpg,E
1339.jpg,A
13390.jpg,Y
13391.jpg,space
13392.jpg,del
13393.jpg,space
13394.jpg,Z
13395.jpg,M
13396.jpg,I
13397.jpg,M
13398.jpg,Y
13399.jpg,S
134.jpg,L
1340.jpg,V
13400.jpg,J
13401.jpg,R
13402.jpg,B
13403.jpg,J
13404.jpg,W
13405.jpg,S
13406.jpg,J
13407.jpg,Q
13408.jpg,L
13409.jpg,O
1341.jpg,Q
13410.jpg,O
13411.jpg,F
13412.jpg,P
13413.jpg,space
13414.jpg,G
13415.jpg,O
13416.jpg,J
13417.jpg,B
13418.jpg,N
13419.jpg,S
1342.jpg,N
13420.jpg,I
13421.jpg,R
13422.jpg,H
13423.jpg,U
13424.jpg,B
13425.jpg,P
13426.jpg,D
13427.jpg,M
13428.jpg,W
13429.jpg,U
1343.jpg,W
13430.jpg,C
13431.jpg,S
13432.jpg,X
13433.jpg,V
13434.jpg,G
13435.jpg,space
13436.jpg,Y
13437.jpg,I
13438.jpg,P
13439.jpg,del
1344.jpg,P
13440.jpg,V
13441.jpg,Q
13442.jpg,N
13443.jpg,O
13444.jpg,W
13445.jpg,Y
13446.jpg,C
13447.jpg,V
13448.jpg,A
13449.jpg,M
1345.jpg,J
13450.jpg,R
13451.jpg,Q
13452.jpg,R
13453.jpg,U
13454.jpg,O
13455.jpg,H
13456.jpg,C
13457.jpg,K
13458.jpg,W
13459.jpg,V
1346.jpg,A
13460.jpg,P
13461.jpg,W
13462.jpg,C
13463.jpg,R
13464.jpg,Y
13465.jpg,U
13466.jpg,X
13467.jpg,Y
13468.jpg,G
13469.jpg,I
1347.jpg,Z
13470.jpg,U
13471.jpg,N
13472.jpg,K
13473.jpg,O
13474.jpg,O
13475.jpg,U
13476.jpg,P
13477.jpg,I
13478.jpg,M
13479.jpg,C
1348.jpg,B
13480.jpg,R
13481.jpg,I
13482.jpg,T
13483.jpg,M
13484.jpg,Q
13485.jpg,M
13486.jpg,V
13487.jpg,X
13488.jpg,N
13489.jpg,Q
1349.jpg,M
13490.jpg,O
13491.jpg,H
13492.jpg,I
13493.jpg,N
13494.jpg,space
13495.jpg,I
13496.jpg,M
13497.jpg,U
13498.jpg,C
13499.jpg,R
135.jpg,J
1350.jpg,space
13500.jpg,C
13501.jpg,Q
13502.jpg,W
13503.jpg,R
13504.jpg,P
13505.jpg,R
13506.jpg,R
13507.jpg,N
13508.jpg,space
13509.jpg,Q
1351.jpg,M
13510.jpg,N
13511.jpg,X
13512.jpg,H
13513.jpg,X
13514.jpg,M
13515.jpg,L
13516.jpg,N
13517.jpg,R
13518.jpg,R
13519.jpg,J
1352.jpg,R
13520.jpg,O
13521.jpg,A
13522.jpg,Y
13523.jpg,Q
13524.jpg,M
13525.jpg,M
13526.jpg,W
13527.jpg,V
13528.jpg,X
13529.jpg,P
1353.jpg,P
13530.jpg,J
13531.jpg,W
13532.jpg,V
13533.jpg,U
13534.jpg,P
13535.jpg,P
13536.jpg,W
13537.jpg,P
13538.jpg,Q
13539.jpg,K
1354.jpg,J
13540.jpg,Y
13541.jpg,I
13542.jpg,X
13543.jpg,H
13544.jpg,N
13545.jpg,O
13546.jpg,K
13547.jpg,T
13548.jpg,Q
13549.jpg,N
1355.jpg,O
13550.jpg,Y
13551.jpg,K
13552.jpg,H
13553.jpg,R
13554.jpg,M
13555.jpg,M
13556.jpg,O
13557.jpg,A
13558.jpg,M
13559.jpg,L
1356.jpg,O
13560.jpg,E
13561.jpg,U
13562.jpg,H
13563.jpg,N
13564.jpg,M
13565.jpg,W
13566.jpg,R
13567.jpg,P
13568.jpg,D
13569.jpg,C
1357.jpg,I
13570.jpg,Y
13571.jpg,M
13572.jpg,M
13573.jpg,J
13574.jpg,R
13575.jpg,M
13576.jpg,V
13577.jpg,P
13578.jpg,W
13579.jpg,R
1358.jpg,X
13580.jpg,U
13581.jpg,M
13582.jpg,M
13583.jpg,L
13584.jpg,K
13585.jpg,O
13586.jpg,M
13587.jpg,I
13588.jpg,R
13589.jpg,N
1359.jpg,V
13590.jpg,B
13591.jpg,Q
13592.jpg,M
13593.jpg,U
13594.jpg,M
13595.jpg,K
13596.jpg,P
13597.jpg,space
13598.jpg,B
13599.jpg,U
136.jpg,O
1360.jpg,N
13600.jpg,H
13601.jpg,U
13602.jpg,F
13603.jpg,R
13604.jpg,Y
13605.jpg,X
13606.jpg,H
13607.jpg,M
13608.jpg,J
13609.jpg,Y
1361.jpg,M
13610.jpg,H
13611.jpg,A
13612.jpg,H
13613.jpg,M
13614.jpg,X
13615.jpg,X
13616.jpg,W
13617.jpg,V
13618.jpg,Y
13619.jpg,A
1362.jpg,K
13620.jpg,B
13621.jpg,M
13622.jpg,N
13623.jpg,M
13624.jpg,P
13625.jpg,P
13626.jpg,N
13627.jpg,T
13628.jpg,C
13629.jpg,Y
1363.jpg,J
13630.jpg,P
13631.jpg,M
13632.jpg,U
13633.jpg,N
13634.jpg,U
13635.jpg,J
13636.jpg,T
13637.jpg,J
13638.jpg,R
13639.jpg,A
1364.jpg,J
13640.jpg,C
13641.jpg,S
13642.jpg,U
13643.jpg,O
13644.jpg,M
13645.jpg,O
13646.jpg,B
13647.jpg,M
13648.jpg,M
13649.jpg,Q
1365.jpg,N
13650.jpg,B
13651.jpg,X
13652.jpg,R
13653.jpg,E
13654.jpg,B
13655.jpg,N
13656.jpg,R
13657.jpg,O
13658.jpg,B
13659.jpg,Y
1366.jpg,N
13660.jpg,P
13661.jpg,S
13662.jpg,R
13663.jpg,I
13664.jpg,B
13665.jpg,X
13666.jpg,J
13667.jpg,M
13668.jpg,O
13669.jpg,P
1367.jpg,S
13670.jpg,N
13671.jpg,K
13672.jpg,O
13673.jpg,S
13674.jpg,H
13675.jpg,Y
13676.jpg,Y
13677.jpg,E
13678.jpg,U
13679.jpg,L
1368.jpg,S
13680.jpg,M
13681.jpg,O
13682.jpg,M
13683.jpg,G
13684.jpg,X
13685.jpg,M
13686.jpg,M
13687.jpg,E
13688.jpg,Q
13689.jpg,N
1369.jpg,M
13690.jpg,C
13691.jpg,A
13692.jpg,Y
13693.jpg,M
13694.jpg,U
13695.jpg,N
13696.jpg,R
13697.jpg,R
13698.jpg,W
13699.jpg,B
137.jpg,D
1370.jpg,O
13700.jpg,A
13701.jpg,N
13702.jpg,R
13703.jpg,K
13704.jpg,P
13705.jpg,P
13706.jpg,B
13707.jpg,N
13708.jpg,M
13709.jpg,M
1371.jpg,I
13710.jpg,H
13711.jpg,O
13712.jpg,W
13713.jpg,M
13714.jpg,J
13715.jpg,J
13716.jpg,M
13717.jpg,Q
13718.jpg,V
13719.jpg,M
1372.jpg,E
13720.jpg,J
13721.jpg,G
13722.jpg,space
13723.jpg,L
13724.jpg,N
13725.jpg,Z
13726.jpg,R
13727.jpg,J
13728.jpg,P
13729.jpg,P
1373.jpg,R
13730.jpg,M
13731.jpg,space
13732.jpg,M
13733.jpg,T
13734.jpg,R
13735.jpg,O
13736.jpg,Q
13737.jpg,space
13738.jpg,S
13739.jpg,R
1374.jpg,space
13740.jpg,E
13741.jpg,S
13742.jpg,B
13743.jpg,U
13744.jpg,B
13745.jpg,Y
13746.jpg,U
13747.jpg,G
13748.jpg,B
13749.jpg,W
1375.jpg,P
13750.jpg,L
13751.jpg,O
13752.jpg,M
13753.jpg,W
13754.jpg,Q
13755.jpg,N
13756.jpg,L
13757.jpg,R
13758.jpg,U
13759.jpg,J
1376.jpg,H
13760.jpg,O
13761.jpg,C
13762.jpg,M
13763.jpg,M
13764.jpg,U
13765.jpg,M
13766.jpg,K
13767.jpg,C
13768.jpg,M
13769.jpg,N
1377.jpg,P
13770.jpg,G
13771.jpg,X
13772.jpg,V
13773.jpg,N
13774.jpg,I
13775.jpg,M
13776.jpg,M
13777.jpg,A
13778.jpg,P
13779.jpg,S
1378.jpg,X
13780.jpg,R
13781.jpg,J
13782.jpg,M
13783.jpg,space
13784.jpg,A
13785.jpg,space
13786.jpg,R
13787.jpg,V
13788.jpg,A
13789.jpg,W
1379.jpg,R
13790.jpg,P
13791.jpg,O
13792.jpg,N
13793.jpg,I
13794.jpg,W
13795.jpg,K
13796.jpg,K
13797.jpg,P
13798.jpg,C
13799.jpg,O
138.jpg,T
1380.jpg,M
13800.jpg,J
13801.jpg,T
13802.jpg,P
13803.jpg,K
13804.jpg,K
13805.jpg,R
13806.jpg,Y
13807.jpg,V
13808.jpg,B
13809.jpg,R
1381.jpg,B
13810.jpg,M
13811.jpg,J
13812.jpg,S
13813.jpg,C
13814.jpg,R
13815.jpg,J
13816.jpg,S
13817.jpg,O
13818.jpg,M
13819.jpg,Q
1382.jpg,M
13820.jpg,M
13821.jpg,I
13822.jpg,O
13823.jpg,J
13824.jpg,U
13825.jpg,K
13826.jpg,H
13827.jpg,Q
13828.jpg,W
13829.jpg,B
1383.jpg,M
13830.jpg,X
13831.jpg,Q
13832.jpg,K
13833.jpg,J
13834.jpg,R
13835.jpg,M
13836.jpg,B
13837.jpg,N
13838.jpg,W
13839.jpg,P
1384.jpg,M
13840.jpg,P
13841.jpg,M
13842.jpg,O
13843.jpg,K
13844.jpg,Q
13845.jpg,Z
13846.jpg,W
13847.jpg,N
13848.jpg,Q
13849.jpg,M
1385.jpg,N
13850.jpg,N
13851.jpg,space
13852.jpg,V
13853.jpg,A
13854.jpg,M
13855.jpg,O
13856.jpg,P
13857.jpg,Q
13858.jpg,Y
13859.jpg,M
1386.jpg,Z
13860.jpg,Y
13861.jpg,C
13862.jpg,V
13863.jpg,N
13864.jpg,M
13865.jpg,P
13866.jpg,Q
13867.jpg,B
13868.jpg,B
13869.jpg,V
1387.jpg,D
13870.jpg,N
13871.jpg,P
13872.jpg,M
13873.jpg,Q
13874.jpg,L
13875.jpg,B
13876.jpg,M
13877.jpg,K
13878.jpg,M
13879.jpg,L
1388.jpg,M
13880.jpg,M
13881.jpg,N
13882.jpg,O
13883.jpg,L
13884.jpg,J
13885.jpg,B
13886.jpg,Y
13887.jpg,I
13888.jpg,X
13889.jpg,W
1389.jpg,P
13890.jpg,N
13891.jpg,K
13892.jpg,Q
13893.jpg,L
13894.jpg,P
13895.jpg,U
13896.jpg,N
13897.jpg,V
13898.jpg,Q
13899.jpg,M
139.jpg,I
1390.jpg,N
13900.jpg,H
13901.jpg,B
13902.jpg,P
13903.jpg,R
13904.jpg,R
13905.jpg,R
13906.jpg,B
13907.jpg,B
13908.jpg,G
13909.jpg,L
1391.jpg,R
13910.jpg,L
13911.jpg,J
13912.jpg,B
13913.jpg,J
13914.jpg,K
13915.jpg,I
13916.jpg,P
13917.jpg,N
13918.jpg,S
13919.jpg,B
1392.jpg,M
13920.jpg,N
13921.jpg,D
13922.jpg,B
13923.jpg,B
13924.jpg,W
13925.jpg,P
13926.jpg,V
13927.jpg,Q
13928.jpg,del
13929.jpg,F
1393.jpg,M
13930.jpg,S
13931.jpg,R
13932.jpg,Y
13933.jpg,M
13934.jpg,M
13935.jpg,M
13936.jpg,M
13937.jpg,S
13938.jpg,T
13939.jpg,B
1394.jpg,K
13940.jpg,B
13941.jpg,H
13942.jpg,E
13943.jpg,E
13944.jpg,Q
13945.jpg,X
13946.jpg,X
13947.jpg,P
13948.jpg,C
13949.jpg,W
1395.jpg,E
13950.jpg,K
13951.jpg,N
13952.jpg,S
13953.jpg,K
13954.jpg,M
13955.jpg,Q
13956.jpg,M
13957.jpg,T
13958.jpg,W
13959.jpg,H
1396.jpg,I
13960.jpg,U
13961.jpg,J
13962.jpg,O
13963.jpg,K
13964.jpg,I
13965.jpg,B
13966.jpg,S
13967.jpg,M
13968.jpg,N
13969.jpg,P
1397.jpg,V
13970.jpg,V
13971.jpg,T
13972.jpg,K
13973.jpg,O
13974.jpg,M
13975.jpg,Z
13976.jpg,M
13977.jpg,O
13978.jpg,L
13979.jpg,P
1398.jpg,W
13980.jpg,Y
13981.jpg,Q
13982.jpg,del
13983.jpg,H
13984.jpg,B
13985.jpg,M
13986.jpg,N
13987.jpg,P
13988.jpg,N
13989.jpg,A
1399.jpg,J
13990.jpg,N
13991.jpg,Y
13992.jpg,O
13993.jpg,Z
13994.jpg,P
13995.jpg,B
13996.jpg,R
13997.jpg,K
13998.jpg,J
13999.jpg,W
14.jpg,C
140.jpg,M
1400.jpg,Y
14000.jpg,O
14001.jpg,U
14002.jpg,R
14003.jpg,X
14004.jpg,X
14005.jpg,M
14006.jpg,W
14007.jpg,Q
14008.jpg,W
14009.jpg,Z
1401.jpg,M
14010.jpg,J
14011.jpg,M
14012.jpg,L
14013.jpg,C
14014.jpg,P
14015.jpg,Z
14016.jpg,I
14017.jpg,O
14018.jpg,B
14019.jpg,M
1402.jpg,R
14020.jpg,J
14021.jpg,Y
14022.jpg,Y
14023.jpg,O
14024.jpg,S
14025.jpg,H
14026.jpg,J
14027.jpg,H
14028.jpg,S
14029.jpg,P
1403.jpg,G
14030.jpg,V
14031.jpg,V
14032.jpg,P
14033.jpg,O
14034.jpg,P
14035.jpg,P
14036.jpg,M
14037.jpg,M
14038.jpg,A
14039.jpg,M
1404.jpg,Y
14040.jpg,C
14041.jpg,J
14042.jpg,U
14043.jpg,J
14044.jpg,M
14045.jpg,C
14046.jpg,M
14047.jpg,N
14048.jpg,P
14049.jpg,E
1405.jpg,C
14050.jpg,G
14051.jpg,Y
14052.jpg,E
14053.jpg,N
14054.jpg,M
14055.jpg,U
14056.jpg,P
14057.jpg,T
14058.jpg,J
14059.jpg,U
1406.jpg,space
14060.jpg,R
14061.jpg,M
14062.jpg,Y
14063.jpg,T
14064.jpg,L
14065.jpg,G
14066.jpg,N
14067.jpg,X
14068.jpg,M
14069.jpg,del
1407.jpg,D
14070.jpg,J
14071.jpg,W
14072.jpg,O
14073.jpg,V
14074.jpg,B
14075.jpg,B
14076.jpg,W
14077.jpg,H
14078.jpg,J
14079.jpg,H
1408.jpg,space
14080.jpg,N
14081.jpg,K
14082.jpg,W
14083.jpg,U
14084.jpg,N
14085.jpg,M
14086.jpg,P
14087.jpg,H
14088.jpg,J
14089.jpg,B
1409.jpg,J
14090.jpg,I
14091.jpg,X
14092.jpg,M
14093.jpg,J
14094.jpg,N
14095.jpg,I
14096.jpg,B
14097.jpg,del
14098.jpg,H
14099.jpg,N
141.jpg,P
1410.jpg,B
14100.jpg,M
14101.jpg,N
14102.jpg,R
14103.jpg,A
14104.jpg,P
14105.jpg,Q
14106.jpg,N
14107.jpg,Q
14108.jpg,V
14109.jpg,U
1411.jpg,M
14110.jpg,X
14111.jpg,S
14112.jpg,W
14113.jpg,Y
14114.jpg,L
14115.jpg,Q
14116.jpg,M
14117.jpg,U
14118.jpg,O
14119.jpg,M
1412.jpg,I
14120.jpg,W
14121.jpg,U
14122.jpg,U
14123.jpg,S
14124.jpg,O
14125.jpg,X
14126.jpg,M
14127.jpg,S
14128.jpg,B
14129.jpg,W
1413.jpg,L
14130.jpg,P
14131.jpg,M
14132.jpg,J
14133.jpg,L
14134.jpg,B
14135.jpg,H
14136.jpg,M
14137.jpg,I
14138.jpg,N
14139.jpg,A
1414.jpg,I
14140.jpg,S
14141.jpg,J
14142.jpg,H
14143.jpg,H
14144.jpg,M
14145.jpg,M
14146.jpg,S
14147.jpg,space
14148.jpg,V
14149.jpg,W
1415.jpg,A
14150.jpg,space
14151.jpg,B
14152.jpg,I
14153.jpg,U
14154.jpg,O
14155.jpg,V
14156.jpg,X
14157.jpg,O
14158.jpg,J
14159.jpg,J
1416.jpg,S
14160.jpg,Q
14161.jpg,U
14162.jpg,Y
14163.jpg,Y
14164.jpg,H
14165.jpg,S
14166.jpg,X
14167.jpg,M
14168.jpg,M
14169.jpg,U
1417.jpg,H
14170.jpg,M
14171.jpg,M
14172.jpg,O
14173.jpg,O
14174.jpg,O
14175.jpg,C
14176.jpg,Y
14177.jpg,C
14178.jpg,C
14179.jpg,U
1418.jpg,O
14180.jpg,P
14181.jpg,H
14182.jpg,C
14183.jpg,K
14184.jpg,M
14185.jpg,W
14186.jpg,M
14187.jpg,X
14188.jpg,Y
14189.jpg,X
1419.jpg,N
14190.jpg,K
14191.jpg,W
14192.jpg,H
14193.jpg,U
14194.jpg,X
14195.jpg,X
14196.jpg,S
14197.jpg,M
14198.jpg,M
14199.jpg,K
142.jpg,del
1420.jpg,B
14200.jpg,W
14201.jpg,I
14202.jpg,O
14203.jpg,K
14204.jpg,A
14205.jpg,B
14206.jpg,W
14207.jpg,J
14208.jpg,N
14209.jpg,H
1421.jpg,Q
14210.jpg,N
14211.jpg,N
14212.jpg,Y
14213.jpg,O
14214.jpg,L
14215.jpg,L
14216.jpg,O
14217.jpg,J
14218.jpg,P
14219.jpg,K
1422.jpg,M
14220.jpg,U
14221.jpg,M
14222.jpg,Q
14223.jpg,Q
14224.jpg,L
14225.jpg,V
14226.jpg,G
14227.jpg,M
14228.jpg,H
14229.jpg,R
1423.jpg,U
14230.jpg,B
14231.jpg,Y
14232.jpg,del
14233.jpg,X
14234.jpg,A
14235.jpg,O
14236.jpg,O
14237.jpg,Q
14238.jpg,E
14239.jpg,M
1424.jpg,H
14240.jpg,K
14241.jpg,L
14242.jpg,K
14243.jpg,L
14244.jpg,K
14245.jpg,W
14246.jpg,K
14247.jpg,Q
14248.jpg,K
14249.jpg,Y
1425.jpg,G
14250.jpg,M
14251.jpg,L
14252.jpg,X
14253.jpg,M
14254.jpg,M
14255.jpg,W
14256.jpg,N
14257.jpg,H
14258.jpg,X
14259.jpg,C
1426.jpg,M
14260.jpg,E
14261.jpg,N
14262.jpg,Q
14263.jpg,Y
14264.jpg,M
14265.jpg,M
14266.jpg,H
14267.jpg,N
14268.jpg,B
14269.jpg,E
1427.jpg,V
14270.jpg,Y
14271.jpg,K
14272.jpg,Q
14273.jpg,J
14274.jpg,X
14275.jpg,M
14276.jpg,M
14277.jpg,I
14278.jpg,N
14279.jpg,X
1428.jpg,E
14280.jpg,I
14281.jpg,M
14282.jpg,G
14283.jpg,M
14284.jpg,C
14285.jpg,U
14286.jpg,M
14287.jpg,L
14288.jpg,X
14289.jpg,W
1429.jpg,J
14290.jpg,N
14291.jpg,B
14292.jpg,M
14293.jpg,A
14294.jpg,X
14295.jpg,W
14296.jpg,H
14297.jpg,L
14298.jpg,R
14299.jpg,C
143.jpg,M
1430.jpg,M
14300.jpg,J
14301.jpg,O
14302.jpg,G
14303.jpg,F
14304.jpg,J
14305.jpg,R
14306.jpg,N
14307.jpg,B
14308.jpg,M
14309.jpg,M
1431.jpg,X
14310.jpg,C
14311.jpg,O
14312.jpg,G
14313.jpg,C
14314.jpg,Q
14315.jpg,M
14316.jpg,M
14317.jpg,B
14318.jpg,I
14319.jpg,J
1432.jpg,I
14320.jpg,O
14321.jpg,N
14322.jpg,M
14323.jpg,B
14324.jpg,B
14325.jpg,V
14326.jpg,P
14327.jpg,O
14328.jpg,S
14329.jpg,M
1433.jpg,V
14330.jpg,L
14331.jpg,E
14332.jpg,Q
14333.jpg,U
14334.jpg,O
14335.jpg,U
14336.jpg,K
14337.jpg,P
14338.jpg,B
14339.jpg,M
1434.jpg,I
14340.jpg,E
14341.jpg,M
14342.jpg,Q
14343.jpg,M
14344.jpg,L
14345.jpg,M
14346.jpg,W
14347.jpg,I
14348.jpg,S
14349.jpg,P
1435.jpg,U
14350.jpg,N
14351.jpg,Y
14352.jpg,O
14353.jpg,K
14354.jpg,O
14355.jpg,V
14356.jpg,O
14357.jpg,E
14358.jpg,Q
14359.jpg,J
1436.jpg,P
14360.jpg,B
14361.jpg,K
14362.jpg,O
14363.jpg,I
14364.jpg,P
14365.jpg,X
14366.jpg,G
14367.jpg,M
14368.jpg,N
14369.jpg,V
1437.jpg,G
14370.jpg,L
14371.jpg,Y
14372.jpg,M
14373.jpg,J
14374.jpg,O
14375.jpg,X
14376.jpg,Y
14377.jpg,Y
14378.jpg,S
14379.jpg,M
1438.jpg,N
14380.jpg,R
14381.jpg,X
14382.jpg,O
14383.jpg,N
14384.jpg,P
14385.jpg,M
14386.jpg,R
14387.jpg,M
14388.jpg,H
14389.jpg,K
1439.jpg,Q
14390.jpg,M
14391.jpg,K
14392.jpg,W
14393.jpg,M
14394.jpg,Y
14395.jpg,C
14396.jpg,U
14397.jpg,N
14398.jpg,M
14399.jpg,C
144.jpg,H
1440.jpg,S
14400.jpg,A
14401.jpg,S
14402.jpg,M
14403.jpg,S
14404.jpg,B
14405.jpg,V
14406.jpg,L
14407.jpg,Y
14408.jpg,X
14409.jpg,N
1441.jpg,P
14410.jpg,Y
14411.jpg,H
14412.jpg,I
14413.jpg,Q
14414.jpg,M
14415.jpg,Y
14416.jpg,V
14417.jpg,Q
14418.jpg,U
14419.jpg,P
1442.jpg,S
14420.jpg,L
14421.jpg,P
14422.jpg,Y
14423.jpg,W
14424.jpg,K
14425.jpg,N
14426.jpg,Q
14427.jpg,N
14428.jpg,N
14429.jpg,M
1443.jpg,K
14430.jpg,O
14431.jpg,X
14432.jpg,N
14433.jpg,J
14434.jpg,J
14435.jpg,J
14436.jpg,U
14437.jpg,J
14438.jpg,P
14439.jpg,U
1444.jpg,U
14440.jpg,B
14441.jpg,O
14442.jpg,N
14443.jpg,I
14444.jpg,R
14445.jpg,K
14446.jpg,Z
14447.jpg,O
14448.jpg,J
14449.jpg,B
1445.jpg,M
14450.jpg,M
14451.jpg,U
14452.jpg,W
14453.jpg,M
14454.jpg,E
14455.jpg,N
14456.jpg,L
14457.jpg,V
14458.jpg,X
14459.jpg,R
1446.jpg,M
14460.jpg,B
14461.jpg,P
14462.jpg,M
14463.jpg,W
14464.jpg,R
14465.jpg,G
14466.jpg,G
14467.jpg,space
14468.jpg,M
14469.jpg,J
1447.jpg,N
14470.jpg,J
14471.jpg,M
14472.jpg,space
14473.jpg,K
14474.jpg,O
14475.jpg,S
14476.jpg,U
14477.jpg,U
14478.jpg,M
14479.jpg,H
1448.jpg,Y
14480.jpg,U
14481.jpg,P
14482.jpg,M
14483.jpg,O
14484.jpg,I
14485.jpg,E
14486.jpg,I
14487.jpg,Q
14488.jpg,J
14489.jpg,B
1449.jpg,N
14490.jpg,L
14491.jpg,I
14492.jpg,X
14493.jpg,space
14494.jpg,Z
14495.jpg,U
14496.jpg,B
14497.jpg,A
14498.jpg,M
14499.jpg,U
145.jpg,B
1450.jpg,L
14500.jpg,U
14501.jpg,U
14502.jpg,C
14503.jpg,O
14504.jpg,B
14505.jpg,P
14506.jpg,S
14507.jpg,H
14508.jpg,E
14509.jpg,L
1451.jpg,R
14510.jpg,M
14511.jpg,U
14512.jpg,R
14513.jpg,T
14514.jpg,E
14515.jpg,K
14516.jpg,N
14517.jpg,M
14518.jpg,M
14519.jpg,N
1452.jpg,O
14520.jpg,O
14521.jpg,P
14522.jpg,P
14523.jpg,P
14524.jpg,J
14525.jpg,M
14526.jpg,P
14527.jpg,M
14528.jpg,N
14529.jpg,M
1453.jpg,M
14530.jpg,O
14531.jpg,G
14532.jpg,O
14533.jpg,O
14534.jpg,A
14535.jpg,T
14536.jpg,R
14537.jpg,P
14538.jpg,H
14539.jpg,C
1454.jpg,H
14540.jpg,O
14541.jpg,Y
14542.jpg,M
14543.jpg,N
14544.jpg,N
14545.jpg,R
14546.jpg,R
14547.jpg,E
14548.jpg,R
14549.jpg,M
1455.jpg,M
14550.jpg,X
14551.jpg,V
14552.jpg,N
14553.jpg,N
14554.jpg,L
14555.jpg,L
14556.jpg,Y
14557.jpg,P
14558.jpg,J
14559.jpg,M
1456.jpg,Z
14560.jpg,Y
14561.jpg,N
14562.jpg,V
14563.jpg,Q
14564.jpg,Y
14565.jpg,H
14566.jpg,N
14567.jpg,Y
14568.jpg,M
14569.jpg,W
1457.jpg,O
14570.jpg,M
14571.jpg,P
14572.jpg,V
14573.jpg,W
14574.jpg,G
14575.jpg,H
14576.jpg,U
14577.jpg,H
14578.jpg,J
14579.jpg,W
1458.jpg,U
14580.jpg,E
14581.jpg,M
14582.jpg,B
14583.jpg,N
14584.jpg,J
14585.jpg,M
14586.jpg,W
14587.jpg,B
14588.jpg,O
14589.jpg,R
1459.jpg,O
14590.jpg,R
14591.jpg,J
14592.jpg,M
14593.jpg,M
14594.jpg,P
14595.jpg,H
14596.jpg,P
14597.jpg,M
14598.jpg,U
14599.jpg,B
146.jpg,S
1460.jpg,X
14600.jpg,Y
14601.jpg,H
14602.jpg,P
14603.jpg,B
14604.jpg,Q
14605.jpg,L
14606.jpg,O
14607.jpg,N
14608.jpg,H
14609.jpg,X
1461.jpg,N
14610.jpg,M
14611.jpg,O
14612.jpg,Y
14613.jpg,X
14614.jpg,R
14615.jpg,N
14616.jpg,P
14617.jpg,Q
14618.jpg,O
14619.jpg,N
1462.jpg,O
14620.jpg,Y
14621.jpg,M
14622.jpg,I
14623.jpg,B
14624.jpg,R
14625.jpg,C
14626.jpg,K
14627.jpg,V
14628.jpg,B
14629.jpg,B
1463.jpg,V
14630.jpg,H
14631.jpg,N
14632.jpg,N
14633.jpg,M
14634.jpg,P
14635.jpg,J
14636.jpg,B
14637.jpg,N
14638.jpg,U
14639.jpg,I
1464.jpg,S
14640.jpg,U
14641.jpg,C
14642.jpg,E
14643.jpg,H
14644.jpg,I
14645.jpg,S
14646.jpg,W
14647.jpg,C
14648.jpg,M
14649.jpg,C
1465.jpg,M
14650.jpg,V
14651.jpg,W
14652.jpg,P
14653.jpg,N
14654.jpg,J
14655.jpg,D
14656.jpg,M
14657.jpg,B
14658.jpg,V
14659.jpg,J
1466.jpg,M
14660.jpg,M
14661.jpg,O
14662.jpg,T
14663.jpg,K
14664.jpg,I
14665.jpg,N
14666.jpg,V
14667.jpg,N
14668.jpg,K
14669.jpg,N
1467.jpg,F
14670.jpg,P
14671.jpg,S
14672.jpg,J
14673.jpg,M
14674.jpg,R
14675.jpg,S
14676.jpg,M
14677.jpg,R
14678.jpg,W
14679.jpg,K
1468.jpg,B
14680.jpg,R
14681.jpg,S
14682.jpg,G
14683.jpg,R
14684.jpg,J
14685.jpg,I
14686.jpg,V
14687.jpg,O
14688.jpg,M
14689.jpg,P
1469.jpg,D
14690.jpg,Y
14691.jpg,R
14692.jpg,J
14693.jpg,L
14694.jpg,R
14695.jpg,Q
14696.jpg,P
14697.jpg,M
14698.jpg,J
14699.jpg,J
147.jpg,V
1470.jpg,E
14700.jpg,Y
14701.jpg,H
14702.jpg,O
14703.jpg,K
14704.jpg,J
14705.jpg,N
14706.jpg,N
14707.jpg,B
14708.jpg,I
14709.jpg,N
1471.jpg,P
14710.jpg,J
14711.jpg,U
14712.jpg,M
14713.jpg,S
14714.jpg,Q
14715.jpg,M
14716.jpg,U
14717.jpg,C
14718.jpg,B
14719.jpg,H
1472.jpg,L
14720.jpg,I
14721.jpg,M
14722.jpg,G
14723.jpg,H
14724.jpg,V
14725.jpg,I
14726.jpg,G
14727.jpg,D
14728.jpg,M
14729.jpg,M
1473.jpg,M
14730.jpg,Y
14731.jpg,U
14732.jpg,S
14733.jpg,M
14734.jpg,N
14735.jpg,Q
14736.jpg,C
14737.jpg,H
14738.jpg,P
14739.jpg,M
1474.jpg,R
14740.jpg,O
14741.jpg,X
14742.jpg,P
14743.jpg,G
14744.jpg,Z
14745.jpg,del
14746.jpg,K
14747.jpg,O
14748.jpg,U
14749.jpg,X
1475.jpg,R
14750.jpg,M
14751.jpg,O
14752.jpg,U
14753.jpg,M
14754.jpg,O
14755.jpg,L
14756.jpg,M
14757.jpg,U
14758.jpg,M
14759.jpg,Y
1476.jpg,Y
14760.jpg,H
14761.jpg,F
14762.jpg,Q
14763.jpg,W
14764.jpg,C
14765.jpg,H
14766.jpg,H
14767.jpg,N
14768.jpg,C
14769.jpg,N
1477.jpg,X
14770.jpg,M
14771.jpg,B
14772.jpg,H
14773.jpg,A
14774.jpg,H
14775.jpg,M
14776.jpg,B
14777.jpg,N
14778.jpg,J
14779.jpg,I
1478.jpg,K
14780.jpg,B
14781.jpg,O
14782.jpg,L
14783.jpg,E
14784.jpg,R
14785.jpg,O
14786.jpg,W
14787.jpg,space
14788.jpg,T
14789.jpg,B
1479.jpg,X
14790.jpg,Y
14791.jpg,G
14792.jpg,R
14793.jpg,del
14794.jpg,P
14795.jpg,R
14796.jpg,V
14797.jpg,B
14798.jpg,U
14799.jpg,S
148.jpg,H
1480.jpg,W
14800.jpg,K
14801.jpg,X
14802.jpg,R
14803.jpg,X
14804.jpg,P
14805.jpg,H
14806.jpg,J
14807.jpg,space
14808.jpg,W
14809.jpg,K
1481.jpg,Y
14810.jpg,M
14811.jpg,O
14812.jpg,N
14813.jpg,E
14814.jpg,O
14815.jpg,L
14816.jpg,P
14817.jpg,N
14818.jpg,J
14819.jpg,J
1482.jpg,R
14820.jpg,N
14821.jpg,G
14822.jpg,V
14823.jpg,N
14824.jpg,M
14825.jpg,R
14826.jpg,O
14827.jpg,A
14828.jpg,P
14829.jpg,N
1483.jpg,X
14830.jpg,R
14831.jpg,S
14832.jpg,B
14833.jpg,Q
14834.jpg,R
14835.jpg,M
14836.jpg,Q
14837.jpg,H
14838.jpg,H
14839.jpg,U
1484.jpg,O
14840.jpg,M
14841.jpg,M
14842.jpg,R
14843.jpg,P
14844.jpg,X
14845.jpg,K
14846.jpg,H
14847.jpg,S
14848.jpg,Q
14849.jpg,J
1485.jpg,M
14850.jpg,M
14851.jpg,M
14852.jpg,Y
14853.jpg,K
14854.jpg,N
14855.jpg,Y
14856.jpg,D
14857.jpg,M
14858.jpg,J
14859.jpg,P
1486.jpg,Q
14860.jpg,Z
14861.jpg,X
14862.jpg,M
14863.jpg,U
14864.jpg,X
14865.jpg,F
14866.jpg,J
14867.jpg,X
14868.jpg,E
14869.jpg,P
1487.jpg,J
14870.jpg,J
14871.jpg,Y
14872.jpg,M
14873.jpg,M
14874.jpg,B
14875.jpg,J
14876.jpg,I
14877.jpg,V
14878.jpg,R
14879.jpg,W
1488.jpg,K
14880.jpg,M
14881.jpg,Q
14882.jpg,P
14883.jpg,M
14884.jpg,M
14885.jpg,L
14886.jpg,U
14887.jpg,L
14888.jpg,L
14889.jpg,B
1489.jpg,M
14890.jpg,M
14891.jpg,P
14892.jpg,P
14893.jpg,P
14894.jpg,N
14895.jpg,B
14896.jpg,K
14897.jpg,B
14898.jpg,W
14899.jpg,del
149.jpg,L
1490.jpg,U
14900.jpg,W
14901.jpg,space
14902.jpg,V
14903.jpg,R
14904.jpg,H
14905.jpg,Y
14906.jpg,K
14907.jpg,M
14908.jpg,A
14909.jpg,I
1491.jpg,M
14910.jpg,L
14911.jpg,E
14912.jpg,N
14913.jpg,M
14914.jpg,R
14915.jpg,M
14916.jpg,Y
14917.jpg,P
14918.jpg,H
14919.jpg,Y
1492.jpg,P
14920.jpg,R
14921.jpg,V
14922.jpg,U
14923.jpg,X
14924.jpg,B
14925.jpg,M
14926.jpg,Q
14927.jpg,K
14928.jpg,P
14929.jpg,C
1493.jpg,K
14930.jpg,V
14931.jpg,M
14932.jpg,B
14933.jpg,N
14934.jpg,R
14935.jpg,Z
14936.jpg,Z
14937.jpg,N
14938.jpg,R
14939.jpg,J
1494.jpg,M
14940.jpg,B
14941.jpg,J
14942.jpg,M
14943.jpg,I
14944.jpg,G
14945.jpg,S
14946.jpg,V
14947.jpg,L
14948.jpg,K
14949.jpg,R
1495.jpg,M
14950.jpg,V
14951.jpg,O
14952.jpg,space
14953.jpg,H
14954.jpg,W
14955.jpg,O
14956.jpg,S
14957.jpg,H
14958.jpg,S
14959.jpg,B
1496.jpg,V
14960.jpg,M
14961.jpg,E
14962.jpg,M
14963.jpg,V
14964.jpg,B
14965.jpg,Q
14966.jpg,M
14967.jpg,Y
14968.jpg,K
14969.jpg,M
1497.jpg,G
14970.jpg,H
14971.jpg,I
14972.jpg,U
14973.jpg,M
14974.jpg,P
14975.jpg,R
14976.jpg,V
14977.jpg,O
14978.jpg,M
14979.jpg,J
1498.jpg,S
14980.jpg,B
14981.jpg,R
14982.jpg,G
14983.jpg,V
14984.jpg,N
14985.jpg,Q
14986.jpg,X
14987.jpg,F
14988.jpg,K
14989.jpg,N
1499.jpg,J
14990.jpg,O
14991.jpg,Y
14992.jpg,V
14993.jpg,U
14994.jpg,M
14995.jpg,B
14996.jpg,H
14997.jpg,J
14998.jpg,T
14999.jpg,M
15.jpg,N
150.jpg,J
1500.jpg,J
15000.jpg,R
15001.jpg,M
15002.jpg,S
15003.jpg,J
15004.jpg,K
15005.jpg,J
15006.jpg,O
15007.jpg,U
15008.jpg,Y
15009.jpg,P
1501.jpg,I
15010.jpg,B
15011.jpg,E
15012.jpg,M
15013.jpg,J
15014.jpg,M
15015.jpg,Y
15016.jpg,M
15017.jpg,P
15018.jpg,X
15019.jpg,S
1502.jpg,U
15020.jpg,U
15021.jpg,X
15022.jpg,R
15023.jpg,O
15024.jpg,Q
15025.jpg,R
15026.jpg,P
15027.jpg,N
15028.jpg,W
15029.jpg,N
1503.jpg,R
15030.jpg,V
15031.jpg,Q
15032.jpg,V
15033.jpg,E
15034.jpg,P
15035.jpg,N
15036.jpg,V
15037.jpg,K
15038.jpg,H
15039.jpg,K
1504.jpg,P
15040.jpg,P
15041.jpg,X
15042.jpg,M
15043.jpg,M
15044.jpg,X
15045.jpg,X
15046.jpg,S
15047.jpg,M
15048.jpg,C
15049.jpg,P
1505.jpg,X
15050.jpg,Y
15051.jpg,O
15052.jpg,R
15053.jpg,H
15054.jpg,Q
15055.jpg,R
15056.jpg,N
15057.jpg,W
15058.jpg,J
15059.jpg,B
1506.jpg,C
15060.jpg,S
15061.jpg,V
15062.jpg,N
15063.jpg,V
15064.jpg,W
15065.jpg,X
15066.jpg,V
15067.jpg,K
15068.jpg,W
15069.jpg,S
1507.jpg,U
15070.jpg,M
15071.jpg,U
15072.jpg,V
15073.jpg,C
15074.jpg,P
15075.jpg,M
15076.jpg,H
15077.jpg,O
15078.jpg,Q
15079.jpg,M
1508.jpg,N
15080.jpg,X
15081.jpg,N
15082.jpg,N
15083.jpg,M
15084.jpg,X
15085.jpg,U
15086.jpg,P
15087.jpg,Q
15088.jpg,O
15089.jpg,Q
1509.jpg,A
15090.jpg,N
15091.jpg,B
15092.jpg,M
15093.jpg,A
15094.jpg,N
15095.jpg,X
15096.jpg,L
15097.jpg,K
15098.jpg,M
15099.jpg,B
151.jpg,W
1510.jpg,M
15100.jpg,V
15101.jpg,R
15102.jpg,W
15103.jpg,R
15104.jpg,O
15105.jpg,K
15106.jpg,B
15107.jpg,U
15108.jpg,L
15109.jpg,J
1511.jpg,M
15110.jpg,Q
15111.jpg,Y
15112.jpg,U
15113.jpg,R
15114.jpg,Z
15115.jpg,N
15116.jpg,D
15117.jpg,I
15118.jpg,Y
15119.jpg,W
1512.jpg,V
15120.jpg,M
15121.jpg,V
15122.jpg,U
15123.jpg,W
15124.jpg,R
15125.jpg,W
15126.jpg,Q
15127.jpg,M
15128.jpg,Y
15129.jpg,space
1513.jpg,N
15130.jpg,A
15131.jpg,U
15132.jpg,Y
15133.jpg,R
15134.jpg,M
15135.jpg,W
15136.jpg,C
15137.jpg,Q
15138.jpg,L
15139.jpg,O
1514.jpg,A
15140.jpg,R
15141.jpg,V
15142.jpg,Z
15143.jpg,R
15144.jpg,X
15145.jpg,O
15146.jpg,R
15147.jpg,N
15148.jpg,S
15149.jpg,K
1515.jpg,W
15150.jpg,X
15151.jpg,Y
15152.jpg,M
15153.jpg,J
15154.jpg,X
15155.jpg,W
15156.jpg,S
15157.jpg,E
15158.jpg,Y
15159.jpg,X
1516.jpg,N
15160.jpg,O
15161.jpg,M
15162.jpg,O
15163.jpg,H
15164.jpg,K
15165.jpg,M
15166.jpg,M
15167.jpg,N
15168.jpg,J
15169.jpg,X
1517.jpg,W
15170.jpg,P
15171.jpg,M
15172.jpg,V
15173.jpg,J
15174.jpg,Y
15175.jpg,O
15176.jpg,K
15177.jpg,J
15178.jpg,M
15179.jpg,M
1518.jpg,D
15180.jpg,H
15181.jpg,R
15182.jpg,K
15183.jpg,G
15184.jpg,M
15185.jpg,N
15186.jpg,del
15187.jpg,O
15188.jpg,B
15189.jpg,M
1519.jpg,M
15190.jpg,K
15191.jpg,W
15192.jpg,W
15193.jpg,H
15194.jpg,W
15195.jpg,M
15196.jpg,M
15197.jpg,P
15198.jpg,F
15199.jpg,O
152.jpg,M
1520.jpg,R
15200.jpg,O
15201.jpg,U
15202.jpg,B
15203.jpg,B
15204.jpg,M
15205.jpg,M
15206.jpg,B
15207.jpg,U
15208.jpg,P
15209.jpg,W
1521.jpg,U
15210.jpg,S
15211.jpg,B
15212.jpg,X
15213.jpg,M
15214.jpg,R
15215.jpg,M
15216.jpg,J
15217.jpg,B
15218.jpg,O
15219.jpg,A
1522.jpg,U
15220.jpg,G
15221.jpg,Q
15222.jpg,W
15223.jpg,J
15224.jpg,B
15225.jpg,Q
15226.jpg,M
15227.jpg,M
15228.jpg,Q
15229.jpg,B
1523.jpg,X
15230.jpg,M
15231.jpg,U
15232.jpg,F
15233.jpg,H
15234.jpg,Q
15235.jpg,M
15236.jpg,V
15237.jpg,H
15238.jpg,U
15239.jpg,Y
1524.jpg,M
15240.jpg,Y
15241.jpg,Q
15242.jpg,N
15243.jpg,N
15244.jpg,O
15245.jpg,O
15246.jpg,V
15247.jpg,O
15248.jpg,L
15249.jpg,L
1525.jpg,M
15250.jpg,E
15251.jpg,U
15252.jpg,R
15253.jpg,R
15254.jpg,D
15255.jpg,R
15256.jpg,V
15257.jpg,M
15258.jpg,V
15259.jpg,H
1526.jpg,W
15260.jpg,U
15261.jpg,R
15262.jpg,Q
15263.jpg,N
15264.jpg,J
15265.jpg,L
15266.jpg,H
15267.jpg,Q
15268.jpg,A
15269.jpg,C
1527.jpg,X
15270.jpg,P
15271.jpg,X
15272.jpg,space
15273.jpg,W
15274.jpg,M
15275.jpg,O
15276.jpg,I
15277.jpg,V
15278.jpg,U
15279.jpg,A
1528.jpg,E
15280.jpg,T
15281.jpg,P
15282.jpg,P
15283.jpg,C
15284.jpg,M
15285.jpg,I
15286.jpg,O
15287.jpg,J
15288.jpg,K
15289.jpg,N
1529.jpg,E
15290.jpg,F
15291.jpg,H
15292.jpg,W
15293.jpg,P
15294.jpg,R
15295.jpg,Q
15296.jpg,W
15297.jpg,H
15298.jpg,M
15299.jpg,Z
153.jpg,P
1530.jpg,Q
15300.jpg,U
15301.jpg,P
15302.jpg,M
15303.jpg,Y
15304.jpg,U
15305.jpg,J
15306.jpg,P
15307.jpg,P
15308.jpg,X
15309.jpg,M
1531.jpg,O
15310.jpg,M
15311.jpg,Q
15312.jpg,U
15313.jpg,F
15314.jpg,Y
15315.jpg,S
15316.jpg,M
15317.jpg,H
15318.jpg,M
15319.jpg,T
1532.jpg,M
15320.jpg,P
15321.jpg,Q
15322.jpg,X
15323.jpg,C
15324.jpg,M
15325.jpg,M
15326.jpg,B
15327.jpg,C
15328.jpg,B
15329.jpg,H
1533.jpg,H
15330.jpg,N
15331.jpg,R
15332.jpg,X
15333.jpg,N
15334.jpg,J
15335.jpg,U
15336.jpg,O
15337.jpg,H
15338.jpg,J
15339.jpg,N
1534.jpg,O
15340.jpg,P
15341.jpg,P
15342.jpg,M
15343.jpg,W
15344.jpg,R
15345.jpg,M
15346.jpg,I
15347.jpg,N
15348.jpg,M
15349.jpg,A
1535.jpg,A
15350.jpg,J
15351.jpg,S
15352.jpg,X
15353.jpg,E
15354.jpg,U
15355.jpg,Y
15356.jpg,M
15357.jpg,N
15358.jpg,O
15359.jpg,M
1536.jpg,U
15360.jpg,Q
15361.jpg,X
15362.jpg,O
15363.jpg,R
15364.jpg,P
15365.jpg,E
15366.jpg,I
15367.jpg,T
15368.jpg,V
15369.jpg,K
1537.jpg,E
15370.jpg,Q
15371.jpg,L
15372.jpg,E
15373.jpg,M
15374.jpg,M
15375.jpg,Z
15376.jpg,L
15377.jpg,N
15378.jpg,M
15379.jpg,C
1538.jpg,R
15380.jpg,N
15381.jpg,Q
15382.jpg,U
15383.jpg,X
15384.jpg,V
15385.jpg,O
15386.jpg,M
15387.jpg,M
15388.jpg,C
15389.jpg,M
1539.jpg,M
15390.jpg,M
15391.jpg,N
15392.jpg,H
15393.jpg,Y
15394.jpg,U
15395.jpg,R
15396.jpg,U
15397.jpg,B
15398.jpg,L
15399.jpg,E
154.jpg,O
1540.jpg,H
15400.jpg,X
15401.jpg,R
15402.jpg,del
15403.jpg,M
15404.jpg,B
15405.jpg,P
15406.jpg,E
15407.jpg,Q
15408.jpg,R
15409.jpg,M
1541.jpg,del
15410.jpg,Y
15411.jpg,Z
15412.jpg,R
15413.jpg,W
15414.jpg,N
15415.jpg,N
15416.jpg,W
15417.jpg,N
15418.jpg,L
15419.jpg,H
1542.jpg,L
15420.jpg,space
15421.jpg,V
15422.jpg,W
15423.jpg,W
15424.jpg,N
15425.jpg,R
15426.jpg,V
15427.jpg,M
15428.jpg,U
15429.jpg,R
1543.jpg,R
15430.jpg,V
15431.jpg,B
15432.jpg,P
15433.jpg,N
15434.jpg,M
15435.jpg,X
15436.jpg,R
15437.jpg,H
15438.jpg,space
15439.jpg,J
1544.jpg,S
15440.jpg,R
15441.jpg,M
15442.jpg,M
15443.jpg,S
15444.jpg,O
15445.jpg,M
15446.jpg,M
15447.jpg,I
15448.jpg,R
15449.jpg,Y
1545.jpg,L
15450.jpg,Y
15451.jpg,M
15452.jpg,O
15453.jpg,N
15454.jpg,Q
15455.jpg,N
15456.jpg,Y
15457.jpg,P
15458.jpg,N
15459.jpg,L
1546.jpg,V
15460.jpg,M
15461.jpg,V
15462.jpg,H
15463.jpg,V
15464.jpg,K
15465.jpg,X
15466.jpg,Y
15467.jpg,J
15468.jpg,U
15469.jpg,P
1547.jpg,K
15470.jpg,I
15471.jpg,M
15472.jpg,B
15473.jpg,del
15474.jpg,V
15475.jpg,O
15476.jpg,Y
15477.jpg,U
15478.jpg,Q
15479.jpg,N
1548.jpg,H
15480.jpg,I
15481.jpg,P
15482.jpg,R
15483.jpg,O
15484.jpg,R
15485.jpg,N
15486.jpg,G
15487.jpg,Q
15488.jpg,B
15489.jpg,O
1549.jpg,Y
15490.jpg,O
15491.jpg,J
15492.jpg,H
15493.jpg,del
15494.jpg,K
15495.jpg,J
15496.jpg,A
15497.jpg,C
15498.jpg,M
15499.jpg,K
155.jpg,S
1550.jpg,Y
15500.jpg,B
15501.jpg,M
15502.jpg,F
15503.jpg,R
15504.jpg,M
15505.jpg,B
15506.jpg,O
15507.jpg,E
15508.jpg,Y
15509.jpg,J
1551.jpg,I
15510.jpg,space
15511.jpg,U
15512.jpg,Z
15513.jpg,B
15514.jpg,nothing
15515.jpg,M
15516.jpg,M
15517.jpg,M
15518.jpg,R
15519.jpg,N
1552.jpg,L
15520.jpg,J
15521.jpg,U
15522.jpg,V
15523.jpg,Q
15524.jpg,N
15525.jpg,B
15526.jpg,L
15527.jpg,S
15528.jpg,Q
15529.jpg,M
1553.jpg,Y
15530.jpg,W
15531.jpg,H
15532.jpg,L
15533.jpg,M
15534.jpg,U
15535.jpg,I
15536.jpg,N
15537.jpg,Y
15538.jpg,X
15539.jpg,N
1554.jpg,E
15540.jpg,space
15541.jpg,Y
15542.jpg,S
15543.jpg,M
15544.jpg,Y
15545.jpg,N
15546.jpg,V
15547.jpg,R
15548.jpg,A
15549.jpg,J
1555.jpg,P
15550.jpg,M
15551.jpg,V
15552.jpg,J
15553.jpg,Y
15554.jpg,R
15555.jpg,U
15556.jpg,I
15557.jpg,K
15558.jpg,N
15559.jpg,M
1556.jpg,L
15560.jpg,W
15561.jpg,del
15562.jpg,W
15563.jpg,M
15564.jpg,U
15565.jpg,K
15566.jpg,X
15567.jpg,V
15568.jpg,R
15569.jpg,M
1557.jpg,V
15570.jpg,N
15571.jpg,W
15572.jpg,J
15573.jpg,N
15574.jpg,J
15575.jpg,M
15576.jpg,I
15577.jpg,I
15578.jpg,C
15579.jpg,B
1558.jpg,M
15580.jpg,H
15581.jpg,B
15582.jpg,U
15583.jpg,M
15584.jpg,U
15585.jpg,R
15586.jpg,O
15587.jpg,N
15588.jpg,K
15589.jpg,L
1559.jpg,H
15590.jpg,K
15591.jpg,I
15592.jpg,M
15593.jpg,del
15594.jpg,B
15595.jpg,P
15596.jpg,H
15597.jpg,E
15598.jpg,C
15599.jpg,M
156.jpg,M
1560.jpg,M
15600.jpg,B
15601.jpg,Q
15602.jpg,J
15603.jpg,B
15604.jpg,J
15605.jpg,R
15606.jpg,E
15607.jpg,M
15608.jpg,D
15609.jpg,K
1561.jpg,R
15610.jpg,R
15611.jpg,R
15612.jpg,S
15613.jpg,Q
15614.jpg,E
15615.jpg,C
15616.jpg,U
15617.jpg,Y
15618.jpg,Z
15619.jpg,G
1562.jpg,N
15620.jpg,H
15621.jpg,Q
15622.jpg,H
15623.jpg,G
15624.jpg,M
15625.jpg,N
15626.jpg,P
15627.jpg,M
15628.jpg,B
15629.jpg,M
1563.jpg,U
15630.jpg,M
15631.jpg,Z
15632.jpg,M
15633.jpg,K
15634.jpg,O
15635.jpg,H
15636.jpg,Y
15637.jpg,J
15638.jpg,O
15639.jpg,M
1564.jpg,Q
15640.jpg,F
15641.jpg,D
15642.jpg,M
15643.jpg,H
15644.jpg,J
15645.jpg,Q
15646.jpg,Y
15647.jpg,K
15648.jpg,B
15649.jpg,A
1565.jpg,I
15650.jpg,K
15651.jpg,P
15652.jpg,U
15653.jpg,H
15654.jpg,Y
15655.jpg,K
15656.jpg,E
15657.jpg,W
15658.jpg,M
15659.jpg,K
1566.jpg,C
15660.jpg,N
15661.jpg,V
15662.jpg,U
15663.jpg,Y
15664.jpg,M
15665.jpg,U
15666.jpg,R
15667.jpg,B
15668.jpg,Q
15669.jpg,L
1567.jpg,X
15670.jpg,N
15671.jpg,X
15672.jpg,C
15673.jpg,R
15674.jpg,X
15675.jpg,D
15676.jpg,M
15677.jpg,M
15678.jpg,E
15679.jpg,M
1568.jpg,H
15680.jpg,X
15681.jpg,W
15682.jpg,N
15683.jpg,P
15684.jpg,U
15685.jpg,O
15686.jpg,R
15687.jpg,K
15688.jpg,R
15689.jpg,R
1569.jpg,G
15690.jpg,M
15691.jpg,M
15692.jpg,L
15693.jpg,M
15694.jpg,N
15695.jpg,O
15696.jpg,X
15697.jpg,Q
15698.jpg,R
15699.jpg,Z
157.jpg,B
1570.jpg,C
15700.jpg,N
15701.jpg,Q
15702.jpg,J
15703.jpg,P
15704.jpg,M
15705.jpg,X
15706.jpg,X
15707.jpg,Y
15708.jpg,I
15709.jpg,S
1571.jpg,J
15710.jpg,P
15711.jpg,O
15712.jpg,E
15713.jpg,R
15714.jpg,N
15715.jpg,U
15716.jpg,H
15717.jpg,del
15718.jpg,M
15719.jpg,L
1572.jpg,R
15720.jpg,P
15721.jpg,X
15722.jpg,S
15723.jpg,O
15724.jpg,R
15725.jpg,W
15726.jpg,M
15727.jpg,V
15728.jpg,M
15729.jpg,V
1573.jpg,H
15730.jpg,R
15731.jpg,M
15732.jpg,X
15733.jpg,M
15734.jpg,Q
15735.jpg,N
15736.jpg,C
15737.jpg,N
15738.jpg,V
15739.jpg,W
1574.jpg,M
15740.jpg,R
15741.jpg,N
15742.jpg,M
15743.jpg,X
15744.jpg,O
15745.jpg,P
15746.jpg,U
15747.jpg,N
15748.jpg,space
15749.jpg,C
1575.jpg,M
15750.jpg,N
15751.jpg,E
15752.jpg,H
15753.jpg,W
15754.jpg,N
15755.jpg,K
15756.jpg,P
15757.jpg,R
15758.jpg,H
15759.jpg,J
1576.jpg,M
15760.jpg,space
15761.jpg,B
15762.jpg,Q
15763.jpg,Q
15764.jpg,X
15765.jpg,M
15766.jpg,O
15767.jpg,N
15768.jpg,W
15769.jpg,M
1577.jpg,M
15770.jpg,D
15771.jpg,P
15772.jpg,F
15773.jpg,K
15774.jpg,L
15775.jpg,J
15776.jpg,L
15777.jpg,U
15778.jpg,H
15779.jpg,O
1578.jpg,E
15780.jpg,W
15781.jpg,M
15782.jpg,S
15783.jpg,Y
15784.jpg,V
15785.jpg,C
15786.jpg,I
15787.jpg,Q
15788.jpg,M
15789.jpg,S
1579.jpg,W
15790.jpg,N
15791.jpg,B
15792.jpg,P
15793.jpg,M
15794.jpg,B
15795.jpg,N
15796.jpg,N
15797.jpg,E
15798.jpg,M
15799.jpg,I
158.jpg,U
1580.jpg,M
15800.jpg,Q
15801.jpg,J
15802.jpg,R
15803.jpg,X
15804.jpg,W
15805.jpg,L
15806.jpg,N
15807.jpg,O
15808.jpg,M
15809.jpg,X
1581.jpg,H
15810.jpg,P
15811.jpg,Y
15812.jpg,X
15813.jpg,C
15814.jpg,P
15815.jpg,L
15816.jpg,M
15817.jpg,M
15818.jpg,Z
15819.jpg,E
1582.jpg,Q
15820.jpg,O
15821.jpg,V
15822.jpg,O
15823.jpg,U
15824.jpg,J
15825.jpg,N
15826.jpg,R
15827.jpg,E
15828.jpg,Y
15829.jpg,U
1583.jpg,K
15830.jpg,L
15831.jpg,J
15832.jpg,T
15833.jpg,M
15834.jpg,N
15835.jpg,M
15836.jpg,P
15837.jpg,Y
15838.jpg,J
15839.jpg,L
1584.jpg,L
15840.jpg,D
15841.jpg,O
15842.jpg,I
15843.jpg,W
15844.jpg,del
15845.jpg,J
15846.jpg,B
15847.jpg,S
15848.jpg,K
15849.jpg,U
1585.jpg,O
15850.jpg,M
15851.jpg,J
15852.jpg,space
15853.jpg,M
15854.jpg,R
15855.jpg,I
15856.jpg,J
15857.jpg,I
15858.jpg,X
15859.jpg,E
1586.jpg,M
15860.jpg,B
15861.jpg,E
15862.jpg,U
15863.jpg,P
15864.jpg,N
15865.jpg,Z
15866.jpg,X
15867.jpg,E
15868.jpg,H
15869.jpg,S
1587.jpg,P
15870.jpg,R
15871.jpg,S
15872.jpg,M
15873.jpg,J
15874.jpg,K
15875.jpg,R
15876.jpg,U
15877.jpg,X
15878.jpg,J
15879.jpg,L
1588.jpg,L
15880.jpg,T
15881.jpg,U
15882.jpg,V
15883.jpg,W
15884.jpg,P
15885.jpg,Q
15886.jpg,X
15887.jpg,V
15888.jpg,I
15889.jpg,N
1589.jpg,K
15890.jpg,J
15891.jpg,W
15892.jpg,L
15893.jpg,R
15894.jpg,E
15895.jpg,B
15896.jpg,Q
15897.jpg,U
15898.jpg,V
15899.jpg,Y
159.jpg,M
1590.jpg,R
15900.jpg,P
15901.jpg,P
15902.jpg,M
15903.jpg,R
15904.jpg,N
15905.jpg,M
15906.jpg,E
15907.jpg,O
15908.jpg,A
15909.jpg,W
1591.jpg,S
15910.jpg,X
15911.jpg,N
15912.jpg,Q
15913.jpg,N
15914.jpg,U
15915.jpg,X
15916.jpg,G
15917.jpg,R
15918.jpg,B
15919.jpg,W
1592.jpg,N
15920.jpg,M
15921.jpg,N
15922.jpg,M
15923.jpg,X
15924.jpg,V
15925.jpg,X
15926.jpg,U
15927.jpg,Y
15928.jpg,N
15929.jpg,G
1593.jpg,O
15930.jpg,O
15931.jpg,E
15932.jpg,U
15933.jpg,N
15934.jpg,R
15935.jpg,E
15936.jpg,H
15937.jpg,K
15938.jpg,V
15939.jpg,S
1594.jpg,M
15940.jpg,M
15941.jpg,M
15942.jpg,L
15943.jpg,I
15944.jpg,S
15945.jpg,V
15946.jpg,C
15947.jpg,A
15948.jpg,I
15949.jpg,M
1595.jpg,N
15950.jpg,B
15951.jpg,W
15952.jpg,B
15953.jpg,P
15954.jpg,H
15955.jpg,W
15956.jpg,M
15957.jpg,J
15958.jpg,P
15959.jpg,U
1596.jpg,Q
15960.jpg,L
15961.jpg,H
15962.jpg,K
15963.jpg,M
15964.jpg,P
15965.jpg,M
15966.jpg,U
15967.jpg,P
15968.jpg,O
15969.jpg,V
1597.jpg,Q
15970.jpg,H
15971.jpg,J
15972.jpg,M
15973.jpg,M
15974.jpg,N
15975.jpg,H
15976.jpg,U
15977.jpg,V
15978.jpg,M
15979.jpg,del
1598.jpg,space
15980.jpg,Y
15981.jpg,C
15982.jpg,E
15983.jpg,Q
15984.jpg,G
15985.jpg,X
15986.jpg,L
15987.jpg,W
15988.jpg,B
15989.jpg,nothing
1599.jpg,Z
15990.jpg,J
15991.jpg,O
15992.jpg,V
15993.jpg,E
15994.jpg,V
15995.jpg,L
15996.jpg,O
15997.jpg,V
15998.jpg,Q
15999.jpg,H
16.jpg,C
160.jpg,U
1600.jpg,E
16000.jpg,A
16001.jpg,P
16002.jpg,L
16003.jpg,V
16004.jpg,L
16005.jpg,S
16006.jpg,B
16007.jpg,R
16008.jpg,M
16009.jpg,M
1601.jpg,N
16010.jpg,P
16011.jpg,U
16012.jpg,C
16013.jpg,S
16014.jpg,M
16015.jpg,J
16016.jpg,W
16017.jpg,R
16018.jpg,P
16019.jpg,P
1602.jpg,K
16020.jpg,X
16021.jpg,J
16022.jpg,O
16023.jpg,J
16024.jpg,B
16025.jpg,U
16026.jpg,M
16027.jpg,U
16028.jpg,A
16029.jpg,E
1603.jpg,M
16030.jpg,R
16031.jpg,W
16032.jpg,V
16033.jpg,P
16034.jpg,E
16035.jpg,S
16036.jpg,J
16037.jpg,M
16038.jpg,B
16039.jpg,M
1604.jpg,Y
16040.jpg,K
16041.jpg,H
16042.jpg,M
16043.jpg,M
16044.jpg,J
16045.jpg,space
16046.jpg,C
16047.jpg,U
16048.jpg,N
16049.jpg,B
1605.jpg,B
16050.jpg,U
16051.jpg,N
16052.jpg,P
16053.jpg,O
16054.jpg,B
16055.jpg,O
16056.jpg,I
16057.jpg,M
16058.jpg,J
16059.jpg,U
1606.jpg,Y
16060.jpg,N
16061.jpg,B
16062.jpg,N
16063.jpg,U
16064.jpg,O
16065.jpg,K
16066.jpg,M
16067.jpg,X
16068.jpg,W
16069.jpg,P
1607.jpg,J
16070.jpg,M
16071.jpg,M
16072.jpg,P
16073.jpg,P
16074.jpg,R
16075.jpg,W
16076.jpg,L
16077.jpg,M
16078.jpg,M
16079.jpg,J
1608.jpg,J
16080.jpg,L
16081.jpg,O
16082.jpg,H
16083.jpg,Z
16084.jpg,J
16085.jpg,B
16086.jpg,S
16087.jpg,J
16088.jpg,J
16089.jpg,X
1609.jpg,N
16090.jpg,M
16091.jpg,W
16092.jpg,B
16093.jpg,M
16094.jpg,N
16095.jpg,H
16096.jpg,M
16097.jpg,space
16098.jpg,L
16099.jpg,M
161.jpg,U
1610.jpg,X
16100.jpg,Y
16101.jpg,M
16102.jpg,M
16103.jpg,N
16104.jpg,D
16105.jpg,X
16106.jpg,N
16107.jpg,O
16108.jpg,K
16109.jpg,R
1611.jpg,R
16110.jpg,C
16111.jpg,S
16112.jpg,V
16113.jpg,D
16114.jpg,M
16115.jpg,V
16116.jpg,R
16117.jpg,C
16118.jpg,V
16119.jpg,M
1612.jpg,C
16120.jpg,C
16121.jpg,B
16122.jpg,M
16123.jpg,H
16124.jpg,H
16125.jpg,P
16126.jpg,W
16127.jpg,M
16128.jpg,E
16129.jpg,Z
1613.jpg,Y
16130.jpg,Q
16131.jpg,J
16132.jpg,W
16133.jpg,P
16134.jpg,S
16135.jpg,I
16136.jpg,J
16137.jpg,J
16138.jpg,Y
16139.jpg,J
1614.jpg,M
16140.jpg,M
16141.jpg,N
16142.jpg,J
16143.jpg,U
16144.jpg,K
16145.jpg,X
16146.jpg,N
16147.jpg,Y
16148.jpg,L
16149.jpg,N
1615.jpg,M
16150.jpg,M
16151.jpg,Y
16152.jpg,O
16153.jpg,Q
16154.jpg,U
16155.jpg,I
16156.jpg,S
16157.jpg,I
16158.jpg,N
16159.jpg,B
1616.jpg,U
16160.jpg,R
16161.jpg,N
16162.jpg,J
16163.jpg,Q
16164.jpg,K
16165.jpg,N
16166.jpg,N
16167.jpg,U
16168.jpg,J
16169.jpg,H
1617.jpg,R
16170.jpg,R
16171.jpg,Y
16172.jpg,N
16173.jpg,M
16174.jpg,R
16175.jpg,U
16176.jpg,S
16177.jpg,K
16178.jpg,Q
16179.jpg,B
1618.jpg,L
16180.jpg,P
16181.jpg,U
16182.jpg,A
16183.jpg,A
16184.jpg,J
16185.jpg,M
16186.jpg,M
16187.jpg,N
16188.jpg,U
16189.jpg,E
1619.jpg,R
16190.jpg,O
16191.jpg,W
16192.jpg,T
16193.jpg,A
16194.jpg,O
16195.jpg,J
16196.jpg,V
16197.jpg,R
16198.jpg,N
16199.jpg,W
162.jpg,C
1620.jpg,O
16200.jpg,J
16201.jpg,U
16202.jpg,Y
16203.jpg,A
16204.jpg,M
16205.jpg,U
16206.jpg,P
16207.jpg,C
16208.jpg,A
16209.jpg,M
1621.jpg,M
16210.jpg,X
16211.jpg,D
16212.jpg,M
16213.jpg,M
16214.jpg,I
16215.jpg,X
16216.jpg,M
16217.jpg,W
16218.jpg,J
16219.jpg,N
1622.jpg,R
16220.jpg,U
16221.jpg,M
16222.jpg,K
16223.jpg,Y
16224.jpg,P
16225.jpg,U
16226.jpg,H
16227.jpg,R
16228.jpg,S
16229.jpg,V
1623.jpg,M
16230.jpg,H
16231.jpg,J
16232.jpg,O
16233.jpg,P
16234.jpg,Y
16235.jpg,B
16236.jpg,R
16237.jpg,M
16238.jpg,H
16239.jpg,M
1624.jpg,Y
16240.jpg,P
16241.jpg,O
16242.jpg,U
16243.jpg,J
16244.jpg,N
16245.jpg,O
16246.jpg,V
16247.jpg,W
16248.jpg,A
16249.jpg,J
1625.jpg,Y
16250.jpg,B
16251.jpg,C
16252.jpg,N
16253.jpg,Q
16254.jpg,W
16255.jpg,N
16256.jpg,O
16257.jpg,R
16258.jpg,O
16259.jpg,B
1626.jpg,J
16260.jpg,O
16261.jpg,L
16262.jpg,B
16263.jpg,Q
16264.jpg,T
16265.jpg,U
16266.jpg,J
16267.jpg,N
16268.jpg,A
16269.jpg,B
1627.jpg,C
16270.jpg,O
16271.jpg,A
16272.jpg,M
16273.jpg,N
16274.jpg,M
16275.jpg,O
16276.jpg,M
16277.jpg,O
16278.jpg,M
16279.jpg,K
1628.jpg,T
16280.jpg,M
16281.jpg,N
16282.jpg,N
16283.jpg,N
16284.jpg,V
16285.jpg,Q
16286.jpg,V
16287.jpg,C
16288.jpg,B
16289.jpg,I
1629.jpg,M
16290.jpg,P
16291.jpg,J
16292.jpg,X
16293.jpg,C
16294.jpg,W
16295.jpg,Y
16296.jpg,S
16297.jpg,B
16298.jpg,M
16299.jpg,S
163.jpg,R
1630.jpg,X
16300.jpg,X
16301.jpg,A
16302.jpg,M
16303.jpg,U
16304.jpg,P
16305.jpg,M
16306.jpg,L
16307.jpg,R
16308.jpg,X
16309.jpg,B
1631.jpg,J
16310.jpg,X
16311.jpg,Q
16312.jpg,B
16313.jpg,T
16314.jpg,H
16315.jpg,Q
16316.jpg,N
16317.jpg,M
16318.jpg,U
16319.jpg,M
1632.jpg,A
16320.jpg,A
16321.jpg,F
16322.jpg,M
16323.jpg,X
16324.jpg,X
16325.jpg,H
16326.jpg,Q
16327.jpg,M
16328.jpg,I
16329.jpg,M
1633.jpg,S
16330.jpg,U
16331.jpg,U
16332.jpg,N
16333.jpg,H
16334.jpg,P
16335.jpg,P
16336.jpg,V
16337.jpg,M
16338.jpg,M
16339.jpg,X
1634.jpg,M
16340.jpg,B
16341.jpg,I
16342.jpg,W
16343.jpg,O
16344.jpg,T
16345.jpg,Y
16346.jpg,V
16347.jpg,V
16348.jpg,E
16349.jpg,N
1635.jpg,O
16350.jpg,H
16351.jpg,W
16352.jpg,W
16353.jpg,V
16354.jpg,N
16355.jpg,I
16356.jpg,U
16357.jpg,N
16358.jpg,B
16359.jpg,K
1636.jpg,O
16360.jpg,U
16361.jpg,B
16362.jpg,M
16363.jpg,O
16364.jpg,I
16365.jpg,S
16366.jpg,Q
16367.jpg,Q
16368.jpg,H
16369.jpg,M
1637.jpg,I
16370.jpg,M
16371.jpg,X
16372.jpg,L
16373.jpg,Q
16374.jpg,D
16375.jpg,W
16376.jpg,F
16377.jpg,C
16378.jpg,P
16379.jpg,O
1638.jpg,I
16380.jpg,J
16381.jpg,X
16382.jpg,J
16383.jpg,O
16384.jpg,W
16385.jpg,V
16386.jpg,N
16387.jpg,U
16388.jpg,E
16389.jpg,L
1639.jpg,A
16390.jpg,U
16391.jpg,U
16392.jpg,X
16393.jpg,P
16394.jpg,C
16395.jpg,M
16396.jpg,M
16397.jpg,P
16398.jpg,W
16399.jpg,M
164.jpg,J
1640.jpg,Z
16400.jpg,Y
16401.jpg,L
16402.jpg,Q
16403.jpg,R
16404.jpg,J
16405.jpg,M
16406.jpg,M
16407.jpg,U
16408.jpg,M
16409.jpg,L
1641.jpg,O
16410.jpg,H
16411.jpg,A
16412.jpg,Q
16413.jpg,M
16414.jpg,R
16415.jpg,W
16416.jpg,J
16417.jpg,M
16418.jpg,M
16419.jpg,J
1642.jpg,O
16420.jpg,R
16421.jpg,R
16422.jpg,R
16423.jpg,A
16424.jpg,Q
16425.jpg,Q
16426.jpg,R
16427.jpg,M
16428.jpg,D
16429.jpg,S
1643.jpg,M
16430.jpg,M
16431.jpg,space
16432.jpg,Y
16433.jpg,J
16434.jpg,J
16435.jpg,P
16436.jpg,Q
16437.jpg,W
16438.jpg,H
16439.jpg,Q
1644.jpg,B
16440.jpg,del
16441.jpg,W
16442.jpg,A
16443.jpg,M
16444.jpg,M
16445.jpg,U
16446.jpg,M
16447.jpg,V
16448.jpg,X
16449.jpg,I
1645.jpg,H
16450.jpg,E
16451.jpg,O
16452.jpg,B
16453.jpg,J
16454.jpg,X
16455.jpg,U
16456.jpg,Y
16457.jpg,H
16458.jpg,N
16459.jpg,L
1646.jpg,O
16460.jpg,Q
16461.jpg,V
16462.jpg,P
16463.jpg,M
16464.jpg,P
16465.jpg,H
16466.jpg,M
16467.jpg,K
16468.jpg,H
16469.jpg,J
1647.jpg,E
16470.jpg,X
16471.jpg,M
16472.jpg,M
16473.jpg,J
16474.jpg,H
16475.jpg,O
16476.jpg,M
16477.jpg,S
16478.jpg,J
16479.jpg,X
1648.jpg,Y
16480.jpg,C
16481.jpg,R
16482.jpg,R
16483.jpg,K
16484.jpg,N
16485.jpg,B
16486.jpg,J
16487.jpg,J
16488.jpg,M
16489.jpg,U
1649.jpg,K
16490.jpg,M
16491.jpg,L
16492.jpg,Q
16493.jpg,O
16494.jpg,M
16495.jpg,U
16496.jpg,W
16497.jpg,S
16498.jpg,P
16499.jpg,space
165.jpg,I
1650.jpg,L
16500.jpg,M
16501.jpg,M
16502.jpg,J
16503.jpg,P
16504.jpg,N
16505.jpg,R
16506.jpg,X
16507.jpg,U
16508.jpg,M
16509.jpg,S
1651.jpg,W
16510.jpg,H
16511.jpg,K
16512.jpg,L
16513.jpg,M
16514.jpg,R
16515.jpg,M
16516.jpg,O
16517.jpg,D
16518.jpg,V
16519.jpg,R
1652.jpg,N
16520.jpg,M
16521.jpg,J
16522.jpg,P
16523.jpg,O
16524.jpg,B
16525.jpg,W
16526.jpg,K
16527.jpg,V
16528.jpg,J
16529.jpg,M
1653.jpg,E
16530.jpg,H
16531.jpg,M
16532.jpg,M
16533.jpg,Q
16534.jpg,R
16535.jpg,Y
16536.jpg,Q
16537.jpg,X
16538.jpg,M
16539.jpg,A
1654.jpg,H
16540.jpg,U
16541.jpg,R
16542.jpg,O
16543.jpg,Y
16544.jpg,B
16545.jpg,N
16546.jpg,R
16547.jpg,M
16548.jpg,C
16549.jpg,Y
1655.jpg,J
16550.jpg,E
16551.jpg,M
16552.jpg,V
16553.jpg,M
16554.jpg,O
16555.jpg,W
16556.jpg,M
16557.jpg,P
16558.jpg,V
16559.jpg,E
1656.jpg,O
16560.jpg,A
16561.jpg,O
16562.jpg,L
16563.jpg,B
16564.jpg,H
16565.jpg,K
16566.jpg,P
16567.jpg,L
16568.jpg,I
16569.jpg,N
1657.jpg,D
16570.jpg,J
16571.jpg,V
16572.jpg,P
16573.jpg,S
16574.jpg,O
16575.jpg,W
16576.jpg,M
16577.jpg,B
16578.jpg,L
16579.jpg,Y
1658.jpg,J
16580.jpg,M
16581.jpg,W
16582.jpg,Q
16583.jpg,P
16584.jpg,O
16585.jpg,U
16586.jpg,S
16587.jpg,L
16588.jpg,T
16589.jpg,B
1659.jpg,W
16590.jpg,J
16591.jpg,R
16592.jpg,J
16593.jpg,N
16594.jpg,S
16595.jpg,M
16596.jpg,Y
16597.jpg,X
16598.jpg,U
16599.jpg,N
166.jpg,X
1660.jpg,M
16600.jpg,W
16601.jpg,Q
16602.jpg,M
16603.jpg,Q
16604.jpg,T
16605.jpg,H
16606.jpg,V
16607.jpg,J
16608.jpg,X
16609.jpg,Y
1661.jpg,X
16610.jpg,Y
16611.jpg,R
16612.jpg,V
16613.jpg,M
16614.jpg,M
16615.jpg,N
16616.jpg,M
16617.jpg,R
16618.jpg,K
16619.jpg,M
1662.jpg,M
16620.jpg,J
16621.jpg,S
16622.jpg,U
16623.jpg,G
16624.jpg,R
16625.jpg,Q
16626.jpg,V
16627.jpg,E
16628.jpg,Y
16629.jpg,Y
1663.jpg,X
16630.jpg,M
16631.jpg,S
16632.jpg,Q
16633.jpg,U
16634.jpg,W
16635.jpg,I
16636.jpg,M
16637.jpg,H
16638.jpg,J
16639.jpg,M
1664.jpg,C
16640.jpg,M
16641.jpg,Y
16642.jpg,J
16643.jpg,E
16644.jpg,T
16645.jpg,B
16646.jpg,E
16647.jpg,W
16648.jpg,V
16649.jpg,O
1665.jpg,R
16650.jpg,M
16651.jpg,H
16652.jpg,M
16653.jpg,X
16654.jpg,U
16655.jpg,M
16656.jpg,U
16657.jpg,X
16658.jpg,G
16659.jpg,H
1666.jpg,M
16660.jpg,space
16661.jpg,R
16662.jpg,S
16663.jpg,X
16664.jpg,D
16665.jpg,M
16666.jpg,N
16667.jpg,O
16668.jpg,H
16669.jpg,U
1667.jpg,Q
16670.jpg,B
16671.jpg,Y
16672.jpg,R
16673.jpg,W
16674.jpg,W
16675.jpg,N
16676.jpg,M
16677.jpg,O
16678.jpg,N
16679.jpg,P
1668.jpg,Y
16680.jpg,L
16681.jpg,O
16682.jpg,M
16683.jpg,O
16684.jpg,T
16685.jpg,Y
16686.jpg,K
16687.jpg,R
16688.jpg,C
16689.jpg,M
1669.jpg,N
16690.jpg,H
16691.jpg,C
16692.jpg,M
16693.jpg,M
16694.jpg,Z
16695.jpg,P
16696.jpg,U
16697.jpg,N
16698.jpg,W
16699.jpg,M
167.jpg,J
1670.jpg,V
16700.jpg,X
16701.jpg,M
16702.jpg,R
16703.jpg,X
16704.jpg,M
16705.jpg,M
16706.jpg,P
16707.jpg,N
16708.jpg,N
16709.jpg,B
1671.jpg,K
16710.jpg,U
16711.jpg,U
16712.jpg,U
16713.jpg,Q
16714.jpg,Y
16715.jpg,U
16716.jpg,L
16717.jpg,O
16718.jpg,C
16719.jpg,P
1672.jpg,H
16720.jpg,M
16721.jpg,U
16722.jpg,M
16723.jpg,U
16724.jpg,J
16725.jpg,del
16726.jpg,K
16727.jpg,R
16728.jpg,M
16729.jpg,A
1673.jpg,R
16730.jpg,X
16731.jpg,A
16732.jpg,N
16733.jpg,N
16734.jpg,U
16735.jpg,P
16736.jpg,J
16737.jpg,S
16738.jpg,R
16739.jpg,G
1674.jpg,P
16740.jpg,N
16741.jpg,J
16742.jpg,L
16743.jpg,O
16744.jpg,U
16745.jpg,O
16746.jpg,Z
16747.jpg,B
16748.jpg,O
16749.jpg,Y
1675.jpg,N
16750.jpg,M
16751.jpg,O
16752.jpg,R
16753.jpg,L
16754.jpg,M
16755.jpg,F
16756.jpg,C
16757.jpg,L
16758.jpg,U
16759.jpg,G
1676.jpg,E
16760.jpg,J
16761.jpg,S
16762.jpg,W
16763.jpg,L
16764.jpg,K
16765.jpg,O
16766.jpg,S
16767.jpg,R
16768.jpg,O
16769.jpg,O
1677.jpg,I
16770.jpg,A
16771.jpg,H
16772.jpg,del
16773.jpg,G
16774.jpg,S
16775.jpg,J
16776.jpg,N
16777.jpg,R
16778.jpg,R
16779.jpg,M
1678.jpg,X
16780.jpg,L
16781.jpg,U
16782.jpg,P
16783.jpg,C
16784.jpg,O
16785.jpg,E
16786.jpg,M
16787.jpg,R
16788.jpg,M
16789.jpg,N
1679.jpg,G
16790.jpg,U
16791.jpg,H
16792.jpg,P
16793.jpg,M
16794.jpg,J
16795.jpg,A
16796.jpg,O
16797.jpg,C
16798.jpg,M
16799.jpg,W
168.jpg,B
1680.jpg,Z
16800.jpg,Y
16801.jpg,R
16802.jpg,X
16803.jpg,C
16804.jpg,S
16805.jpg,J
16806.jpg,X
16807.jpg,U
16808.jpg,B
16809.jpg,J
1681.jpg,J
16810.jpg,M
16811.jpg,C
16812.jpg,U
16813.jpg,C
16814.jpg,N
16815.jpg,X
16816.jpg,Q
16817.jpg,space
16818.jpg,S
16819.jpg,O
1682.jpg,N
16820.jpg,O
16821.jpg,I
16822.jpg,T
16823.jpg,O
16824.jpg,Q
16825.jpg,S
16826.jpg,O
16827.jpg,D
16828.jpg,V
16829.jpg,W
1683.jpg,H
16830.jpg,M
16831.jpg,L
16832.jpg,J
16833.jpg,Y
16834.jpg,O
16835.jpg,O
16836.jpg,M
16837.jpg,E
16838.jpg,U
16839.jpg,V
1684.jpg,W
16840.jpg,N
16841.jpg,N
16842.jpg,B
16843.jpg,W
16844.jpg,R
16845.jpg,M
16846.jpg,X
16847.jpg,M
16848.jpg,U
16849.jpg,O
1685.jpg,M
16850.jpg,N
16851.jpg,O
16852.jpg,S
16853.jpg,Y
16854.jpg,O
16855.jpg,C
16856.jpg,H
16857.jpg,Q
16858.jpg,I
16859.jpg,J
1686.jpg,J
16860.jpg,Y
16861.jpg,B
16862.jpg,P
16863.jpg,W
16864.jpg,N
16865.jpg,T
16866.jpg,K
16867.jpg,C
16868.jpg,R
16869.jpg,K
1687.jpg,P
16870.jpg,W
16871.jpg,M
16872.jpg,K
16873.jpg,O
16874.jpg,W
16875.jpg,X
16876.jpg,V
16877.jpg,S
16878.jpg,R
16879.jpg,U
1688.jpg,J
16880.jpg,M
16881.jpg,W
16882.jpg,H
16883.jpg,P
16884.jpg,K
16885.jpg,R
16886.jpg,Y
16887.jpg,W
16888.jpg,G
16889.jpg,I
1689.jpg,K
16890.jpg,M
16891.jpg,M
16892.jpg,J
16893.jpg,M
16894.jpg,W
16895.jpg,space
16896.jpg,M
16897.jpg,C
16898.jpg,L
16899.jpg,H
169.jpg,N
1690.jpg,M
16900.jpg,B
16901.jpg,S
16902.jpg,M
16903.jpg,J
16904.jpg,M
16905.jpg,U
16906.jpg,V
16907.jpg,M
16908.jpg,K
16909.jpg,S
1691.jpg,A
16910.jpg,H
16911.jpg,V
16912.jpg,M
16913.jpg,P
16914.jpg,M
16915.jpg,P
16916.jpg,N
16917.jpg,K
16918.jpg,K
16919.jpg,N
1692.jpg,J
16920.jpg,J
16921.jpg,P
16922.jpg,O
16923.jpg,Z
16924.jpg,M
16925.jpg,N
16926.jpg,Z
16927.jpg,Z
16928.jpg,B
16929.jpg,Q
1693.jpg,Q
16930.jpg,V
16931.jpg,P
16932.jpg,U
16933.jpg,M
16934.jpg,H
16935.jpg,M
16936.jpg,del
16937.jpg,R
16938.jpg,O
16939.jpg,P
1694.jpg,E
16940.jpg,A
16941.jpg,M
16942.jpg,J
16943.jpg,I
16944.jpg,U
16945.jpg,S
16946.jpg,U
16947.jpg,A
16948.jpg,I
16949.jpg,Y
1695.jpg,U
16950.jpg,M
16951.jpg,N
16952.jpg,del
16953.jpg,R
16954.jpg,C
16955.jpg,M
16956.jpg,R
16957.jpg,I
16958.jpg,A
16959.jpg,W
1696.jpg,B
16960.jpg,M
16961.jpg,A
16962.jpg,Z
16963.jpg,R
16964.jpg,M
16965.jpg,R
16966.jpg,O
16967.jpg,P
16968.jpg,K
16969.jpg,Q
1697.jpg,P
16970.jpg,H
16971.jpg,M
16972.jpg,J
16973.jpg,O
16974.jpg,U
16975.jpg,I
16976.jpg,L
16977.jpg,H
16978.jpg,N
16979.jpg,J
1698.jpg,U
16980.jpg,U
16981.jpg,X
16982.jpg,O
16983.jpg,M
16984.jpg,I
16985.jpg,M
16986.jpg,W
16987.jpg,K
16988.jpg,space
16989.jpg,M
1699.jpg,J
16990.jpg,J
16991.jpg,F
16992.jpg,space
16993.jpg,K
16994.jpg,L
16995.jpg,N
16996.jpg,U
16997.jpg,W
16998.jpg,Q
16999.jpg,S
17.jpg,N
170.jpg,U
1700.jpg,N
17000.jpg,Q
17001.jpg,M
17002.jpg,Y
17003.jpg,W
17004.jpg,Y
17005.jpg,C
17006.jpg,N
17007.jpg,R
17008.jpg,M
17009.jpg,J
1701.jpg,S
17010.jpg,S
17011.jpg,S
17012.jpg,J
17013.jpg,O
17014.jpg,M
17015.jpg,L
17016.jpg,Y
17017.jpg,O
17018.jpg,P
17019.jpg,O
1702.jpg,P
17020.jpg,U
17021.jpg,V
17022.jpg,F
17023.jpg,J
17024.jpg,L
17025.jpg,B
17026.jpg,Y
17027.jpg,V
17028.jpg,J
17029.jpg,Y
1703.jpg,G
17030.jpg,W
17031.jpg,del
17032.jpg,L
17033.jpg,H
17034.jpg,W
17035.jpg,Z
17036.jpg,U
17037.jpg,N
17038.jpg,Q
17039.jpg,P
1704.jpg,L
17040.jpg,M
17041.jpg,W
17042.jpg,J
17043.jpg,V
17044.jpg,C
17045.jpg,P
17046.jpg,C
17047.jpg,K
17048.jpg,N
17049.jpg,M
1705.jpg,Y
17050.jpg,P
17051.jpg,M
17052.jpg,U
17053.jpg,Y
17054.jpg,V
17055.jpg,O
17056.jpg,P
17057.jpg,Q
17058.jpg,L
17059.jpg,N
1706.jpg,M
17060.jpg,W
17061.jpg,X
17062.jpg,N
17063.jpg,V
17064.jpg,D
17065.jpg,M
17066.jpg,A
17067.jpg,O
17068.jpg,X
17069.jpg,K
1707.jpg,M
17070.jpg,R
17071.jpg,U
17072.jpg,K
17073.jpg,Y
17074.jpg,H
17075.jpg,M
17076.jpg,M
17077.jpg,P
17078.jpg,J
17079.jpg,U
1708.jpg,I
17080.jpg,W
17081.jpg,space
17082.jpg,M
17083.jpg,K
17084.jpg,H
17085.jpg,K
17086.jpg,H
17087.jpg,Z
17088.jpg,B
17089.jpg,B
1709.jpg,X
17090.jpg,K
17091.jpg,M
17092.jpg,H
17093.jpg,P
17094.jpg,M
17095.jpg,Y
17096.jpg,P
17097.jpg,B
17098.jpg,nothing
17099.jpg,L
171.jpg,J
1710.jpg,Q
17100.jpg,V
17101.jpg,Y
17102.jpg,H
17103.jpg,W
17104.jpg,C
17105.jpg,W
17106.jpg,M
17107.jpg,L
17108.jpg,K
17109.jpg,P
1711.jpg,H
17110.jpg,R
17111.jpg,V
17112.jpg,A
17113.jpg,U
17114.jpg,J
17115.jpg,Q
17116.jpg,M
17117.jpg,Y
17118.jpg,H
17119.jpg,S
1712.jpg,J
17120.jpg,P
17121.jpg,W
17122.jpg,O
17123.jpg,M
17124.jpg,J
17125.jpg,H
17126.jpg,S
17127.jpg,R
17128.jpg,D
17129.jpg,P
1713.jpg,U
17130.jpg,W
17131.jpg,Q
17132.jpg,H
17133.jpg,W
17134.jpg,L
17135.jpg,S
17136.jpg,U
17137.jpg,O
17138.jpg,P
17139.jpg,R
1714.jpg,Q
17140.jpg,O
17141.jpg,Y
17142.jpg,N
17143.jpg,M
17144.jpg,X
17145.jpg,N
17146.jpg,B
17147.jpg,L
17148.jpg,T
17149.jpg,J
1715.jpg,K
17150.jpg,del
17151.jpg,O
17152.jpg,X
17153.jpg,W
17154.jpg,V
17155.jpg,M
17156.jpg,U
17157.jpg,N
17158.jpg,R
17159.jpg,O
1716.jpg,O
17160.jpg,X
17161.jpg,X
17162.jpg,M
17163.jpg,U
17164.jpg,Z
17165.jpg,L
17166.jpg,W
17167.jpg,M
17168.jpg,W
17169.jpg,P
1717.jpg,P
17170.jpg,W
17171.jpg,L
17172.jpg,E
17173.jpg,P
17174.jpg,K
17175.jpg,J
17176.jpg,H
17177.jpg,V
17178.jpg,W
17179.jpg,U
1718.jpg,R
17180.jpg,O
17181.jpg,W
17182.jpg,P
17183.jpg,Y
17184.jpg,P
17185.jpg,P
17186.jpg,L
17187.jpg,X
17188.jpg,K
17189.jpg,N
1719.jpg,Q
17190.jpg,R
17191.jpg,W
17192.jpg,X
17193.jpg,O
17194.jpg,O
17195.jpg,J
17196.jpg,O
17197.jpg,M
17198.jpg,M
17199.jpg,O
172.jpg,B
1720.jpg,X
17200.jpg,W
17201.jpg,R
17202.jpg,H
17203.jpg,K
17204.jpg,M
17205.jpg,C
17206.jpg,V
17207.jpg,M
17208.jpg,J
17209.jpg,H
1721.jpg,C
17210.jpg,U
17211.jpg,I
17212.jpg,P
17213.jpg,K
17214.jpg,W
17215.jpg,Y
17216.jpg,Q
17217.jpg,J
17218.jpg,X
17219.jpg,R
1722.jpg,P
17220.jpg,M
17221.jpg,P
17222.jpg,A
17223.jpg,I
17224.jpg,J
17225.jpg,M
17226.jpg,Q
17227.jpg,K
17228.jpg,S
17229.jpg,P
1723.jpg,C
17230.jpg,N
17231.jpg,X
17232.jpg,M
17233.jpg,B
17234.jpg,P
17235.jpg,W
17236.jpg,Y
17237.jpg,M
17238.jpg,V
17239.jpg,M
1724.jpg,Q
17240.jpg,M
17241.jpg,Q
17242.jpg,O
17243.jpg,J
17244.jpg,M
17245.jpg,S
17246.jpg,X
17247.jpg,L
17248.jpg,E
17249.jpg,R
1725.jpg,M
17250.jpg,R
17251.jpg,Y
17252.jpg,U
17253.jpg,P
17254.jpg,R
17255.jpg,del
17256.jpg,Q
17257.jpg,M
17258.jpg,M
17259.jpg,H
1726.jpg,X
17260.jpg,Y
17261.jpg,O
17262.jpg,S
17263.jpg,P
17264.jpg,U
17265.jpg,P
17266.jpg,S
17267.jpg,Q
17268.jpg,K
17269.jpg,S
1727.jpg,N
17270.jpg,W
17271.jpg,V
17272.jpg,W
17273.jpg,J
17274.jpg,J
17275.jpg,X
17276.jpg,N
17277.jpg,O
17278.jpg,S
17279.jpg,V
1728.jpg,P
17280.jpg,J
17281.jpg,Y
17282.jpg,Z
17283.jpg,A
17284.jpg,P
17285.jpg,C
17286.jpg,V
17287.jpg,M
17288.jpg,Q
17289.jpg,M
1729.jpg,H
17290.jpg,K
17291.jpg,L
17292.jpg,B
17293.jpg,M
17294.jpg,W
17295.jpg,R
17296.jpg,M
17297.jpg,K
17298.jpg,W
17299.jpg,L
173.jpg,U
1730.jpg,L
17300.jpg,U
17301.jpg,M
17302.jpg,Z
17303.jpg,S
17304.jpg,U
17305.jpg,M
17306.jpg,Q
17307.jpg,O
17308.jpg,L
17309.jpg,B
1731.jpg,W
17310.jpg,W
17311.jpg,M
17312.jpg,K
17313.jpg,H
17314.jpg,J
17315.jpg,V
17316.jpg,S
17317.jpg,X
17318.jpg,M
17319.jpg,M
1732.jpg,B
17320.jpg,Y
17321.jpg,P
17322.jpg,I
17323.jpg,O
17324.jpg,K
17325.jpg,P
17326.jpg,Y
17327.jpg,Q
17328.jpg,B
17329.jpg,H
1733.jpg,H
17330.jpg,N
17331.jpg,Y
17332.jpg,N
17333.jpg,M
17334.jpg,M
17335.jpg,N
17336.jpg,P
17337.jpg,U
17338.jpg,B
17339.jpg,U
1734.jpg,Y
17340.jpg,M
17341.jpg,O
17342.jpg,V
17343.jpg,W
17344.jpg,O
17345.jpg,L
17346.jpg,O
17347.jpg,P
17348.jpg,L
17349.jpg,R
1735.jpg,V
17350.jpg,M
17351.jpg,L
17352.jpg,G
17353.jpg,M
17354.jpg,M
17355.jpg,O
17356.jpg,L
17357.jpg,M
17358.jpg,B
17359.jpg,H
1736.jpg,P
17360.jpg,N
17361.jpg,L
17362.jpg,M
17363.jpg,W
17364.jpg,P
17365.jpg,del
17366.jpg,J
17367.jpg,J
17368.jpg,E
17369.jpg,C
1737.jpg,T
17370.jpg,V
17371.jpg,J
17372.jpg,Q
17373.jpg,I
17374.jpg,M
17375.jpg,A
17376.jpg,O
17377.jpg,N
17378.jpg,J
17379.jpg,N
1738.jpg,M
17380.jpg,R
17381.jpg,O
17382.jpg,N
17383.jpg,Y
17384.jpg,H
17385.jpg,P
17386.jpg,M
17387.jpg,B
17388.jpg,L
17389.jpg,U
1739.jpg,P
17390.jpg,E
17391.jpg,U
17392.jpg,M
17393.jpg,M
17394.jpg,I
17395.jpg,U
17396.jpg,H
17397.jpg,B
17398.jpg,M
17399.jpg,M
174.jpg,K
1740.jpg,C
17400.jpg,R
17401.jpg,N
17402.jpg,J
17403.jpg,N
17404.jpg,C
17405.jpg,J
17406.jpg,R
17407.jpg,K
17408.jpg,X
17409.jpg,U
1741.jpg,S
17410.jpg,N
17411.jpg,L
17412.jpg,R
17413.jpg,K
17414.jpg,X
17415.jpg,M
17416.jpg,L
17417.jpg,U
17418.jpg,N
17419.jpg,O
1742.jpg,N
17420.jpg,U
17421.jpg,M
17422.jpg,H
17423.jpg,J
17424.jpg,R
17425.jpg,U
17426.jpg,M
17427.jpg,Y
17428.jpg,X
17429.jpg,X
1743.jpg,R
17430.jpg,J
17431.jpg,B
17432.jpg,L
17433.jpg,W
17434.jpg,N
17435.jpg,L
17436.jpg,H
17437.jpg,V
17438.jpg,F
17439.jpg,U
1744.jpg,L
17440.jpg,M
17441.jpg,M
17442.jpg,D
17443.jpg,N
17444.jpg,I
17445.jpg,J
17446.jpg,V
17447.jpg,K
17448.jpg,J
17449.jpg,Y
1745.jpg,S
17450.jpg,K
17451.jpg,V
17452.jpg,L
17453.jpg,O
17454.jpg,L
17455.jpg,P
17456.jpg,J
17457.jpg,M
17458.jpg,O
17459.jpg,J
1746.jpg,O
17460.jpg,M
17461.jpg,N
17462.jpg,Q
17463.jpg,X
17464.jpg,M
17465.jpg,I
17466.jpg,R
17467.jpg,X
17468.jpg,A
17469.jpg,R
1747.jpg,Q
17470.jpg,Y
17471.jpg,S
17472.jpg,W
17473.jpg,O
17474.jpg,X
17475.jpg,N
17476.jpg,O
17477.jpg,Q
17478.jpg,A
17479.jpg,B
1748.jpg,Y
17480.jpg,O
17481.jpg,X
17482.jpg,R
17483.jpg,K
17484.jpg,H
17485.jpg,M
17486.jpg,N
17487.jpg,R
17488.jpg,S
17489.jpg,E
1749.jpg,M
17490.jpg,W
17491.jpg,M
17492.jpg,M
17493.jpg,U
17494.jpg,M
17495.jpg,M
17496.jpg,C
17497.jpg,X
17498.jpg,B
17499.jpg,X
175.jpg,B
1750.jpg,S
17500.jpg,X
17501.jpg,I
17502.jpg,H
17503.jpg,M
17504.jpg,Y
17505.jpg,M
17506.jpg,W
17507.jpg,W
17508.jpg,V
17509.jpg,O
1751.jpg,J
17510.jpg,H
17511.jpg,B
17512.jpg,O
17513.jpg,Q
17514.jpg,J
17515.jpg,V
17516.jpg,N
17517.jpg,N
17518.jpg,U
17519.jpg,C
1752.jpg,H
17520.jpg,P
17521.jpg,N
17522.jpg,N
17523.jpg,P
17524.jpg,U
17525.jpg,B
17526.jpg,R
17527.jpg,U
17528.jpg,J
17529.jpg,O
1753.jpg,H
17530.jpg,C
17531.jpg,P
17532.jpg,T
17533.jpg,R
17534.jpg,E
17535.jpg,U
17536.jpg,L
17537.jpg,O
17538.jpg,U
17539.jpg,R
1754.jpg,S
17540.jpg,E
17541.jpg,M
17542.jpg,A
17543.jpg,O
17544.jpg,A
17545.jpg,Q
17546.jpg,M
17547.jpg,Y
17548.jpg,L
17549.jpg,J
1755.jpg,J
17550.jpg,Q
17551.jpg,M
17552.jpg,U
17553.jpg,N
17554.jpg,J
17555.jpg,space
17556.jpg,A
17557.jpg,L
17558.jpg,I
17559.jpg,O
1756.jpg,P
17560.jpg,N
17561.jpg,M
17562.jpg,B
17563.jpg,N
17564.jpg,K
17565.jpg,U
17566.jpg,O
17567.jpg,A
17568.jpg,W
17569.jpg,M
1757.jpg,V
17570.jpg,X
17571.jpg,X
17572.jpg,M
17573.jpg,P
17574.jpg,O
17575.jpg,Q
17576.jpg,Y
17577.jpg,A
17578.jpg,R
17579.jpg,space
1758.jpg,L
17580.jpg,I
17581.jpg,S
17582.jpg,X
17583.jpg,W
17584.jpg,U
17585.jpg,S
17586.jpg,H
17587.jpg,J
17588.jpg,J
17589.jpg,R
1759.jpg,R
17590.jpg,N
17591.jpg,H
17592.jpg,O
17593.jpg,M
17594.jpg,U
17595.jpg,Y
17596.jpg,J
17597.jpg,N
17598.jpg,W
17599.jpg,U
176.jpg,W
1760.jpg,O
17600.jpg,A
17601.jpg,O
17602.jpg,M
17603.jpg,H
17604.jpg,space
17605.jpg,V
17606.jpg,P
17607.jpg,O
17608.jpg,W
17609.jpg,V
1761.jpg,O
17610.jpg,Q
17611.jpg,H
17612.jpg,N
17613.jpg,R
17614.jpg,M
17615.jpg,K
17616.jpg,M
17617.jpg,M
17618.jpg,X
17619.jpg,U
1762.jpg,Z
17620.jpg,N
17621.jpg,N
17622.jpg,K
17623.jpg,J
17624.jpg,M
17625.jpg,W
17626.jpg,J
17627.jpg,O
17628.jpg,Q
17629.jpg,V
1763.jpg,Q
17630.jpg,R
17631.jpg,Q
17632.jpg,M
17633.jpg,M
17634.jpg,E
17635.jpg,R
17636.jpg,L
17637.jpg,Q
17638.jpg,A
17639.jpg,A
1764.jpg,H
17640.jpg,Q
17641.jpg,E
17642.jpg,E
17643.jpg,C
17644.jpg,R
17645.jpg,L
17646.jpg,U
17647.jpg,M
17648.jpg,J
17649.jpg,M
1765.jpg,R
17650.jpg,V
17651.jpg,V
17652.jpg,X
17653.jpg,S
17654.jpg,J
17655.jpg,N
17656.jpg,M
17657.jpg,Z
17658.jpg,L
17659.jpg,L
1766.jpg,C
17660.jpg,E
17661.jpg,C
17662.jpg,U
17663.jpg,X
17664.jpg,P
17665.jpg,I
17666.jpg,V
17667.jpg,E
17668.jpg,B
17669.jpg,Q
1767.jpg,O
17670.jpg,U
17671.jpg,A
17672.jpg,O
17673.jpg,Q
17674.jpg,Q
17675.jpg,W
17676.jpg,R
17677.jpg,M
17678.jpg,space
17679.jpg,V
1768.jpg,O
17680.jpg,O
17681.jpg,P
17682.jpg,P
17683.jpg,M
17684.jpg,P
17685.jpg,C
17686.jpg,J
17687.jpg,X
17688.jpg,B
17689.jpg,O
1769.jpg,P
17690.jpg,D
17691.jpg,A
17692.jpg,Y
17693.jpg,P
17694.jpg,Q
17695.jpg,B
17696.jpg,Q
17697.jpg,A
17698.jpg,E
17699.jpg,K
177.jpg,L
1770.jpg,Z
17700.jpg,N
17701.jpg,V
17702.jpg,N
17703.jpg,T
17704.jpg,Y
17705.jpg,N
17706.jpg,J
17707.jpg,L
17708.jpg,H
17709.jpg,A
1771.jpg,K
17710.jpg,del
17711.jpg,space
17712.jpg,L
17713.jpg,T
17714.jpg,U
17715.jpg,N
17716.jpg,O
17717.jpg,H
17718.jpg,M
17719.jpg,B
1772.jpg,V
17720.jpg,G
17721.jpg,space
17722.jpg,Z
17723.jpg,Q
17724.jpg,U
17725.jpg,N
17726.jpg,P
17727.jpg,M
17728.jpg,L
17729.jpg,K
1773.jpg,M
17730.jpg,H
17731.jpg,A
17732.jpg,S
17733.jpg,M
17734.jpg,R
17735.jpg,O
17736.jpg,N
17737.jpg,K
17738.jpg,J
17739.jpg,Y
1774.jpg,M
17740.jpg,O
17741.jpg,Y
17742.jpg,U
17743.jpg,H
17744.jpg,Z
17745.jpg,R
17746.jpg,N
17747.jpg,C
17748.jpg,P
17749.jpg,J
1775.jpg,N
17750.jpg,B
17751.jpg,U
17752.jpg,Y
17753.jpg,D
17754.jpg,M
17755.jpg,N
17756.jpg,M
17757.jpg,W
17758.jpg,Q
17759.jpg,H
1776.jpg,M
17760.jpg,Q
17761.jpg,Y
17762.jpg,O
17763.jpg,K
17764.jpg,P
17765.jpg,B
17766.jpg,R
17767.jpg,R
17768.jpg,M
17769.jpg,V
1777.jpg,P
17770.jpg,K
17771.jpg,O
17772.jpg,A
17773.jpg,R
17774.jpg,J
17775.jpg,O
17776.jpg,U
17777.jpg,Y
17778.jpg,B
17779.jpg,M
1778.jpg,M
17780.jpg,Y
17781.jpg,C
17782.jpg,K
17783.jpg,H
17784.jpg,R
17785.jpg,E
17786.jpg,Y
17787.jpg,I
17788.jpg,A
17789.jpg,H
1779.jpg,N
17790.jpg,R
17791.jpg,J
17792.jpg,E
17793.jpg,U
17794.jpg,J
17795.jpg,H
17796.jpg,M
17797.jpg,B
17798.jpg,R
17799.jpg,E
178.jpg,J
1780.jpg,I
17800.jpg,F
17801.jpg,O
17802.jpg,P
17803.jpg,K
17804.jpg,B
17805.jpg,W
17806.jpg,R
17807.jpg,W
17808.jpg,E
17809.jpg,H
1781.jpg,H
17810.jpg,K
17811.jpg,Y
17812.jpg,Y
17813.jpg,Y
17814.jpg,Q
17815.jpg,K
17816.jpg,J
17817.jpg,S
17818.jpg,P
17819.jpg,E
1782.jpg,Q
17820.jpg,Z
17821.jpg,B
17822.jpg,Y
17823.jpg,B
17824.jpg,L
17825.jpg,P
17826.jpg,T
17827.jpg,L
17828.jpg,C
17829.jpg,E
1783.jpg,C
17830.jpg,space
17831.jpg,M
17832.jpg,V
17833.jpg,W
17834.jpg,I
17835.jpg,S
17836.jpg,U
17837.jpg,O
17838.jpg,N
17839.jpg,N
1784.jpg,U
17840.jpg,P
17841.jpg,V
17842.jpg,L
17843.jpg,M
17844.jpg,U
17845.jpg,N
17846.jpg,R
17847.jpg,M
17848.jpg,K
17849.jpg,space
1785.jpg,N
17850.jpg,U
17851.jpg,U
17852.jpg,C
17853.jpg,S
17854.jpg,I
17855.jpg,Y
17856.jpg,W
17857.jpg,U
17858.jpg,M
17859.jpg,L
1786.jpg,S
17860.jpg,L
17861.jpg,M
17862.jpg,Q
17863.jpg,P
17864.jpg,R
17865.jpg,C
17866.jpg,I
17867.jpg,N
17868.jpg,H
17869.jpg,M
1787.jpg,Q
17870.jpg,N
17871.jpg,U
17872.jpg,S
17873.jpg,O
17874.jpg,I
17875.jpg,U
17876.jpg,R
17877.jpg,R
17878.jpg,B
17879.jpg,B
1788.jpg,N
17880.jpg,O
17881.jpg,N
17882.jpg,J
17883.jpg,M
17884.jpg,E
17885.jpg,X
17886.jpg,R
17887.jpg,W
17888.jpg,K
17889.jpg,U
1789.jpg,W
17890.jpg,P
17891.jpg,H
17892.jpg,N
17893.jpg,M
17894.jpg,V
17895.jpg,O
17896.jpg,M
17897.jpg,Y
17898.jpg,Q
17899.jpg,P
179.jpg,P
1790.jpg,S
17900.jpg,M
17901.jpg,M
17902.jpg,B
17903.jpg,H
17904.jpg,O
17905.jpg,Y
17906.jpg,B
17907.jpg,R
17908.jpg,M
17909.jpg,K
1791.jpg,X
17910.jpg,B
17911.jpg,I
17912.jpg,N
17913.jpg,B
17914.jpg,P
17915.jpg,S
17916.jpg,N
17917.jpg,D
17918.jpg,U
17919.jpg,I
1792.jpg,M
17920.jpg,V
17921.jpg,J
17922.jpg,Z
17923.jpg,H
17924.jpg,V
17925.jpg,U
17926.jpg,L
17927.jpg,M
17928.jpg,V
17929.jpg,K
1793.jpg,N
17930.jpg,N
17931.jpg,O
17932.jpg,M
17933.jpg,M
17934.jpg,K
17935.jpg,V
17936.jpg,O
17937.jpg,U
17938.jpg,J
17939.jpg,K
1794.jpg,R
17940.jpg,I
17941.jpg,B
17942.jpg,L
17943.jpg,F
17944.jpg,R
17945.jpg,S
17946.jpg,M
17947.jpg,P
17948.jpg,O
17949.jpg,Q
1795.jpg,M
17950.jpg,J
17951.jpg,D
17952.jpg,M
17953.jpg,U
17954.jpg,X
17955.jpg,M
17956.jpg,L
17957.jpg,C
17958.jpg,B
17959.jpg,R
1796.jpg,N
17960.jpg,S
17961.jpg,Y
17962.jpg,V
17963.jpg,E
17964.jpg,B
17965.jpg,Y
17966.jpg,J
17967.jpg,I
17968.jpg,W
17969.jpg,M
1797.jpg,M
17970.jpg,W
17971.jpg,V
17972.jpg,V
17973.jpg,Q
17974.jpg,J
17975.jpg,H
17976.jpg,G
17977.jpg,W
17978.jpg,Y
17979.jpg,H
1798.jpg,R
17980.jpg,O
17981.jpg,O
17982.jpg,M
17983.jpg,P
17984.jpg,O
17985.jpg,J
17986.jpg,V
17987.jpg,W
17988.jpg,A
17989.jpg,H
1799.jpg,Y
17990.jpg,M
17991.jpg,H
17992.jpg,X
17993.jpg,L
17994.jpg,V
17995.jpg,Z
17996.jpg,Q
17997.jpg,N
17998.jpg,J
17999.jpg,J
18.jpg,H
180.jpg,M
1800.jpg,J
18000.jpg,O
18001.jpg,P
18002.jpg,M
18003.jpg,P
18004.jpg,L
18005.jpg,M
18006.jpg,U
18007.jpg,N
18008.jpg,J
18009.jpg,H
1801.jpg,L
18010.jpg,M
18011.jpg,O
18012.jpg,M
18013.jpg,Q
18014.jpg,U
18015.jpg,N
18016.jpg,J
18017.jpg,K
18018.jpg,V
18019.jpg,J
1802.jpg,N
18020.jpg,W
18021.jpg,W
18022.jpg,P
18023.jpg,N
18024.jpg,A
18025.jpg,L
18026.jpg,O
18027.jpg,P
18028.jpg,U
18029.jpg,R
1803.jpg,O
18030.jpg,K
18031.jpg,B
18032.jpg,J
18033.jpg,O
18034.jpg,P
18035.jpg,V
18036.jpg,R
18037.jpg,V
18038.jpg,J
18039.jpg,W
1804.jpg,M
18040.jpg,M
18041.jpg,O
18042.jpg,P
18043.jpg,N
18044.jpg,N
18045.jpg,O
18046.jpg,P
18047.jpg,L
18048.jpg,V
18049.jpg,W
1805.jpg,R
18050.jpg,M
18051.jpg,M
18052.jpg,M
18053.jpg,R
18054.jpg,M
18055.jpg,M
18056.jpg,O
18057.jpg,I
18058.jpg,X
18059.jpg,I
1806.jpg,L
18060.jpg,R
18061.jpg,B
18062.jpg,S
18063.jpg,R
18064.jpg,O
18065.jpg,U
18066.jpg,L
18067.jpg,L
18068.jpg,O
18069.jpg,B
1807.jpg,Y
18070.jpg,N
18071.jpg,J
18072.jpg,S
18073.jpg,V
18074.jpg,P
18075.jpg,M
18076.jpg,O
18077.jpg,L
18078.jpg,Y
18079.jpg,G
1808.jpg,S
18080.jpg,O
18081.jpg,J
18082.jpg,O
18083.jpg,M
18084.jpg,O
18085.jpg,Q
18086.jpg,N
18087.jpg,Q
18088.jpg,O
18089.jpg,W
1809.jpg,Q
18090.jpg,M
18091.jpg,L
18092.jpg,P
18093.jpg,J
18094.jpg,K
18095.jpg,Z
18096.jpg,U
18097.jpg,E
18098.jpg,P
18099.jpg,X
181.jpg,N
1810.jpg,J
18100.jpg,V
18101.jpg,P
18102.jpg,Y
18103.jpg,V
18104.jpg,W
18105.jpg,M
18106.jpg,B
18107.jpg,K
18108.jpg,I
18109.jpg,B
1811.jpg,R
18110.jpg,O
18111.jpg,B
18112.jpg,O
18113.jpg,H
18114.jpg,A
18115.jpg,J
18116.jpg,I
18117.jpg,Q
18118.jpg,M
18119.jpg,M
1812.jpg,N
18120.jpg,M
18121.jpg,X
18122.jpg,space
18123.jpg,E
18124.jpg,M
18125.jpg,W
18126.jpg,K
18127.jpg,M
18128.jpg,M
18129.jpg,L
1813.jpg,I
18130.jpg,V
18131.jpg,A
18132.jpg,W
18133.jpg,V
18134.jpg,N
18135.jpg,Y
18136.jpg,R
18137.jpg,C
18138.jpg,C
18139.jpg,X
1814.jpg,M
18140.jpg,I
18141.jpg,A
18142.jpg,M
18143.jpg,X
18144.jpg,H
18145.jpg,L
18146.jpg,W
18147.jpg,space
18148.jpg,Q
18149.jpg,L
1815.jpg,space
18150.jpg,Z
18151.jpg,R
18152.jpg,U
18153.jpg,R
18154.jpg,Z
18155.jpg,M
18156.jpg,J
18157.jpg,M
18158.jpg,L
18159.jpg,Y
1816.jpg,W
18160.jpg,O
18161.jpg,L
18162.jpg,X
18163.jpg,H
18164.jpg,Y
18165.jpg,C
18166.jpg,X
18167.jpg,R
18168.jpg,W
18169.jpg,D
1817.jpg,P
18170.jpg,A
18171.jpg,Y
18172.jpg,N
18173.jpg,C
18174.jpg,M
18175.jpg,M
18176.jpg,B
18177.jpg,N
18178.jpg,T
18179.jpg,V
1818.jpg,U
18180.jpg,U
18181.jpg,U
18182.jpg,D
18183.jpg,B
18184.jpg,N
18185.jpg,N
18186.jpg,E
18187.jpg,I
18188.jpg,Q
18189.jpg,P
1819.jpg,Y
18190.jpg,V
18191.jpg,S
18192.jpg,M
18193.jpg,W
18194.jpg,J
18195.jpg,M
18196.jpg,F
18197.jpg,M
18198.jpg,O
18199.jpg,H
182.jpg,A
1820.jpg,C
18200.jpg,M
18201.jpg,B
18202.jpg,U
18203.jpg,S
18204.jpg,Q
18205.jpg,M
18206.jpg,N
18207.jpg,N
18208.jpg,R
18209.jpg,O
1821.jpg,M
18210.jpg,T
18211.jpg,Q
18212.jpg,P
18213.jpg,K
18214.jpg,K
18215.jpg,H
18216.jpg,M
18217.jpg,R
18218.jpg,C
18219.jpg,W
1822.jpg,R
18220.jpg,Q
18221.jpg,S
18222.jpg,Y
18223.jpg,P
18224.jpg,P
18225.jpg,Y
18226.jpg,J
18227.jpg,M
18228.jpg,J
18229.jpg,Y
1823.jpg,V
18230.jpg,R
18231.jpg,K
18232.jpg,W
18233.jpg,K
18234.jpg,X
18235.jpg,Q
18236.jpg,Y
18237.jpg,J
18238.jpg,X
18239.jpg,M
1824.jpg,L
18240.jpg,X
18241.jpg,N
18242.jpg,U
18243.jpg,N
18244.jpg,J
18245.jpg,M
18246.jpg,R
18247.jpg,J
18248.jpg,V
18249.jpg,O
1825.jpg,O
18250.jpg,Y
18251.jpg,K
18252.jpg,J
18253.jpg,D
18254.jpg,L
18255.jpg,J
18256.jpg,O
18257.jpg,Y
18258.jpg,B
18259.jpg,P
1826.jpg,H
18260.jpg,W
18261.jpg,Y
18262.jpg,X
18263.jpg,G
18264.jpg,M
18265.jpg,G
18266.jpg,R
18267.jpg,B
18268.jpg,J
18269.jpg,R
1827.jpg,S
18270.jpg,B
18271.jpg,B
18272.jpg,W
18273.jpg,O
18274.jpg,Q
18275.jpg,S
18276.jpg,T
18277.jpg,B
18278.jpg,W
18279.jpg,N
1828.jpg,V
18280.jpg,T
18281.jpg,C
18282.jpg,J
18283.jpg,X
18284.jpg,R
18285.jpg,Q
18286.jpg,H
18287.jpg,B
18288.jpg,C
18289.jpg,M
1829.jpg,N
18290.jpg,M
18291.jpg,K
18292.jpg,space
18293.jpg,Q
18294.jpg,W
18295.jpg,O
18296.jpg,M
18297.jpg,B
18298.jpg,X
18299.jpg,space
183.jpg,Q
1830.jpg,S
18300.jpg,Q
18301.jpg,H
18302.jpg,M
18303.jpg,M
18304.jpg,M
18305.jpg,W
18306.jpg,P
18307.jpg,U
18308.jpg,S
18309.jpg,R
1831.jpg,M
18310.jpg,C
18311.jpg,N
18312.jpg,M
18313.jpg,J
18314.jpg,T
18315.jpg,J
18316.jpg,P
18317.jpg,space
18318.jpg,P
18319.jpg,K
1832.jpg,U
18320.jpg,K
18321.jpg,K
18322.jpg,K
18323.jpg,X
18324.jpg,E
18325.jpg,O
18326.jpg,M
18327.jpg,L
18328.jpg,L
18329.jpg,X
1833.jpg,U
18330.jpg,M
18331.jpg,Q
18332.jpg,J
18333.jpg,E
18334.jpg,X
18335.jpg,O
18336.jpg,R
18337.jpg,M
18338.jpg,M
18339.jpg,H
1834.jpg,X
18340.jpg,N
18341.jpg,O
18342.jpg,E
18343.jpg,X
18344.jpg,X
18345.jpg,N
18346.jpg,B
18347.jpg,O
18348.jpg,X
18349.jpg,V
1835.jpg,O
18350.jpg,G
18351.jpg,R
18352.jpg,M
18353.jpg,B
18354.jpg,O
18355.jpg,R
18356.jpg,P
18357.jpg,M
18358.jpg,X
18359.jpg,B
1836.jpg,Y
18360.jpg,R
18361.jpg,V
18362.jpg,B
18363.jpg,P
18364.jpg,M
18365.jpg,H
18366.jpg,J
18367.jpg,R
18368.jpg,Q
18369.jpg,M
1837.jpg,C
18370.jpg,K
18371.jpg,X
18372.jpg,E
18373.jpg,M
18374.jpg,P
18375.jpg,K
18376.jpg,V
18377.jpg,U
18378.jpg,N
18379.jpg,O
1838.jpg,M
18380.jpg,X
18381.jpg,M
18382.jpg,W
18383.jpg,M
18384.jpg,Y
18385.jpg,J
18386.jpg,Y
18387.jpg,M
18388.jpg,Y
18389.jpg,U
1839.jpg,S
18390.jpg,U
18391.jpg,M
18392.jpg,L
18393.jpg,U
18394.jpg,M
18395.jpg,R
18396.jpg,V
18397.jpg,U
18398.jpg,M
18399.jpg,J
184.jpg,Q
1840.jpg,U
18400.jpg,H
18401.jpg,P
18402.jpg,M
18403.jpg,S
18404.jpg,D
18405.jpg,L
18406.jpg,P
18407.jpg,P
18408.jpg,T
18409.jpg,M
1841.jpg,X
18410.jpg,O
18411.jpg,R
18412.jpg,L
18413.jpg,B
18414.jpg,O
18415.jpg,O
18416.jpg,J
18417.jpg,L
18418.jpg,N
18419.jpg,Y
1842.jpg,V
18420.jpg,O
18421.jpg,O
18422.jpg,V
18423.jpg,M
18424.jpg,B
18425.jpg,O
18426.jpg,M
18427.jpg,N
18428.jpg,X
18429.jpg,O
1843.jpg,I
18430.jpg,C
18431.jpg,Y
18432.jpg,N
18433.jpg,U
18434.jpg,B
18435.jpg,B
18436.jpg,O
18437.jpg,M
18438.jpg,M
18439.jpg,Q
1844.jpg,U
18440.jpg,N
18441.jpg,Q
18442.jpg,E
18443.jpg,N
18444.jpg,P
18445.jpg,Y
18446.jpg,H
18447.jpg,I
18448.jpg,E
18449.jpg,H
1845.jpg,B
18450.jpg,H
18451.jpg,Y
18452.jpg,B
18453.jpg,N
18454.jpg,R
18455.jpg,S
18456.jpg,B
18457.jpg,O
18458.jpg,M
18459.jpg,N
1846.jpg,space
18460.jpg,J
18461.jpg,M
18462.jpg,X
18463.jpg,Z
18464.jpg,N
18465.jpg,L
18466.jpg,R
18467.jpg,J
18468.jpg,V
18469.jpg,Y
1847.jpg,J
18470.jpg,R
18471.jpg,H
18472.jpg,W
18473.jpg,O
18474.jpg,S
18475.jpg,X
18476.jpg,Q
18477.jpg,B
18478.jpg,A
18479.jpg,C
1848.jpg,O
18480.jpg,C
18481.jpg,S
18482.jpg,M
18483.jpg,O
18484.jpg,H
18485.jpg,U
18486.jpg,B
18487.jpg,D
18488.jpg,H
18489.jpg,O
1849.jpg,M
18490.jpg,G
18491.jpg,B
18492.jpg,U
18493.jpg,W
18494.jpg,del
18495.jpg,L
18496.jpg,U
18497.jpg,U
18498.jpg,I
18499.jpg,U
185.jpg,M
1850.jpg,del
18500.jpg,W
18501.jpg,M
18502.jpg,G
18503.jpg,A
18504.jpg,M
18505.jpg,Q
18506.jpg,C
18507.jpg,V
18508.jpg,U
18509.jpg,U
1851.jpg,Y
18510.jpg,E
18511.jpg,Y
18512.jpg,R
18513.jpg,H
18514.jpg,O
18515.jpg,S
18516.jpg,N
18517.jpg,N
18518.jpg,C
18519.jpg,P
1852.jpg,L
18520.jpg,R
18521.jpg,P
18522.jpg,U
18523.jpg,R
18524.jpg,K
18525.jpg,Q
18526.jpg,O
18527.jpg,P
18528.jpg,N
18529.jpg,R
1853.jpg,O
18530.jpg,S
18531.jpg,J
18532.jpg,O
18533.jpg,V
18534.jpg,C
18535.jpg,C
18536.jpg,J
18537.jpg,C
18538.jpg,H
18539.jpg,P
1854.jpg,Y
18540.jpg,U
18541.jpg,H
18542.jpg,J
18543.jpg,M
18544.jpg,H
18545.jpg,O
18546.jpg,N
18547.jpg,C
18548.jpg,O
18549.jpg,N
1855.jpg,F
18550.jpg,J
18551.jpg,Q
18552.jpg,S
18553.jpg,X
18554.jpg,W
18555.jpg,V
18556.jpg,V
18557.jpg,Y
18558.jpg,W
18559.jpg,M
1856.jpg,P
18560.jpg,O
18561.jpg,del
18562.jpg,H
18563.jpg,P
18564.jpg,N
18565.jpg,N
18566.jpg,X
18567.jpg,M
18568.jpg,N
18569.jpg,B
1857.jpg,M
18570.jpg,R
18571.jpg,P
18572.jpg,H
18573.jpg,U
18574.jpg,X
18575.jpg,H
18576.jpg,M
18577.jpg,A
18578.jpg,P
18579.jpg,P
1858.jpg,O
18580.jpg,O
18581.jpg,P
18582.jpg,J
18583.jpg,I
18584.jpg,M
18585.jpg,H
18586.jpg,H
18587.jpg,R
18588.jpg,N
18589.jpg,J
1859.jpg,space
18590.jpg,J
18591.jpg,R
18592.jpg,M
18593.jpg,P
18594.jpg,W
18595.jpg,S
18596.jpg,J
18597.jpg,H
18598.jpg,L
18599.jpg,O
186.jpg,U
1860.jpg,W
18600.jpg,R
18601.jpg,Q
18602.jpg,N
18603.jpg,M
18604.jpg,H
18605.jpg,O
18606.jpg,S
18607.jpg,M
18608.jpg,O
18609.jpg,Q
1861.jpg,M
18610.jpg,Y
18611.jpg,R
18612.jpg,O
18613.jpg,K
18614.jpg,R
18615.jpg,Z
18616.jpg,B
18617.jpg,S
18618.jpg,W
18619.jpg,M
1862.jpg,R
18620.jpg,O
18621.jpg,N
18622.jpg,M
18623.jpg,P
18624.jpg,R
18625.jpg,L
18626.jpg,I
18627.jpg,J
18628.jpg,N
18629.jpg,H
1863.jpg,Q
18630.jpg,S
18631.jpg,R
18632.jpg,E
18633.jpg,K
18634.jpg,H
18635.jpg,Q
18636.jpg,M
18637.jpg,L
18638.jpg,R
18639.jpg,R
1864.jpg,M
18640.jpg,J
18641.jpg,W
18642.jpg,O
18643.jpg,I
18644.jpg,V
18645.jpg,X
18646.jpg,Q
18647.jpg,Q
18648.jpg,I
18649.jpg,H
1865.jpg,R
18650.jpg,N
18651.jpg,M
18652.jpg,N
18653.jpg,P
18654.jpg,S
18655.jpg,M
18656.jpg,M
18657.jpg,Q
18658.jpg,M
18659.jpg,O
1866.jpg,B
18660.jpg,N
18661.jpg,S
18662.jpg,F
18663.jpg,F
18664.jpg,M
18665.jpg,V
18666.jpg,V
18667.jpg,V
18668.jpg,M
18669.jpg,H
1867.jpg,Y
18670.jpg,P
18671.jpg,R
18672.jpg,J
18673.jpg,P
18674.jpg,L
18675.jpg,G
18676.jpg,B
18677.jpg,R
18678.jpg,B
18679.jpg,P
1868.jpg,N
18680.jpg,U
18681.jpg,del
18682.jpg,J
18683.jpg,U
18684.jpg,J
18685.jpg,M
18686.jpg,R
18687.jpg,G
18688.jpg,B
18689.jpg,N
1869.jpg,Y
18690.jpg,H
18691.jpg,P
18692.jpg,N
18693.jpg,R
18694.jpg,W
18695.jpg,Y
18696.jpg,R
18697.jpg,M
18698.jpg,R
18699.jpg,K
187.jpg,C
1870.jpg,M
18700.jpg,L
18701.jpg,W
18702.jpg,I
18703.jpg,H
18704.jpg,M
18705.jpg,S
18706.jpg,B
18707.jpg,E
18708.jpg,J
18709.jpg,T
1871.jpg,V
18710.jpg,Y
18711.jpg,N
18712.jpg,O
18713.jpg,Z
18714.jpg,M
18715.jpg,M
18716.jpg,Y
18717.jpg,M
18718.jpg,C
18719.jpg,R
1872.jpg,M
18720.jpg,M
18721.jpg,O
18722.jpg,I
18723.jpg,M
18724.jpg,M
18725.jpg,P
18726.jpg,Z
18727.jpg,P
18728.jpg,U
18729.jpg,space
1873.jpg,N
18730.jpg,O
18731.jpg,W
18732.jpg,M
18733.jpg,O
18734.jpg,J
18735.jpg,I
18736.jpg,X
18737.jpg,U
18738.jpg,B
18739.jpg,Y
1874.jpg,R
18740.jpg,Q
18741.jpg,R
18742.jpg,V
18743.jpg,B
18744.jpg,U
18745.jpg,W
18746.jpg,O
18747.jpg,S
18748.jpg,M
18749.jpg,P
1875.jpg,Y
18750.jpg,M
18751.jpg,B
18752.jpg,J
18753.jpg,O
18754.jpg,L
18755.jpg,A
18756.jpg,J
18757.jpg,N
18758.jpg,V
18759.jpg,P
1876.jpg,O
18760.jpg,B
18761.jpg,N
18762.jpg,K
18763.jpg,N
18764.jpg,E
18765.jpg,U
18766.jpg,J
18767.jpg,M
18768.jpg,X
18769.jpg,W
1877.jpg,L
18770.jpg,L
18771.jpg,H
18772.jpg,A
18773.jpg,K
18774.jpg,H
18775.jpg,L
18776.jpg,N
18777.jpg,O
18778.jpg,L
18779.jpg,I
1878.jpg,I
18780.jpg,I
18781.jpg,R
18782.jpg,J
18783.jpg,M
18784.jpg,N
18785.jpg,space
18786.jpg,G
18787.jpg,I
18788.jpg,M
18789.jpg,O
1879.jpg,Q
18790.jpg,Q
18791.jpg,W
18792.jpg,V
18793.jpg,O
18794.jpg,A
18795.jpg,Q
18796.jpg,O
18797.jpg,C
18798.jpg,J
18799.jpg,U
188.jpg,U
1880.jpg,E
18800.jpg,del
18801.jpg,N
18802.jpg,J
18803.jpg,W
18804.jpg,M
18805.jpg,U
18806.jpg,Y
18807.jpg,del
18808.jpg,W
18809.jpg,B
1881.jpg,U
18810.jpg,M
18811.jpg,O
18812.jpg,J
18813.jpg,J
18814.jpg,W
18815.jpg,M
18816.jpg,V
18817.jpg,K
18818.jpg,J
18819.jpg,M
1882.jpg,M
18820.jpg,B
18821.jpg,B
18822.jpg,C
18823.jpg,K
18824.jpg,Y
18825.jpg,R
18826.jpg,O
18827.jpg,V
18828.jpg,N
18829.jpg,V
1883.jpg,U
18830.jpg,M
18831.jpg,M
18832.jpg,V
18833.jpg,M
18834.jpg,T
18835.jpg,J
18836.jpg,J
18837.jpg,X
18838.jpg,R
18839.jpg,V
1884.jpg,F
18840.jpg,V
18841.jpg,N
18842.jpg,U
18843.jpg,P
18844.jpg,O
18845.jpg,M
18846.jpg,A
18847.jpg,space
18848.jpg,I
18849.jpg,O
1885.jpg,O
18850.jpg,O
18851.jpg,H
18852.jpg,V
18853.jpg,O
18854.jpg,T
18855.jpg,Y
18856.jpg,Y
18857.jpg,O
18858.jpg,P
18859.jpg,J
1886.jpg,B
18860.jpg,space
18861.jpg,E
18862.jpg,K
18863.jpg,P
18864.jpg,J
18865.jpg,I
18866.jpg,R
18867.jpg,W
18868.jpg,I
18869.jpg,Y
1887.jpg,A
18870.jpg,T
18871.jpg,O
18872.jpg,U
18873.jpg,G
18874.jpg,P
18875.jpg,L
18876.jpg,E
18877.jpg,O
18878.jpg,Z
18879.jpg,R
1888.jpg,I
18880.jpg,E
18881.jpg,O
18882.jpg,B
18883.jpg,P
18884.jpg,M
18885.jpg,S
18886.jpg,C
18887.jpg,A
18888.jpg,Q
18889.jpg,Z
1889.jpg,Q
18890.jpg,J
18891.jpg,M
18892.jpg,E
18893.jpg,F
18894.jpg,J
18895.jpg,O
18896.jpg,Y
18897.jpg,Y
18898.jpg,N
18899.jpg,N
189.jpg,M
1890.jpg,B
18900.jpg,R
18901.jpg,R
18902.jpg,P
18903.jpg,P
18904.jpg,Y
18905.jpg,K
18906.jpg,J
18907.jpg,K
18908.jpg,Y
18909.jpg,F
1891.jpg,O
18910.jpg,M
18911.jpg,S
18912.jpg,X
18913.jpg,W
18914.jpg,W
18915.jpg,Y
18916.jpg,H
18917.jpg,Z
18918.jpg,M
18919.jpg,B
1892.jpg,N
18920.jpg,M
18921.jpg,H
18922.jpg,R
18923.jpg,Y
18924.jpg,Y
18925.jpg,J
18926.jpg,V
18927.jpg,O
18928.jpg,O
18929.jpg,S
1893.jpg,M
18930.jpg,G
18931.jpg,M
18932.jpg,X
18933.jpg,G
18934.jpg,M
18935.jpg,N
18936.jpg,X
18937.jpg,J
18938.jpg,M
18939.jpg,J
1894.jpg,Y
18940.jpg,M
18941.jpg,B
18942.jpg,O
18943.jpg,D
18944.jpg,O
18945.jpg,P
18946.jpg,I
18947.jpg,H
18948.jpg,X
18949.jpg,M
1895.jpg,X
18950.jpg,R
18951.jpg,M
18952.jpg,I
18953.jpg,X
18954.jpg,R
18955.jpg,H
18956.jpg,G
18957.jpg,N
18958.jpg,O
18959.jpg,M
1896.jpg,R
18960.jpg,H
18961.jpg,W
18962.jpg,I
18963.jpg,X
18964.jpg,Z
18965.jpg,H
18966.jpg,U
18967.jpg,K
18968.jpg,M
18969.jpg,R
1897.jpg,O
18970.jpg,B
18971.jpg,L
18972.jpg,M
18973.jpg,M
18974.jpg,M
18975.jpg,I
18976.jpg,Q
18977.jpg,O
18978.jpg,U
18979.jpg,Y
1898.jpg,Q
18980.jpg,S
18981.jpg,M
18982.jpg,R
18983.jpg,M
18984.jpg,del
18985.jpg,N
18986.jpg,I
18987.jpg,J
18988.jpg,Y
18989.jpg,B
1899.jpg,P
18990.jpg,V
18991.jpg,B
18992.jpg,M
18993.jpg,Q
18994.jpg,A
18995.jpg,B
18996.jpg,N
18997.jpg,S
18998.jpg,L
18999.jpg,P
19.jpg,X
190.jpg,M
1900.jpg,N
19000.jpg,J
19001.jpg,U
19002.jpg,M
19003.jpg,E
19004.jpg,Z
19005.jpg,J
19006.jpg,W
19007.jpg,R
19008.jpg,Y
19009.jpg,K
1901.jpg,R
19010.jpg,M
19011.jpg,U
19012.jpg,I
19013.jpg,Y
19014.jpg,M
19015.jpg,V
19016.jpg,A
19017.jpg,B
19018.jpg,R
19019.jpg,C
1902.jpg,I
19020.jpg,H
19021.jpg,V
19022.jpg,O
19023.jpg,J
19024.jpg,N
19025.jpg,M
19026.jpg,S
19027.jpg,Q
19028.jpg,R
19029.jpg,J
1903.jpg,R
19030.jpg,M
19031.jpg,B
19032.jpg,X
19033.jpg,R
19034.jpg,J
19035.jpg,L
19036.jpg,B
19037.jpg,M
19038.jpg,M
19039.jpg,N
1904.jpg,U
19040.jpg,Y
19041.jpg,del
19042.jpg,U
19043.jpg,N
19044.jpg,P
19045.jpg,H
19046.jpg,E
19047.jpg,U
19048.jpg,K
19049.jpg,V
1905.jpg,Y
19050.jpg,C
19051.jpg,N
19052.jpg,O
19053.jpg,R
19054.jpg,S
19055.jpg,N
19056.jpg,E
19057.jpg,R
19058.jpg,M
19059.jpg,I
1906.jpg,Y
19060.jpg,N
19061.jpg,space
19062.jpg,M
19063.jpg,X
19064.jpg,Q
19065.jpg,J
19066.jpg,V
19067.jpg,I
19068.jpg,N
19069.jpg,J
1907.jpg,L
19070.jpg,X
19071.jpg,H
19072.jpg,V
19073.jpg,B
19074.jpg,N
19075.jpg,V
19076.jpg,M
19077.jpg,U
19078.jpg,N
19079.jpg,W
1908.jpg,E
19080.jpg,R
19081.jpg,del
19082.jpg,U
19083.jpg,C
19084.jpg,A
19085.jpg,S
19086.jpg,U
19087.jpg,N
19088.jpg,C
19089.jpg,H
1909.jpg,M
19090.jpg,N
19091.jpg,B
19092.jpg,N
19093.jpg,M
19094.jpg,B
19095.jpg,P
19096.jpg,N
19097.jpg,K
19098.jpg,V
19099.jpg,J
191.jpg,W
1910.jpg,M
19100.jpg,R
19101.jpg,B
19102.jpg,Y
19103.jpg,N
19104.jpg,N
19105.jpg,B
19106.jpg,S
19107.jpg,M
19108.jpg,W
19109.jpg,X
1911.jpg,B
19110.jpg,M
19111.jpg,M
19112.jpg,Q
19113.jpg,O
19114.jpg,P
19115.jpg,U
19116.jpg,M
19117.jpg,R
19118.jpg,N
19119.jpg,L
1912.jpg,N
19120.jpg,M
19121.jpg,B
19122.jpg,W
19123.jpg,B
19124.jpg,U
19125.jpg,B
19126.jpg,O
19127.jpg,G
19128.jpg,E
19129.jpg,Y
1913.jpg,V
19130.jpg,B
19131.jpg,A
19132.jpg,I
19133.jpg,Z
19134.jpg,K
19135.jpg,L
19136.jpg,S
19137.jpg,W
19138.jpg,D
19139.jpg,H
1914.jpg,B
19140.jpg,Y
19141.jpg,P
19142.jpg,O
19143.jpg,H
19144.jpg,del
19145.jpg,Z
19146.jpg,N
19147.jpg,U
19148.jpg,U
19149.jpg,H
1915.jpg,A
19150.jpg,U
19151.jpg,space
19152.jpg,E
19153.jpg,N
19154.jpg,W
19155.jpg,L
19156.jpg,W
19157.jpg,W
19158.jpg,N
19159.jpg,Y
1916.jpg,R
19160.jpg,J
19161.jpg,R
19162.jpg,Y
19163.jpg,I
19164.jpg,W
19165.jpg,K
19166.jpg,S
19167.jpg,H
19168.jpg,J
19169.jpg,J
1917.jpg,Q
19170.jpg,I
19171.jpg,K
19172.jpg,R
19173.jpg,Y
19174.jpg,W
19175.jpg,A
19176.jpg,E
19177.jpg,E
19178.jpg,Y
19179.jpg,R
1918.jpg,W
19180.jpg,U
19181.jpg,P
19182.jpg,R
19183.jpg,P
19184.jpg,H
19185.jpg,J
19186.jpg,J
19187.jpg,W
19188.jpg,D
19189.jpg,N
1919.jpg,Y
19190.jpg,X
19191.jpg,M
19192.jpg,G
19193.jpg,P
19194.jpg,V
19195.jpg,M
19196.jpg,U
19197.jpg,Q
19198.jpg,M
19199.jpg,D
192.jpg,P
1920.jpg,W
19200.jpg,Y
19201.jpg,P
19202.jpg,O
19203.jpg,N
19204.jpg,V
19205.jpg,M
19206.jpg,X
19207.jpg,I
19208.jpg,V
19209.jpg,K
1921.jpg,R
19210.jpg,O
19211.jpg,Y
19212.jpg,M
19213.jpg,J
19214.jpg,X
19215.jpg,V
19216.jpg,H
19217.jpg,A
19218.jpg,M
19219.jpg,M
1922.jpg,V
19220.jpg,K
19221.jpg,B
19222.jpg,N
19223.jpg,W
19224.jpg,V
19225.jpg,X
19226.jpg,Y
19227.jpg,L
19228.jpg,I
19229.jpg,P
1923.jpg,H
19230.jpg,R
19231.jpg,M
19232.jpg,V
19233.jpg,Y
19234.jpg,B
19235.jpg,S
19236.jpg,K
19237.jpg,M
19238.jpg,S
19239.jpg,M
1924.jpg,M
19240.jpg,H
19241.jpg,H
19242.jpg,space
19243.jpg,Z
19244.jpg,C
19245.jpg,A
19246.jpg,Y
19247.jpg,M
19248.jpg,N
19249.jpg,Q
1925.jpg,L
19250.jpg,O
19251.jpg,J
19252.jpg,V
19253.jpg,R
19254.jpg,O
19255.jpg,U
19256.jpg,Y
19257.jpg,V
19258.jpg,V
19259.jpg,V
1926.jpg,R
19260.jpg,O
19261.jpg,O
19262.jpg,Q
19263.jpg,I
19264.jpg,P
19265.jpg,L
19266.jpg,X
19267.jpg,Y
19268.jpg,B
19269.jpg,B
1927.jpg,V
19270.jpg,N
19271.jpg,Q
19272.jpg,O
19273.jpg,C
19274.jpg,B
19275.jpg,Y
19276.jpg,space
19277.jpg,U
19278.jpg,O
19279.jpg,O
1928.jpg,S
19280.jpg,O
19281.jpg,M
19282.jpg,R
19283.jpg,H
19284.jpg,U
19285.jpg,L
19286.jpg,M
19287.jpg,P
19288.jpg,R
19289.jpg,Q
1929.jpg,E
19290.jpg,C
19291.jpg,S
19292.jpg,J
19293.jpg,V
19294.jpg,C
19295.jpg,L
19296.jpg,O
19297.jpg,P
19298.jpg,S
19299.jpg,I
193.jpg,C
1930.jpg,B
19300.jpg,P
19301.jpg,V
19302.jpg,U
19303.jpg,G
19304.jpg,O
19305.jpg,O
19306.jpg,H
19307.jpg,M
19308.jpg,U
19309.jpg,del
1931.jpg,M
19310.jpg,V
19311.jpg,O
19312.jpg,U
19313.jpg,P
19314.jpg,L
19315.jpg,U
19316.jpg,I
19317.jpg,M
19318.jpg,A
19319.jpg,M
1932.jpg,U
19320.jpg,M
19321.jpg,N
19322.jpg,R
19323.jpg,O
19324.jpg,Q
19325.jpg,O
19326.jpg,S
19327.jpg,del
19328.jpg,E
19329.jpg,J
1933.jpg,V
19330.jpg,M
19331.jpg,space
19332.jpg,M
19333.jpg,B
19334.jpg,L
19335.jpg,A
19336.jpg,P
19337.jpg,U
19338.jpg,R
19339.jpg,H
1934.jpg,L
19340.jpg,J
19341.jpg,Y
19342.jpg,O
19343.jpg,U
19344.jpg,E
19345.jpg,M
19346.jpg,H
19347.jpg,M
19348.jpg,H
19349.jpg,S
1935.jpg,T
19350.jpg,H
19351.jpg,O
19352.jpg,B
19353.jpg,O
19354.jpg,V
19355.jpg,R
19356.jpg,I
19357.jpg,M
19358.jpg,R
19359.jpg,J
1936.jpg,H
19360.jpg,H
19361.jpg,V
19362.jpg,B
19363.jpg,P
19364.jpg,Q
19365.jpg,B
19366.jpg,N
19367.jpg,P
19368.jpg,space
19369.jpg,X
1937.jpg,O
19370.jpg,Y
19371.jpg,P
19372.jpg,I
19373.jpg,D
19374.jpg,P
19375.jpg,Q
19376.jpg,N
19377.jpg,L
19378.jpg,H
19379.jpg,Q
1938.jpg,Q
19380.jpg,N
19381.jpg,L
19382.jpg,Q
19383.jpg,F
19384.jpg,M
19385.jpg,N
19386.jpg,N
19387.jpg,O
19388.jpg,H
19389.jpg,S
1939.jpg,J
19390.jpg,M
19391.jpg,del
19392.jpg,B
19393.jpg,M
19394.jpg,V
19395.jpg,U
19396.jpg,O
19397.jpg,J
19398.jpg,W
19399.jpg,M
194.jpg,S
1940.jpg,O
19400.jpg,R
19401.jpg,P
19402.jpg,M
19403.jpg,M
19404.jpg,N
19405.jpg,H
19406.jpg,C
19407.jpg,X
19408.jpg,N
19409.jpg,A
1941.jpg,A
19410.jpg,I
19411.jpg,J
19412.jpg,W
19413.jpg,M
19414.jpg,J
19415.jpg,M
19416.jpg,N
19417.jpg,K
19418.jpg,U
19419.jpg,B
1942.jpg,K
19420.jpg,V
19421.jpg,X
19422.jpg,H
19423.jpg,P
19424.jpg,H
19425.jpg,M
19426.jpg,J
19427.jpg,P
19428.jpg,R
19429.jpg,G
1943.jpg,L
19430.jpg,M
19431.jpg,R
19432.jpg,B
19433.jpg,U
19434.jpg,J
19435.jpg,Z
19436.jpg,E
19437.jpg,U
19438.jpg,O
19439.jpg,Q
1944.jpg,H
19440.jpg,R
19441.jpg,B
19442.jpg,Q
19443.jpg,V
19444.jpg,M
19445.jpg,U
19446.jpg,P
19447.jpg,X
19448.jpg,L
19449.jpg,H
1945.jpg,W
19450.jpg,O
19451.jpg,J
19452.jpg,K
19453.jpg,R
19454.jpg,O
19455.jpg,P
19456.jpg,U
19457.jpg,P
19458.jpg,K
19459.jpg,R
1946.jpg,N
19460.jpg,X
19461.jpg,C
19462.jpg,R
19463.jpg,C
19464.jpg,N
19465.jpg,Y
19466.jpg,V
19467.jpg,J
19468.jpg,I
19469.jpg,N
1947.jpg,M
19470.jpg,R
19471.jpg,S
19472.jpg,U
19473.jpg,Y
19474.jpg,X
19475.jpg,J
19476.jpg,N
19477.jpg,H
19478.jpg,L
19479.jpg,N
1948.jpg,M
19480.jpg,M
19481.jpg,X
19482.jpg,W
19483.jpg,R
19484.jpg,E
19485.jpg,P
19486.jpg,U
19487.jpg,N
19488.jpg,J
19489.jpg,J
1949.jpg,M
19490.jpg,Q
19491.jpg,J
19492.jpg,R
19493.jpg,C
19494.jpg,B
19495.jpg,K
19496.jpg,Y
19497.jpg,O
19498.jpg,J
19499.jpg,C
195.jpg,K
1950.jpg,H
19500.jpg,R
19501.jpg,J
19502.jpg,M
19503.jpg,A
19504.jpg,X
19505.jpg,O
19506.jpg,D
19507.jpg,U
19508.jpg,K
19509.jpg,P
1951.jpg,W
19510.jpg,O
19511.jpg,M
19512.jpg,P
19513.jpg,V
19514.jpg,B
19515.jpg,B
19516.jpg,O
19517.jpg,O
19518.jpg,M
19519.jpg,J
1952.jpg,X
19520.jpg,U
19521.jpg,O
19522.jpg,O
19523.jpg,H
19524.jpg,M
19525.jpg,P
19526.jpg,V
19527.jpg,Y
19528.jpg,R
19529.jpg,O
1953.jpg,K
19530.jpg,B
19531.jpg,W
19532.jpg,O
19533.jpg,U
19534.jpg,U
19535.jpg,L
19536.jpg,Y
19537.jpg,V
19538.jpg,M
19539.jpg,U
1954.jpg,R
19540.jpg,Y
19541.jpg,V
19542.jpg,H
19543.jpg,Q
19544.jpg,X
19545.jpg,N
19546.jpg,Q
19547.jpg,E
19548.jpg,M
19549.jpg,K
1955.jpg,O
19550.jpg,J
19551.jpg,O
19552.jpg,I
19553.jpg,B
19554.jpg,O
19555.jpg,M
19556.jpg,X
19557.jpg,V
19558.jpg,A
19559.jpg,J
1956.jpg,V
19560.jpg,X
19561.jpg,M
19562.jpg,M
19563.jpg,L
19564.jpg,K
19565.jpg,O
19566.jpg,P
19567.jpg,C
19568.jpg,N
19569.jpg,B
1957.jpg,P
19570.jpg,V
19571.jpg,C
19572.jpg,N
19573.jpg,Q
19574.jpg,R
19575.jpg,M
19576.jpg,X
19577.jpg,B
19578.jpg,R
19579.jpg,M
1958.jpg,V
19580.jpg,E
19581.jpg,O
19582.jpg,R
19583.jpg,H
19584.jpg,P
19585.jpg,O
19586.jpg,P
19587.jpg,W
19588.jpg,S
19589.jpg,P
1959.jpg,O
19590.jpg,M
19591.jpg,B
19592.jpg,J
19593.jpg,U
19594.jpg,O
19595.jpg,V
19596.jpg,P
19597.jpg,P
19598.jpg,R
19599.jpg,del
196.jpg,P
1960.jpg,N
19600.jpg,U
19601.jpg,R
19602.jpg,K
19603.jpg,G
19604.jpg,P
19605.jpg,I
19606.jpg,M
19607.jpg,U
19608.jpg,N
19609.jpg,W
1961.jpg,M
19610.jpg,A
19611.jpg,J
19612.jpg,R
19613.jpg,U
19614.jpg,L
19615.jpg,O
19616.jpg,B
19617.jpg,E
19618.jpg,M
19619.jpg,Y
1962.jpg,S
19620.jpg,N
19621.jpg,H
19622.jpg,M
19623.jpg,X
19624.jpg,M
19625.jpg,E
19626.jpg,J
19627.jpg,O
19628.jpg,W
19629.jpg,M
1963.jpg,P
19630.jpg,M
19631.jpg,U
19632.jpg,U
19633.jpg,S
19634.jpg,N
19635.jpg,N
19636.jpg,N
19637.jpg,R
19638.jpg,U
19639.jpg,H
1964.jpg,N
19640.jpg,M
19641.jpg,N
19642.jpg,U
19643.jpg,U
19644.jpg,B
19645.jpg,Y
19646.jpg,J
19647.jpg,P
19648.jpg,X
19649.jpg,Z
1965.jpg,S
19650.jpg,P
19651.jpg,O
19652.jpg,O
19653.jpg,K
19654.jpg,S
19655.jpg,L
19656.jpg,T
19657.jpg,S
19658.jpg,L
19659.jpg,N
1966.jpg,O
19660.jpg,B
19661.jpg,S
19662.jpg,E
19663.jpg,O
19664.jpg,R
19665.jpg,J
19666.jpg,B
19667.jpg,X
19668.jpg,M
19669.jpg,J
1967.jpg,Y
19670.jpg,N
19671.jpg,H
19672.jpg,V
19673.jpg,B
19674.jpg,M
19675.jpg,M
19676.jpg,N
19677.jpg,U
19678.jpg,W
19679.jpg,A
1968.jpg,C
19680.jpg,Q
19681.jpg,P
19682.jpg,N
19683.jpg,L
19684.jpg,H
19685.jpg,B
19686.jpg,M
19687.jpg,I
19688.jpg,J
19689.jpg,S
1969.jpg,Q
19690.jpg,space
19691.jpg,Y
19692.jpg,Q
19693.jpg,M
19694.jpg,A
19695.jpg,H
19696.jpg,Y
19697.jpg,Z
19698.jpg,S
19699.jpg,I
197.jpg,K
1970.jpg,A
19700.jpg,L
19701.jpg,U
19702.jpg,N
19703.jpg,N
19704.jpg,M
19705.jpg,W
19706.jpg,L
19707.jpg,N
19708.jpg,S
19709.jpg,Q
1971.jpg,J
19710.jpg,M
19711.jpg,Q
19712.jpg,K
19713.jpg,U
19714.jpg,Q
19715.jpg,V
19716.jpg,Q
19717.jpg,J
19718.jpg,R
19719.jpg,M
1972.jpg,W
19720.jpg,W
19721.jpg,J
19722.jpg,U
19723.jpg,M
19724.jpg,U
19725.jpg,C
19726.jpg,I
19727.jpg,N
19728.jpg,N
19729.jpg,W
1973.jpg,M
19730.jpg,R
19731.jpg,space
19732.jpg,M
19733.jpg,M
19734.jpg,N
19735.jpg,E
19736.jpg,B
19737.jpg,H
19738.jpg,H
19739.jpg,Y
1974.jpg,J
19740.jpg,Q
19741.jpg,Y
19742.jpg,P
19743.jpg,M
19744.jpg,O
19745.jpg,M
19746.jpg,nothing
19747.jpg,U
19748.jpg,X
19749.jpg,N
1975.jpg,J
19750.jpg,Y
19751.jpg,S
19752.jpg,Z
19753.jpg,N
19754.jpg,A
19755.jpg,M
19756.jpg,L
19757.jpg,A
19758.jpg,M
19759.jpg,X
1976.jpg,T
19760.jpg,V
19761.jpg,H
19762.jpg,M
19763.jpg,U
19764.jpg,C
19765.jpg,M
19766.jpg,V
19767.jpg,J
19768.jpg,M
19769.jpg,C
1977.jpg,N
19770.jpg,M
19771.jpg,O
19772.jpg,U
19773.jpg,X
19774.jpg,U
19775.jpg,B
19776.jpg,R
19777.jpg,V
19778.jpg,R
19779.jpg,M
1978.jpg,X
19780.jpg,X
19781.jpg,U
19782.jpg,U
19783.jpg,A
19784.jpg,U
19785.jpg,H
19786.jpg,Q
19787.jpg,I
19788.jpg,S
19789.jpg,K
1979.jpg,P
19790.jpg,B
19791.jpg,W
19792.jpg,E
19793.jpg,Y
19794.jpg,M
19795.jpg,Q
19796.jpg,N
19797.jpg,J
19798.jpg,N
19799.jpg,del
198.jpg,M
1980.jpg,A
19800.jpg,J
19801.jpg,I
19802.jpg,L
19803.jpg,D
19804.jpg,O
19805.jpg,U
19806.jpg,V
19807.jpg,B
19808.jpg,K
19809.jpg,M
1981.jpg,Q
19810.jpg,N
19811.jpg,M
19812.jpg,space
19813.jpg,K
19814.jpg,space
19815.jpg,Q
19816.jpg,M
19817.jpg,O
19818.jpg,X
19819.jpg,space
1982.jpg,B
19820.jpg,H
19821.jpg,space
19822.jpg,R
19823.jpg,L
19824.jpg,space
19825.jpg,W
19826.jpg,O
19827.jpg,W
19828.jpg,W
19829.jpg,U
1983.jpg,J
19830.jpg,O
19831.jpg,J
19832.jpg,N
19833.jpg,J
19834.jpg,L
19835.jpg,O
19836.jpg,R
19837.jpg,J
19838.jpg,N
19839.jpg,F
1984.jpg,W
19840.jpg,C
19841.jpg,W
19842.jpg,F
19843.jpg,R
19844.jpg,D
19845.jpg,T
19846.jpg,N
19847.jpg,Y
19848.jpg,B
19849.jpg,J
1985.jpg,M
19850.jpg,M
19851.jpg,B
19852.jpg,Y
19853.jpg,N
19854.jpg,V
19855.jpg,H
19856.jpg,U
19857.jpg,B
19858.jpg,Q
19859.jpg,M
1986.jpg,B
19860.jpg,H
19861.jpg,D
19862.jpg,G
19863.jpg,N
19864.jpg,J
19865.jpg,M
19866.jpg,O
19867.jpg,P
19868.jpg,J
19869.jpg,J
1987.jpg,T
19870.jpg,K
19871.jpg,U
19872.jpg,B
19873.jpg,F
19874.jpg,C
19875.jpg,I
19876.jpg,V
19877.jpg,O
19878.jpg,Q
19879.jpg,S
1988.jpg,P
19880.jpg,U
19881.jpg,M
19882.jpg,Q
19883.jpg,Q
19884.jpg,S
19885.jpg,O
19886.jpg,P
19887.jpg,B
19888.jpg,I
19889.jpg,J
1989.jpg,F
19890.jpg,X
19891.jpg,W
19892.jpg,P
19893.jpg,Y
19894.jpg,C
19895.jpg,S
19896.jpg,I
19897.jpg,J
19898.jpg,N
19899.jpg,U
199.jpg,E
1990.jpg,N
19900.jpg,N
19901.jpg,B
19902.jpg,M
19903.jpg,M
19904.jpg,B
19905.jpg,P
19906.jpg,P
19907.jpg,M
19908.jpg,M
19909.jpg,I
1991.jpg,H
19910.jpg,I
19911.jpg,Y
19912.jpg,I
19913.jpg,R
19914.jpg,L
19915.jpg,R
19916.jpg,N
19917.jpg,A
19918.jpg,Z
19919.jpg,O
1992.jpg,I
19920.jpg,M
19921.jpg,Y
19922.jpg,E
19923.jpg,M
19924.jpg,J
19925.jpg,G
19926.jpg,Z
19927.jpg,B
19928.jpg,N
19929.jpg,J
1993.jpg,Y
19930.jpg,S
19931.jpg,O
19932.jpg,M
19933.jpg,N
19934.jpg,M
19935.jpg,M
19936.jpg,U
19937.jpg,W
19938.jpg,U
19939.jpg,del
1994.jpg,T
19940.jpg,L
19941.jpg,space
19942.jpg,P
19943.jpg,E
19944.jpg,B
19945.jpg,P
19946.jpg,L
19947.jpg,M
19948.jpg,X
19949.jpg,O
1995.jpg,M
19950.jpg,M
19951.jpg,E
19952.jpg,V
19953.jpg,J
19954.jpg,M
19955.jpg,M
19956.jpg,J
19957.jpg,W
19958.jpg,R
19959.jpg,B
1996.jpg,M
19960.jpg,J
19961.jpg,R
19962.jpg,R
19963.jpg,F
19964.jpg,E
19965.jpg,Y
19966.jpg,Q
19967.jpg,F
19968.jpg,H
19969.jpg,H
1997.jpg,W
19970.jpg,L
19971.jpg,A
19972.jpg,A
19973.jpg,R
19974.jpg,U
19975.jpg,J
19976.jpg,B
19977.jpg,M
19978.jpg,R
19979.jpg,A
1998.jpg,N
19980.jpg,U
19981.jpg,S
19982.jpg,del
19983.jpg,B
19984.jpg,S
19985.jpg,space
19986.jpg,N
19987.jpg,E
19988.jpg,O
19989.jpg,R
1999.jpg,M
19990.jpg,J
19991.jpg,U
19992.jpg,Z
19993.jpg,J
19994.jpg,U
19995.jpg,M
19996.jpg,M
19997.jpg,O
19998.jpg,V
19999.jpg,O
2.jpg,K
20.jpg,U
200.jpg,Y
2000.jpg,Y
20000.jpg,N
20001.jpg,P
20002.jpg,X
20003.jpg,N
20004.jpg,E
20005.jpg,M
20006.jpg,F
20007.jpg,K
20008.jpg,P
20009.jpg,B
2001.jpg,K
20010.jpg,B
20011.jpg,M
20012.jpg,E
20013.jpg,del
20014.jpg,O
20015.jpg,M
20016.jpg,Q
20017.jpg,M
20018.jpg,U
20019.jpg,R
2002.jpg,M
20020.jpg,N
20021.jpg,X
20022.jpg,R
20023.jpg,N
20024.jpg,U
20025.jpg,N
20026.jpg,U
20027.jpg,X
20028.jpg,E
20029.jpg,V
2003.jpg,S
20030.jpg,N
20031.jpg,X
20032.jpg,C
20033.jpg,B
20034.jpg,I
20035.jpg,R
20036.jpg,O
20037.jpg,N
20038.jpg,R
20039.jpg,G
2004.jpg,M
20040.jpg,M
20041.jpg,space
20042.jpg,C
20043.jpg,Q
20044.jpg,O
20045.jpg,O
20046.jpg,X
20047.jpg,N
20048.jpg,M
20049.jpg,N
2005.jpg,H
20050.jpg,A
20051.jpg,W
20052.jpg,J
20053.jpg,N
20054.jpg,M
20055.jpg,M
20056.jpg,P
20057.jpg,K
20058.jpg,O
20059.jpg,H
2006.jpg,Y
20060.jpg,L
20061.jpg,H
20062.jpg,V
20063.jpg,N
20064.jpg,J
20065.jpg,M
20066.jpg,W
20067.jpg,Z
20068.jpg,N
20069.jpg,X
2007.jpg,O
20070.jpg,Y
20071.jpg,U
20072.jpg,H
20073.jpg,N
20074.jpg,T
20075.jpg,A
20076.jpg,E
20077.jpg,Y
20078.jpg,M
20079.jpg,L
2008.jpg,S
20080.jpg,B
20081.jpg,X
20082.jpg,J
20083.jpg,U
20084.jpg,B
20085.jpg,N
20086.jpg,E
20087.jpg,W
20088.jpg,L
20089.jpg,N
2009.jpg,Z
20090.jpg,M
20091.jpg,H
20092.jpg,N
20093.jpg,N
20094.jpg,B
20095.jpg,M
20096.jpg,S
20097.jpg,P
20098.jpg,H
20099.jpg,J
201.jpg,R
2010.jpg,G
20100.jpg,W
20101.jpg,M
20102.jpg,S
20103.jpg,P
20104.jpg,M
20105.jpg,N
20106.jpg,D
20107.jpg,M
20108.jpg,J
20109.jpg,E
2011.jpg,O
20110.jpg,W
20111.jpg,X
20112.jpg,Y
20113.jpg,U
20114.jpg,R
20115.jpg,Y
20116.jpg,K
20117.jpg,L
20118.jpg,X
20119.jpg,J
2012.jpg,R
20120.jpg,M
20121.jpg,N
20122.jpg,X
20123.jpg,O
20124.jpg,J
20125.jpg,R
20126.jpg,P
20127.jpg,U
20128.jpg,U
20129.jpg,Z
2013.jpg,del
20130.jpg,P
20131.jpg,M
20132.jpg,W
20133.jpg,M
20134.jpg,X
20135.jpg,P
20136.jpg,space
20137.jpg,M
20138.jpg,P
20139.jpg,G
2014.jpg,O
20140.jpg,M
20141.jpg,C
20142.jpg,H
20143.jpg,M
20144.jpg,M
20145.jpg,R
20146.jpg,A
20147.jpg,Q
20148.jpg,F
20149.jpg,V
2015.jpg,M
20150.jpg,U
20151.jpg,K
20152.jpg,L
20153.jpg,E
20154.jpg,A
20155.jpg,B
20156.jpg,L
20157.jpg,I
20158.jpg,J
20159.jpg,W
2016.jpg,C
20160.jpg,R
20161.jpg,V
20162.jpg,H
20163.jpg,K
20164.jpg,O
20165.jpg,J
20166.jpg,K
20167.jpg,M
20168.jpg,M
20169.jpg,O
2017.jpg,P
20170.jpg,W
20171.jpg,J
20172.jpg,M
20173.jpg,V
20174.jpg,I
20175.jpg,M
20176.jpg,R
20177.jpg,O
20178.jpg,X
20179.jpg,L
2018.jpg,del
20180.jpg,B
20181.jpg,O
20182.jpg,E
20183.jpg,M
20184.jpg,R
20185.jpg,M
20186.jpg,J
20187.jpg,M
20188.jpg,P
20189.jpg,H
2019.jpg,H
20190.jpg,R
20191.jpg,O
20192.jpg,M
20193.jpg,J
20194.jpg,M
20195.jpg,J
20196.jpg,W
20197.jpg,E
20198.jpg,E
20199.jpg,N
202.jpg,K
2020.jpg,Y
20200.jpg,M
20201.jpg,R
20202.jpg,Y
20203.jpg,L
20204.jpg,B
20205.jpg,del
20206.jpg,N
20207.jpg,H
20208.jpg,P
20209.jpg,R
2021.jpg,S
20210.jpg,T
20211.jpg,M
20212.jpg,P
20213.jpg,H
20214.jpg,R
20215.jpg,K
20216.jpg,O
20217.jpg,del
20218.jpg,M
20219.jpg,Q
2022.jpg,M
20220.jpg,B
20221.jpg,E
20222.jpg,N
20223.jpg,J
20224.jpg,S
20225.jpg,M
20226.jpg,B
20227.jpg,P
20228.jpg,O
20229.jpg,M
2023.jpg,R
20230.jpg,L
20231.jpg,N
20232.jpg,Q
20233.jpg,V
20234.jpg,O
20235.jpg,del
20236.jpg,K
20237.jpg,E
20238.jpg,S
20239.jpg,N
2024.jpg,L
20240.jpg,M
20241.jpg,O
20242.jpg,J
20243.jpg,J
20244.jpg,D
20245.jpg,M
20246.jpg,A
20247.jpg,U
20248.jpg,J
20249.jpg,J
2025.jpg,R
20250.jpg,R
20251.jpg,G
20252.jpg,C
20253.jpg,L
20254.jpg,V
20255.jpg,V
20256.jpg,Z
20257.jpg,U
20258.jpg,N
20259.jpg,del
2026.jpg,Q
20260.jpg,I
20261.jpg,N
20262.jpg,B
20263.jpg,U
20264.jpg,P
20265.jpg,I
20266.jpg,P
20267.jpg,Y
20268.jpg,E
20269.jpg,G
2027.jpg,J
20270.jpg,O
20271.jpg,U
20272.jpg,L
20273.jpg,N
20274.jpg,M
20275.jpg,N
20276.jpg,O
20277.jpg,Y
20278.jpg,V
20279.jpg,M
2028.jpg,N
20280.jpg,Q
20281.jpg,H
20282.jpg,N
20283.jpg,P
20284.jpg,space
20285.jpg,W
20286.jpg,L
20287.jpg,J
20288.jpg,Q
20289.jpg,M
2029.jpg,C
20290.jpg,X
20291.jpg,O
20292.jpg,I
20293.jpg,Q
20294.jpg,O
20295.jpg,B
20296.jpg,S
20297.jpg,P
20298.jpg,O
20299.jpg,I
203.jpg,Z
2030.jpg,L
20300.jpg,J
20301.jpg,H
20302.jpg,I
20303.jpg,S
20304.jpg,N
20305.jpg,O
20306.jpg,O
20307.jpg,B
20308.jpg,O
20309.jpg,W
2031.jpg,N
20310.jpg,R
20311.jpg,C
20312.jpg,J
20313.jpg,H
20314.jpg,V
20315.jpg,M
20316.jpg,T
20317.jpg,O
20318.jpg,Q
20319.jpg,O
2032.jpg,M
20320.jpg,R
20321.jpg,S
20322.jpg,L
20323.jpg,M
20324.jpg,E
20325.jpg,A
20326.jpg,R
20327.jpg,J
20328.jpg,V
20329.jpg,H
2033.jpg,O
20330.jpg,W
20331.jpg,X
20332.jpg,O
20333.jpg,I
20334.jpg,Y
20335.jpg,H
20336.jpg,R
20337.jpg,L
20338.jpg,M
20339.jpg,M
2034.jpg,B
20340.jpg,T
20341.jpg,U
20342.jpg,M
20343.jpg,Y
20344.jpg,space
20345.jpg,C
20346.jpg,O
20347.jpg,Q
20348.jpg,P
20349.jpg,R
2035.jpg,M
20350.jpg,D
20351.jpg,V
20352.jpg,H
20353.jpg,S
20354.jpg,N
20355.jpg,D
20356.jpg,W
20357.jpg,N
20358.jpg,O
20359.jpg,H
2036.jpg,V
20360.jpg,N
20361.jpg,R
20362.jpg,S
20363.jpg,K
20364.jpg,J
20365.jpg,M
20366.jpg,J
20367.jpg,V
20368.jpg,N
20369.jpg,N
2037.jpg,M
20370.jpg,R
20371.jpg,Q
20372.jpg,J
20373.jpg,H
20374.jpg,O
20375.jpg,M
20376.jpg,J
20377.jpg,P
20378.jpg,M
20379.jpg,Q
2038.jpg,J
20380.jpg,C
20381.jpg,N
20382.jpg,M
20383.jpg,A
20384.jpg,Y
20385.jpg,P
20386.jpg,O
20387.jpg,R
20388.jpg,J
20389.jpg,X
2039.jpg,M
20390.jpg,J
20391.jpg,B
20392.jpg,O
20393.jpg,V
20394.jpg,K
20395.jpg,E
20396.jpg,E
20397.jpg,E
20398.jpg,Y
20399.jpg,K
204.jpg,U
2040.jpg,M
20400.jpg,X
20401.jpg,A
20402.jpg,W
20403.jpg,O
20404.jpg,N
20405.jpg,R
20406.jpg,M
20407.jpg,M
20408.jpg,T
20409.jpg,M
2041.jpg,J
20410.jpg,F
20411.jpg,A
20412.jpg,X
20413.jpg,Y
20414.jpg,M
20415.jpg,T
20416.jpg,J
20417.jpg,M
20418.jpg,N
20419.jpg,X
2042.jpg,H
20420.jpg,L
20421.jpg,O
20422.jpg,N
20423.jpg,M
20424.jpg,B
20425.jpg,O
20426.jpg,N
20427.jpg,R
20428.jpg,P
20429.jpg,U
2043.jpg,I
20430.jpg,U
20431.jpg,P
20432.jpg,K
20433.jpg,E
20434.jpg,O
20435.jpg,A
20436.jpg,W
20437.jpg,Y
20438.jpg,R
20439.jpg,U
2044.jpg,M
20440.jpg,N
20441.jpg,B
20442.jpg,R
20443.jpg,A
20444.jpg,S
20445.jpg,S
20446.jpg,J
20447.jpg,H
20448.jpg,S
20449.jpg,V
2045.jpg,D
20450.jpg,M
20451.jpg,N
20452.jpg,V
20453.jpg,P
20454.jpg,U
20455.jpg,U
20456.jpg,M
20457.jpg,L
20458.jpg,L
20459.jpg,I
2046.jpg,E
20460.jpg,P
20461.jpg,P
20462.jpg,M
20463.jpg,N
20464.jpg,O
20465.jpg,K
20466.jpg,U
20467.jpg,E
20468.jpg,N
20469.jpg,V
2047.jpg,B
20470.jpg,J
20471.jpg,L
20472.jpg,L
20473.jpg,del
20474.jpg,R
20475.jpg,H
20476.jpg,U
20477.jpg,V
20478.jpg,U
20479.jpg,E
2048.jpg,Y
20480.jpg,S
20481.jpg,Q
20482.jpg,R
20483.jpg,U
20484.jpg,R
20485.jpg,M
20486.jpg,M
20487.jpg,U
20488.jpg,Q
20489.jpg,M
2049.jpg,N
20490.jpg,U
20491.jpg,O
20492.jpg,R
20493.jpg,Q
20494.jpg,H
20495.jpg,N
20496.jpg,space
20497.jpg,J
20498.jpg,M
20499.jpg,K
205.jpg,A
2050.jpg,J
20500.jpg,O
20501.jpg,O
20502.jpg,N
20503.jpg,K
20504.jpg,R
20505.jpg,M
20506.jpg,O
20507.jpg,Q
20508.jpg,N
20509.jpg,B
2051.jpg,C
20510.jpg,E
20511.jpg,B
20512.jpg,O
20513.jpg,space
20514.jpg,U
20515.jpg,R
20516.jpg,R
20517.jpg,E
20518.jpg,J
20519.jpg,N
2052.jpg,H
20520.jpg,R
20521.jpg,X
20522.jpg,del
20523.jpg,M
20524.jpg,M
20525.jpg,B
20526.jpg,K
20527.jpg,R
20528.jpg,M
20529.jpg,R
2053.jpg,del
20530.jpg,K
20531.jpg,B
20532.jpg,A
20533.jpg,R
20534.jpg,B
20535.jpg,J
20536.jpg,Q
20537.jpg,Y
20538.jpg,W
20539.jpg,Y
2054.jpg,L
20540.jpg,M
20541.jpg,V
20542.jpg,P
20543.jpg,V
20544.jpg,U
20545.jpg,B
20546.jpg,N
20547.jpg,O
20548.jpg,O
20549.jpg,J
2055.jpg,N
20550.jpg,H
20551.jpg,W
20552.jpg,Z
20553.jpg,K
20554.jpg,R
20555.jpg,M
20556.jpg,M
20557.jpg,G
20558.jpg,K
20559.jpg,S
2056.jpg,J
20560.jpg,E
20561.jpg,X
20562.jpg,P
20563.jpg,O
20564.jpg,D
20565.jpg,R
20566.jpg,N
20567.jpg,M
20568.jpg,J
20569.jpg,J
2057.jpg,J
20570.jpg,J
20571.jpg,S
20572.jpg,H
20573.jpg,N
20574.jpg,M
20575.jpg,X
20576.jpg,J
20577.jpg,P
20578.jpg,Y
20579.jpg,M
2058.jpg,M
20580.jpg,O
20581.jpg,N
20582.jpg,M
20583.jpg,Y
20584.jpg,B
20585.jpg,X
20586.jpg,L
20587.jpg,Q
20588.jpg,O
20589.jpg,A
2059.jpg,R
20590.jpg,H
20591.jpg,T
20592.jpg,L
20593.jpg,J
20594.jpg,E
20595.jpg,Y
20596.jpg,Z
20597.jpg,N
20598.jpg,Y
20599.jpg,M
206.jpg,U
2060.jpg,B
20600.jpg,N
20601.jpg,P
20602.jpg,R
20603.jpg,M
20604.jpg,N
20605.jpg,M
20606.jpg,M
20607.jpg,Y
20608.jpg,X
20609.jpg,Y
2061.jpg,M
20610.jpg,N
20611.jpg,H
20612.jpg,L
20613.jpg,H
20614.jpg,H
20615.jpg,J
20616.jpg,R
20617.jpg,V
20618.jpg,K
20619.jpg,R
2062.jpg,B
20620.jpg,K
20621.jpg,V
20622.jpg,W
20623.jpg,R
20624.jpg,Q
20625.jpg,O
20626.jpg,X
20627.jpg,A
20628.jpg,O
20629.jpg,M
2063.jpg,M
20630.jpg,V
20631.jpg,W
20632.jpg,Q
20633.jpg,O
20634.jpg,U
20635.jpg,J
20636.jpg,nothing
20637.jpg,S
20638.jpg,E
20639.jpg,S
2064.jpg,N
20640.jpg,U
20641.jpg,Y
20642.jpg,R
20643.jpg,M
20644.jpg,R
20645.jpg,G
20646.jpg,E
20647.jpg,M
20648.jpg,H
20649.jpg,R
2065.jpg,R
20650.jpg,X
20651.jpg,H
20652.jpg,L
20653.jpg,M
20654.jpg,J
20655.jpg,B
20656.jpg,M
20657.jpg,U
20658.jpg,R
20659.jpg,M
2066.jpg,Y
20660.jpg,Q
20661.jpg,N
20662.jpg,S
20663.jpg,M
20664.jpg,R
20665.jpg,M
20666.jpg,H
20667.jpg,R
20668.jpg,Y
20669.jpg,del
2067.jpg,E
20670.jpg,U
20671.jpg,R
20672.jpg,A
20673.jpg,N
20674.jpg,J
20675.jpg,S
20676.jpg,J
20677.jpg,B
20678.jpg,N
20679.jpg,H
2068.jpg,X
20680.jpg,Y
20681.jpg,Q
20682.jpg,G
20683.jpg,T
20684.jpg,L
20685.jpg,O
20686.jpg,M
20687.jpg,H
20688.jpg,V
20689.jpg,M
2069.jpg,H
20690.jpg,C
20691.jpg,D
20692.jpg,M
20693.jpg,J
20694.jpg,S
20695.jpg,N
20696.jpg,Q
20697.jpg,D
20698.jpg,R
20699.jpg,M
207.jpg,X
2070.jpg,M
20700.jpg,M
20701.jpg,A
20702.jpg,P
20703.jpg,M
20704.jpg,N
20705.jpg,M
20706.jpg,N
20707.jpg,O
20708.jpg,E
20709.jpg,E
2071.jpg,N
20710.jpg,U
20711.jpg,Q
20712.jpg,Q
20713.jpg,Q
20714.jpg,M
20715.jpg,M
20716.jpg,K
20717.jpg,N
20718.jpg,N
20719.jpg,Q
2072.jpg,P
20720.jpg,R
20721.jpg,R
20722.jpg,R
20723.jpg,O
20724.jpg,O
20725.jpg,N
20726.jpg,P
20727.jpg,N
20728.jpg,Y
20729.jpg,K
2073.jpg,O
20730.jpg,B
20731.jpg,R
20732.jpg,R
20733.jpg,L
20734.jpg,Y
20735.jpg,V
20736.jpg,H
20737.jpg,M
20738.jpg,E
20739.jpg,H
2074.jpg,J
20740.jpg,F
20741.jpg,H
20742.jpg,M
20743.jpg,L
20744.jpg,J
20745.jpg,J
20746.jpg,N
20747.jpg,R
20748.jpg,B
20749.jpg,M
2075.jpg,V
20750.jpg,J
20751.jpg,L
20752.jpg,L
20753.jpg,B
20754.jpg,M
20755.jpg,C
20756.jpg,N
20757.jpg,L
20758.jpg,W
20759.jpg,L
2076.jpg,A
20760.jpg,Z
20761.jpg,U
20762.jpg,S
20763.jpg,P
20764.jpg,M
20765.jpg,M
20766.jpg,M
20767.jpg,O
20768.jpg,X
20769.jpg,Y
2077.jpg,J
20770.jpg,E
20771.jpg,M
20772.jpg,U
20773.jpg,M
20774.jpg,O
20775.jpg,Q
20776.jpg,P
20777.jpg,J
20778.jpg,K
20779.jpg,N
2078.jpg,U
20780.jpg,L
20781.jpg,V
20782.jpg,J
20783.jpg,P
20784.jpg,del
20785.jpg,H
20786.jpg,M
20787.jpg,L
20788.jpg,E
20789.jpg,T
2079.jpg,Y
20790.jpg,W
20791.jpg,Q
20792.jpg,O
20793.jpg,K
20794.jpg,N
20795.jpg,F
20796.jpg,space
20797.jpg,S
20798.jpg,A
20799.jpg,X
208.jpg,N
2080.jpg,L
20800.jpg,R
20801.jpg,M
20802.jpg,Q
20803.jpg,U
20804.jpg,A
20805.jpg,W
20806.jpg,Q
20807.jpg,U
20808.jpg,M
20809.jpg,N
2081.jpg,M
20810.jpg,U
20811.jpg,V
20812.jpg,O
20813.jpg,Q
20814.jpg,U
20815.jpg,O
20816.jpg,I
20817.jpg,Z
20818.jpg,M
20819.jpg,M
2082.jpg,M
20820.jpg,E
20821.jpg,R
20822.jpg,G
20823.jpg,X
20824.jpg,P
20825.jpg,K
20826.jpg,V
20827.jpg,Y
20828.jpg,W
20829.jpg,S
2083.jpg,B
20830.jpg,Z
20831.jpg,B
20832.jpg,H
20833.jpg,P
20834.jpg,W
20835.jpg,O
20836.jpg,Y
20837.jpg,S
20838.jpg,Y
20839.jpg,M
2084.jpg,O
20840.jpg,P
20841.jpg,E
20842.jpg,Q
20843.jpg,M
20844.jpg,F
20845.jpg,H
20846.jpg,U
20847.jpg,Y
20848.jpg,K
20849.jpg,W
2085.jpg,P
20850.jpg,O
20851.jpg,M
20852.jpg,H
20853.jpg,M
20854.jpg,Q
20855.jpg,H
20856.jpg,Q
20857.jpg,B
20858.jpg,H
20859.jpg,W
2086.jpg,O
20860.jpg,N
20861.jpg,U
20862.jpg,P
20863.jpg,U
20864.jpg,B
20865.jpg,C
20866.jpg,S
20867.jpg,L
20868.jpg,space
20869.jpg,M
2087.jpg,D
20870.jpg,U
20871.jpg,M
20872.jpg,B
20873.jpg,J
20874.jpg,E
20875.jpg,M
20876.jpg,R
20877.jpg,T
20878.jpg,X
20879.jpg,J
2088.jpg,del
20880.jpg,B
20881.jpg,N
20882.jpg,H
20883.jpg,Y
20884.jpg,W
20885.jpg,C
20886.jpg,W
20887.jpg,A
20888.jpg,P
20889.jpg,M
2089.jpg,O
20890.jpg,O
20891.jpg,R
20892.jpg,Y
20893.jpg,B
20894.jpg,K
20895.jpg,J
20896.jpg,U
20897.jpg,I
20898.jpg,U
20899.jpg,O
209.jpg,M
2090.jpg,Z
20900.jpg,S
20901.jpg,J
20902.jpg,K
20903.jpg,N
20904.jpg,O
20905.jpg,W
20906.jpg,M
20907.jpg,V
20908.jpg,N
20909.jpg,M
2091.jpg,M
20910.jpg,B
20911.jpg,Q
20912.jpg,P
20913.jpg,I
20914.jpg,Q
20915.jpg,O
20916.jpg,A
20917.jpg,P
20918.jpg,S
20919.jpg,P
2092.jpg,N
20920.jpg,U
20921.jpg,P
20922.jpg,O
20923.jpg,Q
20924.jpg,W
20925.jpg,M
20926.jpg,M
20927.jpg,Q
20928.jpg,M
20929.jpg,L
2093.jpg,I
20930.jpg,N
20931.jpg,S
20932.jpg,V
20933.jpg,V
20934.jpg,B
20935.jpg,J
20936.jpg,E
20937.jpg,O
20938.jpg,U
20939.jpg,N
2094.jpg,E
20940.jpg,C
20941.jpg,I
20942.jpg,A
20943.jpg,M
20944.jpg,L
20945.jpg,N
20946.jpg,X
20947.jpg,J
20948.jpg,O
20949.jpg,O
2095.jpg,K
20950.jpg,P
20951.jpg,M
20952.jpg,U
20953.jpg,B
20954.jpg,I
20955.jpg,U
20956.jpg,O
20957.jpg,N
20958.jpg,R
20959.jpg,O
2096.jpg,Z
20960.jpg,I
20961.jpg,E
20962.jpg,X
20963.jpg,J
20964.jpg,M
20965.jpg,Y
20966.jpg,K
20967.jpg,M
20968.jpg,J
20969.jpg,X
2097.jpg,C
20970.jpg,A
20971.jpg,J
20972.jpg,B
20973.jpg,I
20974.jpg,S
20975.jpg,B
20976.jpg,P
20977.jpg,I
20978.jpg,L
20979.jpg,S
2098.jpg,L
20980.jpg,N
20981.jpg,J
20982.jpg,U
20983.jpg,C
20984.jpg,U
20985.jpg,N
20986.jpg,T
20987.jpg,del
20988.jpg,V
20989.jpg,N
2099.jpg,V
20990.jpg,Z
20991.jpg,V
20992.jpg,M
20993.jpg,C
20994.jpg,W
20995.jpg,M
20996.jpg,U
20997.jpg,V
20998.jpg,M
20999.jpg,V
21.jpg,U
210.jpg,M
2100.jpg,R
21000.jpg,I
21001.jpg,M
21002.jpg,O
21003.jpg,U
21004.jpg,M
21005.jpg,W
21006.jpg,H
21007.jpg,M
21008.jpg,B
21009.jpg,T
2101.jpg,H
21010.jpg,M
21011.jpg,S
21012.jpg,U
21013.jpg,M
21014.jpg,O
21015.jpg,W
21016.jpg,S
21017.jpg,E
21018.jpg,O
21019.jpg,S
2102.jpg,N
21020.jpg,J
21021.jpg,L
21022.jpg,R
21023.jpg,space
21024.jpg,O
21025.jpg,M
21026.jpg,P
21027.jpg,M
21028.jpg,E
21029.jpg,space
2103.jpg,O
21030.jpg,P
21031.jpg,Y
21032.jpg,A
21033.jpg,Q
21034.jpg,J
21035.jpg,Y
21036.jpg,P
21037.jpg,W
21038.jpg,B
21039.jpg,X
2104.jpg,W
21040.jpg,I
21041.jpg,N
21042.jpg,I
21043.jpg,E
21044.jpg,M
21045.jpg,J
21046.jpg,N
21047.jpg,A
21048.jpg,M
21049.jpg,Q
2105.jpg,V
21050.jpg,U
21051.jpg,Y
21052.jpg,W
21053.jpg,V
21054.jpg,J
21055.jpg,S
21056.jpg,E
21057.jpg,U
21058.jpg,Y
21059.jpg,K
2106.jpg,W
21060.jpg,R
21061.jpg,M
21062.jpg,L
21063.jpg,H
21064.jpg,K
21065.jpg,H
21066.jpg,M
21067.jpg,O
21068.jpg,S
21069.jpg,M
2107.jpg,R
21070.jpg,M
21071.jpg,C
21072.jpg,A
21073.jpg,L
21074.jpg,V
21075.jpg,L
21076.jpg,J
21077.jpg,O
21078.jpg,R
21079.jpg,B
2108.jpg,L
21080.jpg,N
21081.jpg,N
21082.jpg,Y
21083.jpg,N
21084.jpg,M
21085.jpg,N
21086.jpg,U
21087.jpg,B
21088.jpg,O
21089.jpg,Q
2109.jpg,M
21090.jpg,M
21091.jpg,O
21092.jpg,Z
21093.jpg,M
21094.jpg,M
21095.jpg,L
21096.jpg,Q
21097.jpg,H
21098.jpg,M
21099.jpg,C
211.jpg,V
2110.jpg,B
21100.jpg,Z
21101.jpg,S
21102.jpg,R
21103.jpg,O
21104.jpg,B
21105.jpg,H
21106.jpg,O
21107.jpg,M
21108.jpg,E
21109.jpg,M
2111.jpg,J
21110.jpg,B
21111.jpg,U
21112.jpg,E
21113.jpg,R
21114.jpg,B
21115.jpg,J
21116.jpg,N
21117.jpg,E
21118.jpg,X
21119.jpg,J
2112.jpg,C
21120.jpg,P
21121.jpg,Y
21122.jpg,V
21123.jpg,B
21124.jpg,R
21125.jpg,B
21126.jpg,U
21127.jpg,L
21128.jpg,B
21129.jpg,U
2113.jpg,H
21130.jpg,B
21131.jpg,H
21132.jpg,B
21133.jpg,K
21134.jpg,del
21135.jpg,Q
21136.jpg,R
21137.jpg,X
21138.jpg,M
21139.jpg,Q
2114.jpg,N
21140.jpg,H
21141.jpg,M
21142.jpg,K
21143.jpg,U
21144.jpg,Y
21145.jpg,R
21146.jpg,I
21147.jpg,C
21148.jpg,M
21149.jpg,C
2115.jpg,B
21150.jpg,M
21151.jpg,O
21152.jpg,P
21153.jpg,Q
21154.jpg,J
21155.jpg,M
21156.jpg,M
21157.jpg,F
21158.jpg,W
21159.jpg,U
2116.jpg,M
21160.jpg,O
21161.jpg,M
21162.jpg,W
21163.jpg,U
21164.jpg,N
21165.jpg,S
21166.jpg,M
21167.jpg,O
21168.jpg,X
21169.jpg,S
2117.jpg,R
21170.jpg,Y
21171.jpg,P
21172.jpg,L
21173.jpg,M
21174.jpg,M
21175.jpg,F
21176.jpg,D
21177.jpg,L
21178.jpg,R
21179.jpg,M
2118.jpg,U
21180.jpg,K
21181.jpg,O
21182.jpg,X
21183.jpg,L
21184.jpg,R
21185.jpg,P
21186.jpg,Y
21187.jpg,U
21188.jpg,O
21189.jpg,E
2119.jpg,R
21190.jpg,M
21191.jpg,I
21192.jpg,K
21193.jpg,L
21194.jpg,L
21195.jpg,M
21196.jpg,B
21197.jpg,J
21198.jpg,J
21199.jpg,X
212.jpg,G
2120.jpg,M
21200.jpg,B
21201.jpg,R
21202.jpg,M
21203.jpg,I
21204.jpg,Q
21205.jpg,O
21206.jpg,N
21207.jpg,O
21208.jpg,X
21209.jpg,W
2121.jpg,L
21210.jpg,E
21211.jpg,O
21212.jpg,S
21213.jpg,M
21214.jpg,B
21215.jpg,I
21216.jpg,M
21217.jpg,M
21218.jpg,R
21219.jpg,J
2122.jpg,N
21220.jpg,Q
21221.jpg,M
21222.jpg,N
21223.jpg,X
21224.jpg,O
21225.jpg,L
21226.jpg,Y
21227.jpg,J
21228.jpg,E
21229.jpg,P
2123.jpg,K
21230.jpg,Q
21231.jpg,R
21232.jpg,O
21233.jpg,M
21234.jpg,O
21235.jpg,P
21236.jpg,M
21237.jpg,O
21238.jpg,Q
21239.jpg,K
2124.jpg,S
21240.jpg,Y
21241.jpg,V
21242.jpg,P
21243.jpg,B
21244.jpg,M
21245.jpg,K
21246.jpg,Q
21247.jpg,del
21248.jpg,O
21249.jpg,J
2125.jpg,Y
21250.jpg,U
21251.jpg,space
21252.jpg,U
21253.jpg,N
21254.jpg,R
21255.jpg,O
21256.jpg,N
21257.jpg,L
21258.jpg,U
21259.jpg,N
2126.jpg,J
21260.jpg,P
21261.jpg,O
21262.jpg,N
21263.jpg,C
21264.jpg,Z
21265.jpg,H
21266.jpg,W
21267.jpg,G
21268.jpg,space
21269.jpg,N
2127.jpg,N
21270.jpg,M
21271.jpg,E
21272.jpg,L
21273.jpg,J
21274.jpg,U
21275.jpg,C
21276.jpg,R
21277.jpg,L
21278.jpg,B
21279.jpg,W
2128.jpg,I
21280.jpg,M
21281.jpg,H
21282.jpg,P
21283.jpg,M
21284.jpg,P
21285.jpg,R
21286.jpg,M
21287.jpg,N
21288.jpg,S
21289.jpg,A
2129.jpg,N
21290.jpg,M
21291.jpg,P
21292.jpg,O
21293.jpg,V
21294.jpg,N
21295.jpg,L
21296.jpg,X
21297.jpg,Q
21298.jpg,Z
21299.jpg,P
213.jpg,N
2130.jpg,U
21300.jpg,Q
21301.jpg,M
21302.jpg,L
21303.jpg,M
21304.jpg,Y
21305.jpg,I
21306.jpg,X
21307.jpg,H
21308.jpg,B
21309.jpg,Q
2131.jpg,J
21310.jpg,N
21311.jpg,I
21312.jpg,G
21313.jpg,M
21314.jpg,N
21315.jpg,E
21316.jpg,R
21317.jpg,N
21318.jpg,M
21319.jpg,U
2132.jpg,H
21320.jpg,N
21321.jpg,U
21322.jpg,P
21323.jpg,P
21324.jpg,K
21325.jpg,B
21326.jpg,H
21327.jpg,J
21328.jpg,Y
21329.jpg,O
2133.jpg,O
21330.jpg,J
21331.jpg,O
21332.jpg,S
21333.jpg,V
21334.jpg,H
21335.jpg,B
21336.jpg,M
21337.jpg,N
21338.jpg,H
21339.jpg,O
2134.jpg,N
21340.jpg,X
21341.jpg,Y
21342.jpg,S
21343.jpg,S
21344.jpg,O
21345.jpg,Q
21346.jpg,N
21347.jpg,M
21348.jpg,C
21349.jpg,M
2135.jpg,A
21350.jpg,S
21351.jpg,I
21352.jpg,O
21353.jpg,R
21354.jpg,H
21355.jpg,X
21356.jpg,P
21357.jpg,J
21358.jpg,V
21359.jpg,A
2136.jpg,N
21360.jpg,M
21361.jpg,del
21362.jpg,P
21363.jpg,U
21364.jpg,Y
21365.jpg,S
21366.jpg,M
21367.jpg,U
21368.jpg,P
21369.jpg,Q
2137.jpg,M
21370.jpg,O
21371.jpg,R
21372.jpg,O
21373.jpg,J
21374.jpg,N
21375.jpg,E
21376.jpg,C
21377.jpg,P
21378.jpg,T
21379.jpg,P
2138.jpg,V
21380.jpg,B
21381.jpg,V
21382.jpg,B
21383.jpg,O
21384.jpg,M
21385.jpg,I
21386.jpg,O
21387.jpg,P
21388.jpg,N
21389.jpg,R
2139.jpg,J
21390.jpg,J
21391.jpg,S
21392.jpg,M
21393.jpg,T
21394.jpg,Q
21395.jpg,K
21396.jpg,N
21397.jpg,U
21398.jpg,M
21399.jpg,J
214.jpg,I
2140.jpg,M
21400.jpg,Q
21401.jpg,Y
21402.jpg,E
21403.jpg,J
21404.jpg,del
21405.jpg,M
21406.jpg,P
21407.jpg,W
21408.jpg,P
21409.jpg,A
2141.jpg,M
21410.jpg,Y
21411.jpg,E
21412.jpg,K
21413.jpg,X
21414.jpg,A
21415.jpg,M
21416.jpg,Q
21417.jpg,W
21418.jpg,M
21419.jpg,K
2142.jpg,H
21420.jpg,P
21421.jpg,O
21422.jpg,Z
21423.jpg,O
21424.jpg,M
21425.jpg,del
21426.jpg,K
21427.jpg,M
21428.jpg,A
21429.jpg,X
2143.jpg,V
21430.jpg,Z
21431.jpg,space
21432.jpg,V
21433.jpg,X
21434.jpg,N
21435.jpg,X
21436.jpg,I
21437.jpg,J
21438.jpg,B
21439.jpg,J
2144.jpg,A
21440.jpg,R
21441.jpg,M
21442.jpg,B
21443.jpg,S
21444.jpg,B
21445.jpg,A
21446.jpg,M
21447.jpg,Q
21448.jpg,M
21449.jpg,J
2145.jpg,Q
21450.jpg,J
21451.jpg,R
21452.jpg,K
21453.jpg,K
21454.jpg,P
21455.jpg,W
21456.jpg,H
21457.jpg,O
21458.jpg,O
21459.jpg,R
2146.jpg,E
21460.jpg,M
21461.jpg,H
21462.jpg,Y
21463.jpg,Y
21464.jpg,M
21465.jpg,J
21466.jpg,H
21467.jpg,W
21468.jpg,C
21469.jpg,N
2147.jpg,I
21470.jpg,B
21471.jpg,W
21472.jpg,H
21473.jpg,T
21474.jpg,P
21475.jpg,Y
21476.jpg,M
21477.jpg,M
21478.jpg,I
21479.jpg,U
2148.jpg,N
21480.jpg,P
21481.jpg,U
21482.jpg,L
21483.jpg,N
21484.jpg,R
21485.jpg,M
21486.jpg,Y
21487.jpg,L
21488.jpg,D
21489.jpg,M
2149.jpg,K
21490.jpg,M
21491.jpg,R
21492.jpg,R
21493.jpg,Y
21494.jpg,X
21495.jpg,R
21496.jpg,M
21497.jpg,X
21498.jpg,U
21499.jpg,H
215.jpg,U
2150.jpg,U
21500.jpg,I
21501.jpg,O
21502.jpg,L
21503.jpg,N
21504.jpg,D
21505.jpg,M
21506.jpg,X
21507.jpg,P
21508.jpg,B
21509.jpg,M
2151.jpg,R
21510.jpg,H
21511.jpg,H
21512.jpg,M
21513.jpg,M
21514.jpg,Q
21515.jpg,O
21516.jpg,J
21517.jpg,M
21518.jpg,M
21519.jpg,H
2152.jpg,C
21520.jpg,J
21521.jpg,N
21522.jpg,Z
21523.jpg,I
21524.jpg,W
21525.jpg,D
21526.jpg,N
21527.jpg,C
21528.jpg,L
21529.jpg,A
2153.jpg,K
21530.jpg,Y
21531.jpg,A
21532.jpg,X
21533.jpg,L
21534.jpg,O
21535.jpg,E
21536.jpg,A
21537.jpg,N
21538.jpg,H
21539.jpg,nothing
2154.jpg,A
21540.jpg,M
21541.jpg,del
21542.jpg,Y
21543.jpg,A
21544.jpg,D
21545.jpg,G
21546.jpg,U
21547.jpg,T
21548.jpg,H
21549.jpg,W
2155.jpg,K
21550.jpg,O
21551.jpg,U
21552.jpg,K
21553.jpg,U
21554.jpg,M
21555.jpg,V
21556.jpg,V
21557.jpg,V
21558.jpg,V
21559.jpg,O
2156.jpg,U
21560.jpg,Q
21561.jpg,J
21562.jpg,O
21563.jpg,F
21564.jpg,U
21565.jpg,J
21566.jpg,S
21567.jpg,W
21568.jpg,M
21569.jpg,M
2157.jpg,E
21570.jpg,H
21571.jpg,V
21572.jpg,space
21573.jpg,M
21574.jpg,H
21575.jpg,M
21576.jpg,O
21577.jpg,P
21578.jpg,N
21579.jpg,Q
2158.jpg,P
21580.jpg,R
21581.jpg,S
21582.jpg,H
21583.jpg,O
21584.jpg,X
21585.jpg,N
21586.jpg,A
21587.jpg,M
21588.jpg,V
21589.jpg,M
2159.jpg,O
21590.jpg,P
21591.jpg,U
21592.jpg,U
21593.jpg,M
21594.jpg,U
21595.jpg,H
21596.jpg,M
21597.jpg,R
21598.jpg,A
21599.jpg,L
216.jpg,Y
2160.jpg,J
21600.jpg,R
21601.jpg,W
21602.jpg,N
21603.jpg,M
21604.jpg,C
21605.jpg,U
21606.jpg,U
21607.jpg,L
21608.jpg,M
21609.jpg,U
2161.jpg,K
21610.jpg,M
21611.jpg,N
21612.jpg,N
21613.jpg,R
21614.jpg,M
21615.jpg,V
21616.jpg,X
21617.jpg,U
21618.jpg,N
21619.jpg,B
2162.jpg,del
21620.jpg,E
21621.jpg,W
21622.jpg,W
21623.jpg,I
21624.jpg,C
21625.jpg,A
21626.jpg,V
21627.jpg,N
21628.jpg,H
21629.jpg,B
2163.jpg,J
21630.jpg,M
21631.jpg,X
21632.jpg,K
21633.jpg,V
21634.jpg,Q
21635.jpg,Y
21636.jpg,V
21637.jpg,C
21638.jpg,Q
21639.jpg,U
2164.jpg,E
21640.jpg,R
21641.jpg,W
21642.jpg,R
21643.jpg,Q
21644.jpg,T
21645.jpg,B
21646.jpg,A
21647.jpg,C
21648.jpg,K
21649.jpg,S
2165.jpg,E
21650.jpg,X
21651.jpg,J
21652.jpg,W
21653.jpg,R
21654.jpg,A
21655.jpg,Z
21656.jpg,C
21657.jpg,B
21658.jpg,J
21659.jpg,U
2166.jpg,M
21660.jpg,D
21661.jpg,S
21662.jpg,P
21663.jpg,M
21664.jpg,P
21665.jpg,U
21666.jpg,K
21667.jpg,M
21668.jpg,W
21669.jpg,R
2167.jpg,N
21670.jpg,O
21671.jpg,M
21672.jpg,L
21673.jpg,M
21674.jpg,Q
21675.jpg,S
21676.jpg,B
21677.jpg,P
21678.jpg,H
21679.jpg,R
2168.jpg,B
21680.jpg,M
21681.jpg,Q
21682.jpg,N
21683.jpg,L
21684.jpg,U
21685.jpg,J
21686.jpg,S
21687.jpg,M
21688.jpg,B
21689.jpg,M
2169.jpg,S
21690.jpg,K
21691.jpg,B
21692.jpg,M
21693.jpg,V
21694.jpg,V
21695.jpg,J
21696.jpg,Y
21697.jpg,W
21698.jpg,F
21699.jpg,L
217.jpg,L
2170.jpg,X
21700.jpg,Q
21701.jpg,Y
21702.jpg,S
21703.jpg,J
21704.jpg,O
21705.jpg,O
21706.jpg,I
21707.jpg,M
21708.jpg,O
21709.jpg,V
2171.jpg,U
21710.jpg,M
21711.jpg,X
21712.jpg,R
21713.jpg,W
21714.jpg,P
21715.jpg,N
21716.jpg,S
21717.jpg,space
21718.jpg,N
21719.jpg,M
2172.jpg,M
21720.jpg,M
21721.jpg,I
21722.jpg,E
21723.jpg,K
21724.jpg,U
21725.jpg,X
21726.jpg,Y
21727.jpg,R
21728.jpg,M
21729.jpg,X
2173.jpg,V
21730.jpg,P
21731.jpg,N
21732.jpg,P
21733.jpg,B
21734.jpg,V
21735.jpg,W
21736.jpg,M
21737.jpg,I
21738.jpg,L
21739.jpg,M
2174.jpg,U
21740.jpg,X
21741.jpg,M
21742.jpg,R
21743.jpg,U
21744.jpg,M
21745.jpg,O
21746.jpg,M
21747.jpg,K
21748.jpg,U
21749.jpg,L
2175.jpg,W
21750.jpg,M
21751.jpg,Q
21752.jpg,I
21753.jpg,J
21754.jpg,H
21755.jpg,N
21756.jpg,L
21757.jpg,space
21758.jpg,M
21759.jpg,B
2176.jpg,B
21760.jpg,H
21761.jpg,P
21762.jpg,nothing
21763.jpg,M
21764.jpg,G
21765.jpg,X
21766.jpg,L
21767.jpg,T
21768.jpg,Y
21769.jpg,S
2177.jpg,S
21770.jpg,M
21771.jpg,U
21772.jpg,N
21773.jpg,R
21774.jpg,R
21775.jpg,M
21776.jpg,P
21777.jpg,Y
21778.jpg,L
21779.jpg,K
2178.jpg,N
21780.jpg,N
21781.jpg,Q
21782.jpg,V
21783.jpg,X
21784.jpg,L
21785.jpg,G
21786.jpg,A
21787.jpg,B
21788.jpg,N
21789.jpg,M
2179.jpg,L
21790.jpg,Q
21791.jpg,M
21792.jpg,B
21793.jpg,M
21794.jpg,M
21795.jpg,B
21796.jpg,I
21797.jpg,V
21798.jpg,del
21799.jpg,C
218.jpg,B
2180.jpg,E
21800.jpg,N
21801.jpg,M
21802.jpg,Y
21803.jpg,N
21804.jpg,R
21805.jpg,M
21806.jpg,L
21807.jpg,V
21808.jpg,J
21809.jpg,M
2181.jpg,M
21810.jpg,Q
21811.jpg,M
21812.jpg,Q
21813.jpg,P
21814.jpg,X
21815.jpg,L
21816.jpg,H
21817.jpg,J
21818.jpg,O
21819.jpg,X
2182.jpg,B
21820.jpg,I
21821.jpg,M
21822.jpg,J
21823.jpg,E
21824.jpg,P
21825.jpg,C
21826.jpg,Y
21827.jpg,M
21828.jpg,P
21829.jpg,N
2183.jpg,B
21830.jpg,N
21831.jpg,L
21832.jpg,Q
21833.jpg,U
21834.jpg,L
21835.jpg,G
21836.jpg,O
21837.jpg,R
21838.jpg,N
21839.jpg,W
2184.jpg,X
21840.jpg,E
21841.jpg,P
21842.jpg,M
21843.jpg,X
21844.jpg,V
21845.jpg,E
21846.jpg,K
21847.jpg,N
21848.jpg,S
21849.jpg,L
2185.jpg,Q
21850.jpg,M
21851.jpg,N
21852.jpg,P
21853.jpg,N
21854.jpg,R
21855.jpg,J
21856.jpg,F
21857.jpg,X
21858.jpg,X
21859.jpg,Y
2186.jpg,M
21860.jpg,J
21861.jpg,P
21862.jpg,O
21863.jpg,M
21864.jpg,Z
21865.jpg,O
21866.jpg,R
21867.jpg,R
21868.jpg,M
21869.jpg,X
2187.jpg,O
21870.jpg,A
21871.jpg,M
21872.jpg,H
21873.jpg,R
21874.jpg,Y
21875.jpg,V
21876.jpg,Z
21877.jpg,R
21878.jpg,U
21879.jpg,Y
2188.jpg,W
21880.jpg,A
21881.jpg,O
21882.jpg,H
21883.jpg,E
21884.jpg,F
21885.jpg,P
21886.jpg,J
21887.jpg,N
21888.jpg,T
21889.jpg,N
2189.jpg,J
21890.jpg,V
21891.jpg,B
21892.jpg,N
21893.jpg,U
21894.jpg,N
21895.jpg,C
21896.jpg,K
21897.jpg,K
21898.jpg,H
21899.jpg,H
219.jpg,D
2190.jpg,D
21900.jpg,P
21901.jpg,P
21902.jpg,W
21903.jpg,O
21904.jpg,N
21905.jpg,W
21906.jpg,M
21907.jpg,Q
21908.jpg,C
21909.jpg,U
2191.jpg,N
21910.jpg,A
21911.jpg,O
21912.jpg,H
21913.jpg,O
21914.jpg,H
21915.jpg,C
21916.jpg,X
21917.jpg,U
21918.jpg,Q
21919.jpg,N
2192.jpg,R
21920.jpg,V
21921.jpg,A
21922.jpg,S
21923.jpg,E
21924.jpg,O
21925.jpg,O
21926.jpg,Y
21927.jpg,N
21928.jpg,P
21929.jpg,M
2193.jpg,M
21930.jpg,space
21931.jpg,M
21932.jpg,R
21933.jpg,R
21934.jpg,Q
21935.jpg,N
21936.jpg,Y
21937.jpg,M
21938.jpg,H
21939.jpg,J
2194.jpg,M
21940.jpg,Y
21941.jpg,P
21942.jpg,M
21943.jpg,Q
21944.jpg,W
21945.jpg,M
21946.jpg,J
21947.jpg,J
21948.jpg,H
21949.jpg,N
2195.jpg,Y
21950.jpg,B
21951.jpg,T
21952.jpg,O
21953.jpg,X
21954.jpg,M
21955.jpg,P
21956.jpg,N
21957.jpg,J
21958.jpg,R
21959.jpg,S
2196.jpg,S
21960.jpg,K
21961.jpg,K
21962.jpg,T
21963.jpg,B
21964.jpg,M
21965.jpg,O
21966.jpg,G
21967.jpg,Y
21968.jpg,R
21969.jpg,K
2197.jpg,M
21970.jpg,U
21971.jpg,Q
21972.jpg,L
21973.jpg,N
21974.jpg,M
21975.jpg,del
21976.jpg,O
21977.jpg,O
21978.jpg,M
21979.jpg,M
2198.jpg,B
21980.jpg,A
21981.jpg,N
21982.jpg,L
21983.jpg,W
21984.jpg,O
21985.jpg,V
21986.jpg,M
21987.jpg,W
21988.jpg,Q
21989.jpg,N
2199.jpg,Z
21990.jpg,P
21991.jpg,N
21992.jpg,S
21993.jpg,Y
21994.jpg,Q
21995.jpg,X
21996.jpg,C
21997.jpg,M
21998.jpg,P
21999.jpg,J
22.jpg,M
220.jpg,M
2200.jpg,U
22000.jpg,U
22001.jpg,P
22002.jpg,I
22003.jpg,U
22004.jpg,R
22005.jpg,J
22006.jpg,J
22007.jpg,P
22008.jpg,J
22009.jpg,M
2201.jpg,J
22010.jpg,N
22011.jpg,H
22012.jpg,M
22013.jpg,M
22014.jpg,O
22015.jpg,M
22016.jpg,I
22017.jpg,Q
22018.jpg,N
22019.jpg,X
2202.jpg,J
22020.jpg,M
22021.jpg,N
22022.jpg,space
22023.jpg,S
22024.jpg,M
22025.jpg,M
22026.jpg,B
22027.jpg,M
22028.jpg,P
22029.jpg,U
2203.jpg,X
22030.jpg,B
22031.jpg,X
22032.jpg,U
22033.jpg,W
22034.jpg,N
22035.jpg,R
22036.jpg,del
22037.jpg,J
22038.jpg,J
22039.jpg,A
2204.jpg,H
22040.jpg,V
22041.jpg,V
22042.jpg,T
22043.jpg,M
22044.jpg,M
22045.jpg,Y
22046.jpg,space
22047.jpg,N
22048.jpg,P
22049.jpg,Z
2205.jpg,C
22050.jpg,D
22051.jpg,M
22052.jpg,A
22053.jpg,H
22054.jpg,C
22055.jpg,U
22056.jpg,X
22057.jpg,M
22058.jpg,X
22059.jpg,Y
2206.jpg,A
22060.jpg,B
22061.jpg,O
22062.jpg,V
22063.jpg,J
22064.jpg,N
22065.jpg,M
22066.jpg,S
22067.jpg,U
22068.jpg,X
22069.jpg,Y
2207.jpg,S
22070.jpg,B
22071.jpg,U
22072.jpg,M
22073.jpg,C
22074.jpg,P
22075.jpg,L
22076.jpg,M
22077.jpg,Q
22078.jpg,S
22079.jpg,Z
2208.jpg,M
22080.jpg,V
22081.jpg,Q
22082.jpg,O
22083.jpg,N
22084.jpg,M
22085.jpg,O
22086.jpg,H
22087.jpg,B
22088.jpg,X
22089.jpg,M
2209.jpg,M
22090.jpg,Y
22091.jpg,U
22092.jpg,Y
22093.jpg,U
22094.jpg,U
22095.jpg,S
22096.jpg,S
22097.jpg,Q
22098.jpg,M
22099.jpg,M
221.jpg,N
2210.jpg,C
22100.jpg,P
22101.jpg,G
22102.jpg,O
22103.jpg,K
22104.jpg,L
22105.jpg,Q
22106.jpg,M
22107.jpg,F
22108.jpg,N
22109.jpg,X
2211.jpg,J
22110.jpg,O
22111.jpg,N
22112.jpg,P
22113.jpg,Q
22114.jpg,X
22115.jpg,B
22116.jpg,R
22117.jpg,M
22118.jpg,B
22119.jpg,W
2212.jpg,B
22120.jpg,A
22121.jpg,K
22122.jpg,L
22123.jpg,G
22124.jpg,L
22125.jpg,P
22126.jpg,J
22127.jpg,M
22128.jpg,N
22129.jpg,H
2213.jpg,M
22130.jpg,J
22131.jpg,S
22132.jpg,O
22133.jpg,P
22134.jpg,N
22135.jpg,V
22136.jpg,P
22137.jpg,S
22138.jpg,F
22139.jpg,E
2214.jpg,J
22140.jpg,X
22141.jpg,I
22142.jpg,U
22143.jpg,U
22144.jpg,J
22145.jpg,U
22146.jpg,P
22147.jpg,Z
22148.jpg,H
22149.jpg,H
2215.jpg,J
22150.jpg,P
22151.jpg,I
22152.jpg,E
22153.jpg,M
22154.jpg,J
22155.jpg,X
22156.jpg,V
22157.jpg,P
22158.jpg,J
22159.jpg,Z
2216.jpg,L
22160.jpg,K
22161.jpg,Z
22162.jpg,R
22163.jpg,L
22164.jpg,R
22165.jpg,Q
22166.jpg,R
22167.jpg,R
22168.jpg,V
22169.jpg,U
2217.jpg,J
22170.jpg,S
22171.jpg,Y
22172.jpg,P
22173.jpg,P
22174.jpg,O
22175.jpg,W
22176.jpg,B
22177.jpg,N
22178.jpg,B
22179.jpg,N
2218.jpg,space
22180.jpg,S
22181.jpg,P
22182.jpg,Y
22183.jpg,L
22184.jpg,J
22185.jpg,C
22186.jpg,L
22187.jpg,H
22188.jpg,Z
22189.jpg,X
2219.jpg,J
22190.jpg,N
22191.jpg,M
22192.jpg,R
22193.jpg,J
22194.jpg,O
22195.jpg,V
22196.jpg,A
22197.jpg,Q
22198.jpg,U
22199.jpg,L
222.jpg,C
2220.jpg,R
22200.jpg,J
22201.jpg,X
22202.jpg,A
22203.jpg,J
22204.jpg,del
22205.jpg,B
22206.jpg,C
22207.jpg,O
22208.jpg,O
22209.jpg,W
2221.jpg,N
22210.jpg,A
22211.jpg,H
22212.jpg,J
22213.jpg,M
22214.jpg,K
22215.jpg,Y
22216.jpg,R
22217.jpg,M
22218.jpg,P
22219.jpg,N
2222.jpg,R
22220.jpg,U
22221.jpg,T
22222.jpg,H
22223.jpg,W
22224.jpg,P
22225.jpg,M
22226.jpg,A
22227.jpg,W
22228.jpg,W
22229.jpg,R
2223.jpg,N
22230.jpg,O
22231.jpg,M
22232.jpg,D
22233.jpg,N
22234.jpg,M
22235.jpg,L
22236.jpg,C
22237.jpg,P
22238.jpg,J
22239.jpg,R
2224.jpg,P
22240.jpg,Q
22241.jpg,S
22242.jpg,R
22243.jpg,O
22244.jpg,U
22245.jpg,A
22246.jpg,B
22247.jpg,Y
22248.jpg,Q
22249.jpg,P
2225.jpg,N
22250.jpg,M
22251.jpg,R
22252.jpg,O
22253.jpg,M
22254.jpg,J
22255.jpg,Y
22256.jpg,Y
22257.jpg,M
22258.jpg,W
22259.jpg,O
2226.jpg,P
22260.jpg,V
22261.jpg,K
22262.jpg,V
22263.jpg,J
22264.jpg,D
22265.jpg,U
22266.jpg,S
22267.jpg,U
22268.jpg,N
22269.jpg,Y
2227.jpg,V
22270.jpg,L
22271.jpg,J
22272.jpg,X
22273.jpg,M
22274.jpg,N
22275.jpg,V
22276.jpg,U
22277.jpg,Y
22278.jpg,H
22279.jpg,P
2228.jpg,U
22280.jpg,M
22281.jpg,N
22282.jpg,P
22283.jpg,Q
22284.jpg,Y
22285.jpg,B
22286.jpg,S
22287.jpg,J
22288.jpg,Q
22289.jpg,Y
2229.jpg,B
22290.jpg,Y
22291.jpg,M
22292.jpg,Q
22293.jpg,M
22294.jpg,X
22295.jpg,H
22296.jpg,H
22297.jpg,S
22298.jpg,J
22299.jpg,N
223.jpg,R
2230.jpg,M
22300.jpg,R
22301.jpg,M
22302.jpg,V
22303.jpg,Z
22304.jpg,F
22305.jpg,N
22306.jpg,M
22307.jpg,V
22308.jpg,D
22309.jpg,X
2231.jpg,J
22310.jpg,M
22311.jpg,O
22312.jpg,Q
22313.jpg,N
22314.jpg,W
22315.jpg,Y
22316.jpg,U
22317.jpg,R
22318.jpg,Q
22319.jpg,P
2232.jpg,J
22320.jpg,A
22321.jpg,I
22322.jpg,H
22323.jpg,V
22324.jpg,A
22325.jpg,K
22326.jpg,R
22327.jpg,J
22328.jpg,Y
22329.jpg,R
2233.jpg,B
22330.jpg,B
22331.jpg,H
22332.jpg,F
22333.jpg,Y
22334.jpg,del
22335.jpg,Y
22336.jpg,O
22337.jpg,M
22338.jpg,M
22339.jpg,M
2234.jpg,V
22340.jpg,Q
22341.jpg,N
22342.jpg,X
22343.jpg,G
22344.jpg,P
22345.jpg,A
22346.jpg,P
22347.jpg,I
22348.jpg,R
22349.jpg,B
2235.jpg,P
22350.jpg,B
22351.jpg,B
22352.jpg,U
22353.jpg,Q
22354.jpg,N
22355.jpg,U
22356.jpg,M
22357.jpg,P
22358.jpg,L
22359.jpg,I
2236.jpg,J
22360.jpg,M
22361.jpg,I
22362.jpg,C
22363.jpg,Z
22364.jpg,P
22365.jpg,U
22366.jpg,M
22367.jpg,B
22368.jpg,Z
22369.jpg,Q
2237.jpg,space
22370.jpg,H
22371.jpg,V
22372.jpg,V
22373.jpg,J
22374.jpg,R
22375.jpg,Q
22376.jpg,B
22377.jpg,O
22378.jpg,X
22379.jpg,C
2238.jpg,I
22380.jpg,H
22381.jpg,C
22382.jpg,I
22383.jpg,P
22384.jpg,U
22385.jpg,Z
22386.jpg,W
22387.jpg,V
22388.jpg,L
22389.jpg,J
2239.jpg,N
22390.jpg,M
22391.jpg,N
22392.jpg,J
22393.jpg,H
22394.jpg,O
22395.jpg,R
22396.jpg,I
22397.jpg,O
22398.jpg,U
22399.jpg,del
224.jpg,X
2240.jpg,K
22400.jpg,J
22401.jpg,W
22402.jpg,Z
22403.jpg,P
22404.jpg,P
22405.jpg,W
22406.jpg,M
22407.jpg,I
22408.jpg,U
22409.jpg,U
2241.jpg,M
22410.jpg,R
22411.jpg,Y
22412.jpg,L
22413.jpg,N
22414.jpg,K
22415.jpg,R
22416.jpg,U
22417.jpg,M
22418.jpg,M
22419.jpg,M
2242.jpg,M
22420.jpg,Y
22421.jpg,N
22422.jpg,B
22423.jpg,B
22424.jpg,N
22425.jpg,J
22426.jpg,M
22427.jpg,M
22428.jpg,R
22429.jpg,S
2243.jpg,O
22430.jpg,N
22431.jpg,P
22432.jpg,I
22433.jpg,J
22434.jpg,P
22435.jpg,G
22436.jpg,U
22437.jpg,M
22438.jpg,O
22439.jpg,X
2244.jpg,O
22440.jpg,X
22441.jpg,M
22442.jpg,D
22443.jpg,P
22444.jpg,I
22445.jpg,U
22446.jpg,H
22447.jpg,Q
22448.jpg,M
22449.jpg,O
2245.jpg,S
22450.jpg,X
22451.jpg,M
22452.jpg,R
22453.jpg,R
22454.jpg,R
22455.jpg,Z
22456.jpg,N
22457.jpg,O
22458.jpg,O
22459.jpg,U
2246.jpg,X
22460.jpg,O
22461.jpg,P
22462.jpg,H
22463.jpg,M
22464.jpg,K
22465.jpg,L
22466.jpg,G
22467.jpg,Q
22468.jpg,V
22469.jpg,M
2247.jpg,H
22470.jpg,U
22471.jpg,B
22472.jpg,N
22473.jpg,B
22474.jpg,H
22475.jpg,K
22476.jpg,R
22477.jpg,G
22478.jpg,P
22479.jpg,R
2248.jpg,J
22480.jpg,Q
22481.jpg,Y
22482.jpg,P
22483.jpg,X
22484.jpg,H
22485.jpg,S
22486.jpg,P
22487.jpg,X
22488.jpg,space
22489.jpg,V
2249.jpg,space
22490.jpg,M
22491.jpg,V
22492.jpg,H
22493.jpg,K
22494.jpg,X
22495.jpg,Q
22496.jpg,R
22497.jpg,Q
22498.jpg,M
22499.jpg,N
225.jpg,W
2250.jpg,Y
22500.jpg,O
22501.jpg,L
22502.jpg,A
22503.jpg,M
22504.jpg,I
22505.jpg,H
22506.jpg,M
22507.jpg,M
22508.jpg,O
22509.jpg,A
2251.jpg,N
22510.jpg,B
22511.jpg,O
22512.jpg,B
22513.jpg,M
22514.jpg,Q
22515.jpg,S
22516.jpg,H
22517.jpg,M
22518.jpg,I
22519.jpg,Y
2252.jpg,M
22520.jpg,X
22521.jpg,Y
22522.jpg,P
22523.jpg,P
22524.jpg,J
22525.jpg,U
22526.jpg,S
22527.jpg,M
22528.jpg,B
22529.jpg,E
2253.jpg,M
22530.jpg,K
22531.jpg,P
22532.jpg,W
22533.jpg,R
22534.jpg,B
22535.jpg,K
22536.jpg,K
22537.jpg,L
22538.jpg,L
22539.jpg,H
2254.jpg,O
22540.jpg,E
22541.jpg,Q
22542.jpg,M
22543.jpg,Q
22544.jpg,H
22545.jpg,Y
22546.jpg,W
22547.jpg,J
22548.jpg,V
22549.jpg,M
2255.jpg,W
22550.jpg,D
22551.jpg,J
22552.jpg,U
22553.jpg,I
22554.jpg,J
22555.jpg,O
22556.jpg,W
22557.jpg,I
22558.jpg,R
22559.jpg,H
2256.jpg,H
22560.jpg,W
22561.jpg,S
22562.jpg,I
22563.jpg,X
22564.jpg,Y
22565.jpg,N
22566.jpg,P
22567.jpg,W
22568.jpg,M
22569.jpg,J
2257.jpg,O
22570.jpg,M
22571.jpg,M
22572.jpg,P
22573.jpg,del
22574.jpg,E
22575.jpg,J
22576.jpg,O
22577.jpg,S
22578.jpg,V
22579.jpg,M
2258.jpg,H
22580.jpg,M
22581.jpg,E
22582.jpg,Y
22583.jpg,H
22584.jpg,C
22585.jpg,R
22586.jpg,N
22587.jpg,M
22588.jpg,N
22589.jpg,X
2259.jpg,E
22590.jpg,J
22591.jpg,B
22592.jpg,U
22593.jpg,P
22594.jpg,K
22595.jpg,Q
22596.jpg,N
22597.jpg,X
22598.jpg,U
22599.jpg,B
226.jpg,S
2260.jpg,O
22600.jpg,X
22601.jpg,O
22602.jpg,U
22603.jpg,J
22604.jpg,X
22605.jpg,J
22606.jpg,Q
22607.jpg,M
22608.jpg,M
22609.jpg,M
2261.jpg,O
22610.jpg,I
22611.jpg,X
22612.jpg,X
22613.jpg,M
22614.jpg,S
22615.jpg,N
22616.jpg,M
22617.jpg,G
22618.jpg,B
22619.jpg,U
2262.jpg,W
22620.jpg,N
22621.jpg,O
22622.jpg,N
22623.jpg,L
22624.jpg,Q
22625.jpg,R
22626.jpg,H
22627.jpg,M
22628.jpg,G
22629.jpg,R
2263.jpg,H
22630.jpg,S
22631.jpg,U
22632.jpg,P
22633.jpg,B
22634.jpg,J
22635.jpg,M
22636.jpg,M
22637.jpg,R
22638.jpg,M
22639.jpg,Y
2264.jpg,J
22640.jpg,X
22641.jpg,M
22642.jpg,V
22643.jpg,M
22644.jpg,W
22645.jpg,S
22646.jpg,H
22647.jpg,M
22648.jpg,N
22649.jpg,J
2265.jpg,O
22650.jpg,N
22651.jpg,X
22652.jpg,U
22653.jpg,N
22654.jpg,L
22655.jpg,J
22656.jpg,P
22657.jpg,N
22658.jpg,N
22659.jpg,X
2266.jpg,U
22660.jpg,space
22661.jpg,V
22662.jpg,R
22663.jpg,R
22664.jpg,M
22665.jpg,A
22666.jpg,S
22667.jpg,M
22668.jpg,M
22669.jpg,L
2267.jpg,C
22670.jpg,M
22671.jpg,J
22672.jpg,M
22673.jpg,U
22674.jpg,M
22675.jpg,L
22676.jpg,R
22677.jpg,M
22678.jpg,S
22679.jpg,J
2268.jpg,Q
22680.jpg,M
22681.jpg,O
22682.jpg,N
22683.jpg,C
22684.jpg,H
22685.jpg,R
22686.jpg,P
22687.jpg,R
22688.jpg,K
22689.jpg,M
2269.jpg,U
22690.jpg,J
22691.jpg,B
22692.jpg,A
22693.jpg,M
22694.jpg,M
22695.jpg,M
22696.jpg,C
22697.jpg,A
22698.jpg,B
22699.jpg,K
227.jpg,O
2270.jpg,P
22700.jpg,O
22701.jpg,O
22702.jpg,W
22703.jpg,Q
22704.jpg,H
22705.jpg,O
22706.jpg,V
22707.jpg,Y
22708.jpg,U
22709.jpg,O
2271.jpg,O
22710.jpg,E
22711.jpg,del
22712.jpg,M
22713.jpg,P
22714.jpg,M
22715.jpg,M
22716.jpg,W
22717.jpg,Y
22718.jpg,W
22719.jpg,K
2272.jpg,J
22720.jpg,B
22721.jpg,A
22722.jpg,S
22723.jpg,P
22724.jpg,N
22725.jpg,N
22726.jpg,N
22727.jpg,P
22728.jpg,M
22729.jpg,O
2273.jpg,R
22730.jpg,X
22731.jpg,N
22732.jpg,U
22733.jpg,R
22734.jpg,Z
22735.jpg,M
22736.jpg,del
22737.jpg,U
22738.jpg,space
22739.jpg,K
2274.jpg,V
22740.jpg,U
22741.jpg,P
22742.jpg,S
22743.jpg,M
22744.jpg,V
22745.jpg,Y
22746.jpg,E
22747.jpg,B
22748.jpg,U
22749.jpg,O
2275.jpg,B
22750.jpg,M
22751.jpg,I
22752.jpg,Y
22753.jpg,R
22754.jpg,O
22755.jpg,M
22756.jpg,M
22757.jpg,C
22758.jpg,M
22759.jpg,T
2276.jpg,O
22760.jpg,M
22761.jpg,R
22762.jpg,M
22763.jpg,Y
22764.jpg,R
22765.jpg,J
22766.jpg,K
22767.jpg,M
22768.jpg,Y
22769.jpg,W
2277.jpg,C
22770.jpg,O
22771.jpg,V
22772.jpg,J
22773.jpg,G
22774.jpg,O
22775.jpg,W
22776.jpg,U
22777.jpg,X
22778.jpg,K
22779.jpg,J
2278.jpg,Y
22780.jpg,G
22781.jpg,E
22782.jpg,Z
22783.jpg,E
22784.jpg,M
22785.jpg,S
22786.jpg,U
22787.jpg,Y
22788.jpg,N
22789.jpg,N
2279.jpg,X
22790.jpg,V
22791.jpg,W
22792.jpg,I
22793.jpg,O
22794.jpg,H
22795.jpg,Y
22796.jpg,Y
22797.jpg,M
22798.jpg,C
22799.jpg,M
228.jpg,O
2280.jpg,R
22800.jpg,S
22801.jpg,L
22802.jpg,U
22803.jpg,T
22804.jpg,A
22805.jpg,L
22806.jpg,U
22807.jpg,R
22808.jpg,L
22809.jpg,U
2281.jpg,M
22810.jpg,N
22811.jpg,J
22812.jpg,K
22813.jpg,D
22814.jpg,M
22815.jpg,U
22816.jpg,P
22817.jpg,E
22818.jpg,O
22819.jpg,O
2282.jpg,O
22820.jpg,P
22821.jpg,N
22822.jpg,L
22823.jpg,H
22824.jpg,space
22825.jpg,K
22826.jpg,T
22827.jpg,M
22828.jpg,H
22829.jpg,R
2283.jpg,R
22830.jpg,W
22831.jpg,Y
22832.jpg,U
22833.jpg,O
22834.jpg,Q
22835.jpg,J
22836.jpg,R
22837.jpg,Y
22838.jpg,O
22839.jpg,W
2284.jpg,G
22840.jpg,A
22841.jpg,P
22842.jpg,B
22843.jpg,B
22844.jpg,G
22845.jpg,T
22846.jpg,M
22847.jpg,Y
22848.jpg,J
22849.jpg,R
2285.jpg,H
22850.jpg,B
22851.jpg,U
22852.jpg,M
22853.jpg,N
22854.jpg,X
22855.jpg,O
22856.jpg,W
22857.jpg,Q
22858.jpg,H
22859.jpg,K
2286.jpg,W
22860.jpg,S
22861.jpg,V
22862.jpg,U
22863.jpg,G
22864.jpg,Y
22865.jpg,L
22866.jpg,U
22867.jpg,C
22868.jpg,R
22869.jpg,K
2287.jpg,X
22870.jpg,M
22871.jpg,W
22872.jpg,I
22873.jpg,J
22874.jpg,J
22875.jpg,O
22876.jpg,M
22877.jpg,V
22878.jpg,J
22879.jpg,T
2288.jpg,S
22880.jpg,M
22881.jpg,U
22882.jpg,Q
22883.jpg,N
22884.jpg,P
22885.jpg,J
22886.jpg,M
22887.jpg,R
22888.jpg,X
22889.jpg,I
2289.jpg,P
22890.jpg,R
22891.jpg,C
22892.jpg,E
22893.jpg,Y
22894.jpg,B
22895.jpg,M
22896.jpg,Z
22897.jpg,M
22898.jpg,B
22899.jpg,S
229.jpg,V
2290.jpg,J
22900.jpg,N
22901.jpg,O
22902.jpg,J
22903.jpg,S
22904.jpg,B
22905.jpg,C
22906.jpg,S
22907.jpg,B
22908.jpg,S
22909.jpg,M
2291.jpg,R
22910.jpg,O
22911.jpg,N
22912.jpg,M
22913.jpg,I
22914.jpg,J
22915.jpg,Y
22916.jpg,U
22917.jpg,P
22918.jpg,M
22919.jpg,G
2292.jpg,P
22920.jpg,J
22921.jpg,X
22922.jpg,Y
22923.jpg,Y
22924.jpg,P
22925.jpg,J
22926.jpg,M
22927.jpg,B
22928.jpg,N
22929.jpg,N
2293.jpg,V
22930.jpg,M
22931.jpg,P
22932.jpg,C
22933.jpg,X
22934.jpg,N
22935.jpg,B
22936.jpg,B
22937.jpg,U
22938.jpg,R
22939.jpg,N
2294.jpg,P
22940.jpg,H
22941.jpg,P
22942.jpg,N
22943.jpg,B
22944.jpg,R
22945.jpg,M
22946.jpg,P
22947.jpg,O
22948.jpg,P
22949.jpg,M
2295.jpg,H
22950.jpg,E
22951.jpg,Q
22952.jpg,L
22953.jpg,U
22954.jpg,Q
22955.jpg,W
22956.jpg,R
22957.jpg,M
22958.jpg,E
22959.jpg,M
2296.jpg,S
22960.jpg,I
22961.jpg,Z
22962.jpg,K
22963.jpg,H
22964.jpg,Q
22965.jpg,N
22966.jpg,Q
22967.jpg,M
22968.jpg,J
22969.jpg,Y
2297.jpg,M
22970.jpg,V
22971.jpg,U
22972.jpg,P
22973.jpg,V
22974.jpg,R
22975.jpg,Y
22976.jpg,Y
22977.jpg,W
22978.jpg,X
22979.jpg,V
2298.jpg,J
22980.jpg,L
22981.jpg,P
22982.jpg,L
22983.jpg,P
22984.jpg,I
22985.jpg,O
22986.jpg,S
22987.jpg,A
22988.jpg,X
22989.jpg,K
2299.jpg,B
22990.jpg,W
22991.jpg,R
22992.jpg,S
22993.jpg,H
22994.jpg,Q
22995.jpg,J
22996.jpg,E
22997.jpg,Q
22998.jpg,U
22999.jpg,H
23.jpg,Y
230.jpg,J
2300.jpg,J
23000.jpg,M
23001.jpg,R
23002.jpg,R
23003.jpg,J
23004.jpg,R
23005.jpg,O
23006.jpg,K
23007.jpg,O
23008.jpg,W
23009.jpg,C
2301.jpg,D
23010.jpg,N
23011.jpg,U
23012.jpg,B
23013.jpg,O
23014.jpg,R
23015.jpg,X
23016.jpg,X
23017.jpg,I
23018.jpg,U
23019.jpg,V
2302.jpg,T
23020.jpg,J
23021.jpg,M
23022.jpg,X
23023.jpg,X
23024.jpg,E
23025.jpg,M
23026.jpg,V
23027.jpg,T
23028.jpg,M
23029.jpg,R
2303.jpg,M
23030.jpg,W
23031.jpg,O
23032.jpg,P
23033.jpg,U
23034.jpg,X
23035.jpg,Y
23036.jpg,X
23037.jpg,Y
23038.jpg,Q
23039.jpg,P
2304.jpg,M
23040.jpg,I
23041.jpg,L
23042.jpg,O
23043.jpg,P
23044.jpg,J
23045.jpg,V
23046.jpg,Q
23047.jpg,W
23048.jpg,P
23049.jpg,W
2305.jpg,L
23050.jpg,Y
23051.jpg,C
23052.jpg,S
23053.jpg,L
23054.jpg,M
23055.jpg,M
23056.jpg,E
23057.jpg,U
23058.jpg,V
23059.jpg,M
2306.jpg,R
23060.jpg,U
23061.jpg,B
23062.jpg,R
23063.jpg,K
23064.jpg,I
23065.jpg,D
23066.jpg,U
23067.jpg,J
23068.jpg,U
23069.jpg,H
2307.jpg,M
23070.jpg,S
23071.jpg,H
23072.jpg,M
23073.jpg,R
23074.jpg,W
23075.jpg,Y
23076.jpg,M
23077.jpg,J
23078.jpg,W
23079.jpg,F
2308.jpg,M
23080.jpg,H
23081.jpg,V
23082.jpg,O
23083.jpg,O
23084.jpg,W
23085.jpg,U
23086.jpg,O
23087.jpg,I
23088.jpg,L
23089.jpg,N
2309.jpg,N
23090.jpg,R
23091.jpg,W
23092.jpg,R
23093.jpg,Z
23094.jpg,J
23095.jpg,R
23096.jpg,J
23097.jpg,J
23098.jpg,M
23099.jpg,X
231.jpg,M
2310.jpg,G
23100.jpg,P
23101.jpg,B
23102.jpg,I
23103.jpg,J
23104.jpg,M
23105.jpg,U
23106.jpg,U
23107.jpg,L
23108.jpg,N
23109.jpg,X
2311.jpg,H
23110.jpg,M
23111.jpg,W
23112.jpg,J
23113.jpg,M
23114.jpg,del
23115.jpg,Y
23116.jpg,del
23117.jpg,P
23118.jpg,del
23119.jpg,R
2312.jpg,L
23120.jpg,X
23121.jpg,O
23122.jpg,O
23123.jpg,W
23124.jpg,J
23125.jpg,M
23126.jpg,V
23127.jpg,F
23128.jpg,V
23129.jpg,L
2313.jpg,G
23130.jpg,O
23131.jpg,K
23132.jpg,O
23133.jpg,X
23134.jpg,M
23135.jpg,M
23136.jpg,R
23137.jpg,S
23138.jpg,U
23139.jpg,L
2314.jpg,B
23140.jpg,O
23141.jpg,H
23142.jpg,R
23143.jpg,W
23144.jpg,U
23145.jpg,P
23146.jpg,I
23147.jpg,Q
23148.jpg,P
23149.jpg,I
2315.jpg,M
23150.jpg,B
23151.jpg,M
23152.jpg,I
23153.jpg,V
23154.jpg,P
23155.jpg,U
23156.jpg,Y
23157.jpg,M
23158.jpg,H
23159.jpg,M
2316.jpg,I
23160.jpg,P
23161.jpg,L
23162.jpg,O
23163.jpg,J
23164.jpg,H
23165.jpg,R
23166.jpg,N
23167.jpg,M
23168.jpg,S
23169.jpg,M
2317.jpg,H
23170.jpg,S
23171.jpg,E
23172.jpg,I
23173.jpg,X
23174.jpg,M
23175.jpg,J
23176.jpg,N
23177.jpg,M
23178.jpg,O
23179.jpg,B
2318.jpg,K
23180.jpg,O
23181.jpg,X
23182.jpg,Y
23183.jpg,N
23184.jpg,B
23185.jpg,M
23186.jpg,H
23187.jpg,M
23188.jpg,Q
23189.jpg,M
2319.jpg,Q
23190.jpg,M
23191.jpg,C
23192.jpg,O
23193.jpg,P
23194.jpg,O
23195.jpg,W
23196.jpg,H
23197.jpg,P
23198.jpg,O
23199.jpg,H
232.jpg,W
2320.jpg,Q
23200.jpg,L
23201.jpg,M
23202.jpg,X
23203.jpg,X
23204.jpg,M
23205.jpg,O
23206.jpg,R
23207.jpg,V
23208.jpg,V
23209.jpg,U
2321.jpg,E
23210.jpg,M
23211.jpg,X
23212.jpg,U
23213.jpg,C
23214.jpg,R
23215.jpg,B
23216.jpg,U
23217.jpg,P
23218.jpg,J
23219.jpg,M
2322.jpg,T
23220.jpg,K
23221.jpg,R
23222.jpg,O
23223.jpg,Y
23224.jpg,B
23225.jpg,L
23226.jpg,U
23227.jpg,I
23228.jpg,I
23229.jpg,N
2323.jpg,S
23230.jpg,R
23231.jpg,M
23232.jpg,R
23233.jpg,M
23234.jpg,Y
23235.jpg,H
23236.jpg,S
23237.jpg,B
23238.jpg,W
23239.jpg,Y
2324.jpg,R
23240.jpg,W
23241.jpg,M
23242.jpg,S
23243.jpg,I
23244.jpg,U
23245.jpg,B
23246.jpg,U
23247.jpg,G
23248.jpg,J
23249.jpg,T
2325.jpg,A
23250.jpg,P
23251.jpg,C
23252.jpg,U
23253.jpg,U
23254.jpg,K
23255.jpg,L
23256.jpg,M
23257.jpg,Y
23258.jpg,E
23259.jpg,X
2326.jpg,P
23260.jpg,J
23261.jpg,O
23262.jpg,W
23263.jpg,E
23264.jpg,T
23265.jpg,B
23266.jpg,O
23267.jpg,I
23268.jpg,K
23269.jpg,R
2327.jpg,M
23270.jpg,U
23271.jpg,O
23272.jpg,K
23273.jpg,P
23274.jpg,N
23275.jpg,O
23276.jpg,X
23277.jpg,U
23278.jpg,J
23279.jpg,M
2328.jpg,N
23280.jpg,Y
23281.jpg,P
23282.jpg,N
23283.jpg,J
23284.jpg,B
23285.jpg,V
23286.jpg,O
23287.jpg,C
23288.jpg,B
23289.jpg,M
2329.jpg,W
23290.jpg,E
23291.jpg,W
23292.jpg,O
23293.jpg,M
23294.jpg,space
23295.jpg,U
23296.jpg,X
23297.jpg,C
23298.jpg,H
23299.jpg,Y
233.jpg,I
2330.jpg,M
23300.jpg,del
23301.jpg,C
23302.jpg,X
23303.jpg,V
23304.jpg,X
23305.jpg,X
23306.jpg,J
23307.jpg,O
23308.jpg,R
23309.jpg,N
2331.jpg,O
23310.jpg,K
23311.jpg,B
23312.jpg,M
23313.jpg,B
23314.jpg,R
23315.jpg,Q
23316.jpg,W
23317.jpg,M
23318.jpg,V
23319.jpg,S
2332.jpg,T
23320.jpg,R
23321.jpg,U
23322.jpg,X
23323.jpg,C
23324.jpg,Q
23325.jpg,V
23326.jpg,M
23327.jpg,J
23328.jpg,X
23329.jpg,M
2333.jpg,S
23330.jpg,K
23331.jpg,P
23332.jpg,D
23333.jpg,H
23334.jpg,J
23335.jpg,N
23336.jpg,X
23337.jpg,O
23338.jpg,O
23339.jpg,V
2334.jpg,S
23340.jpg,M
23341.jpg,J
23342.jpg,N
23343.jpg,V
23344.jpg,O
23345.jpg,F
23346.jpg,N
23347.jpg,T
23348.jpg,R
23349.jpg,N
2335.jpg,M
23350.jpg,A
23351.jpg,K
23352.jpg,O
23353.jpg,X
23354.jpg,M
23355.jpg,K
23356.jpg,V
23357.jpg,T
23358.jpg,J
23359.jpg,M
2336.jpg,V
23360.jpg,R
23361.jpg,X
23362.jpg,J
23363.jpg,del
23364.jpg,W
23365.jpg,K
23366.jpg,M
23367.jpg,M
23368.jpg,P
23369.jpg,Z
2337.jpg,Q
23370.jpg,B
23371.jpg,U
23372.jpg,S
23373.jpg,N
23374.jpg,J
23375.jpg,M
23376.jpg,K
23377.jpg,M
23378.jpg,S
23379.jpg,B
2338.jpg,O
23380.jpg,N
23381.jpg,M
23382.jpg,W
23383.jpg,M
23384.jpg,del
23385.jpg,O
23386.jpg,V
23387.jpg,W
23388.jpg,O
23389.jpg,X
2339.jpg,W
23390.jpg,Y
23391.jpg,B
23392.jpg,J
23393.jpg,J
23394.jpg,O
23395.jpg,S
23396.jpg,space
23397.jpg,M
23398.jpg,A
23399.jpg,N
234.jpg,C
2340.jpg,I
23400.jpg,G
23401.jpg,R
23402.jpg,S
23403.jpg,Q
23404.jpg,space
23405.jpg,H
23406.jpg,L
23407.jpg,Y
23408.jpg,N
23409.jpg,Y
2341.jpg,J
23410.jpg,H
23411.jpg,I
23412.jpg,I
23413.jpg,V
23414.jpg,M
23415.jpg,M
23416.jpg,L
23417.jpg,H
23418.jpg,O
23419.jpg,U
2342.jpg,W
23420.jpg,Q
23421.jpg,I
23422.jpg,W
23423.jpg,Z
23424.jpg,C
23425.jpg,B
23426.jpg,W
23427.jpg,U
23428.jpg,J
23429.jpg,del
2343.jpg,R
23430.jpg,Q
23431.jpg,U
23432.jpg,Y
23433.jpg,J
23434.jpg,N
23435.jpg,O
23436.jpg,Z
23437.jpg,Q
23438.jpg,F
23439.jpg,C
2344.jpg,M
23440.jpg,H
23441.jpg,R
23442.jpg,S
23443.jpg,U
23444.jpg,C
23445.jpg,I
23446.jpg,D
23447.jpg,O
23448.jpg,W
23449.jpg,U
2345.jpg,M
23450.jpg,I
23451.jpg,O
23452.jpg,C
23453.jpg,K
23454.jpg,R
23455.jpg,H
23456.jpg,M
23457.jpg,O
23458.jpg,X
23459.jpg,del
2346.jpg,V
23460.jpg,C
23461.jpg,N
23462.jpg,V
23463.jpg,U
23464.jpg,P
23465.jpg,M
23466.jpg,Q
23467.jpg,W
23468.jpg,A
23469.jpg,R
2347.jpg,Q
23470.jpg,V
23471.jpg,K
23472.jpg,N
23473.jpg,S
23474.jpg,B
23475.jpg,M
23476.jpg,space
23477.jpg,Q
23478.jpg,P
23479.jpg,N
2348.jpg,S
23480.jpg,O
23481.jpg,U
23482.jpg,N
23483.jpg,O
23484.jpg,N
23485.jpg,X
23486.jpg,H
23487.jpg,J
23488.jpg,M
23489.jpg,M
2349.jpg,M
23490.jpg,del
23491.jpg,M
23492.jpg,U
23493.jpg,M
23494.jpg,L
23495.jpg,M
23496.jpg,M
23497.jpg,G
23498.jpg,B
23499.jpg,B
235.jpg,M
2350.jpg,O
23500.jpg,N
23501.jpg,J
23502.jpg,Y
23503.jpg,K
23504.jpg,V
23505.jpg,del
23506.jpg,Q
23507.jpg,K
23508.jpg,R
23509.jpg,J
2351.jpg,B
23510.jpg,M
23511.jpg,M
23512.jpg,J
23513.jpg,M
23514.jpg,K
23515.jpg,P
23516.jpg,H
23517.jpg,M
23518.jpg,J
23519.jpg,I
2352.jpg,R
23520.jpg,N
23521.jpg,P
23522.jpg,H
23523.jpg,L
23524.jpg,J
23525.jpg,H
23526.jpg,M
23527.jpg,G
23528.jpg,P
23529.jpg,space
2353.jpg,N
23530.jpg,X
23531.jpg,P
23532.jpg,H
23533.jpg,W
23534.jpg,B
23535.jpg,K
23536.jpg,L
23537.jpg,N
23538.jpg,M
23539.jpg,O
2354.jpg,C
23540.jpg,N
23541.jpg,Q
23542.jpg,L
23543.jpg,L
23544.jpg,X
23545.jpg,B
23546.jpg,R
23547.jpg,K
23548.jpg,X
23549.jpg,P
2355.jpg,P
23550.jpg,W
23551.jpg,B
23552.jpg,H
23553.jpg,N
23554.jpg,R
23555.jpg,K
23556.jpg,S
23557.jpg,L
23558.jpg,N
23559.jpg,M
2356.jpg,Y
23560.jpg,X
23561.jpg,J
23562.jpg,R
23563.jpg,H
23564.jpg,M
23565.jpg,Q
23566.jpg,W
23567.jpg,J
23568.jpg,E
23569.jpg,H
2357.jpg,L
23570.jpg,N
23571.jpg,N
23572.jpg,M
23573.jpg,O
23574.jpg,M
23575.jpg,Q
23576.jpg,N
23577.jpg,Q
23578.jpg,M
23579.jpg,J
2358.jpg,O
23580.jpg,Q
23581.jpg,U
23582.jpg,X
23583.jpg,J
23584.jpg,G
23585.jpg,O
23586.jpg,M
23587.jpg,M
23588.jpg,P
23589.jpg,N
2359.jpg,P
23590.jpg,M
23591.jpg,W
23592.jpg,H
23593.jpg,Q
23594.jpg,L
23595.jpg,H
23596.jpg,Y
23597.jpg,W
23598.jpg,X
23599.jpg,U
236.jpg,W
2360.jpg,N
23600.jpg,P
23601.jpg,Y
23602.jpg,J
23603.jpg,V
23604.jpg,V
23605.jpg,M
23606.jpg,I
23607.jpg,space
23608.jpg,P
23609.jpg,Q
2361.jpg,Q
23610.jpg,C
23611.jpg,R
23612.jpg,Q
23613.jpg,M
23614.jpg,W
23615.jpg,X
23616.jpg,R
23617.jpg,T
23618.jpg,J
23619.jpg,M
2362.jpg,C
23620.jpg,Y
23621.jpg,M
23622.jpg,O
23623.jpg,W
23624.jpg,Y
23625.jpg,M
23626.jpg,O
23627.jpg,N
23628.jpg,V
23629.jpg,R
2363.jpg,Q
23630.jpg,M
23631.jpg,J
23632.jpg,J
23633.jpg,X
23634.jpg,I
23635.jpg,M
23636.jpg,M
23637.jpg,M
23638.jpg,J
23639.jpg,H
2364.jpg,A
23640.jpg,N
23641.jpg,W
23642.jpg,A
23643.jpg,K
23644.jpg,R
23645.jpg,U
23646.jpg,S
23647.jpg,S
23648.jpg,P
23649.jpg,M
2365.jpg,J
23650.jpg,M
23651.jpg,K
23652.jpg,B
23653.jpg,Q
23654.jpg,U
23655.jpg,V
23656.jpg,V
23657.jpg,R
23658.jpg,H
23659.jpg,C
2366.jpg,L
23660.jpg,O
23661.jpg,S
23662.jpg,K
23663.jpg,P
23664.jpg,Y
23665.jpg,M
23666.jpg,U
23667.jpg,Y
23668.jpg,Y
23669.jpg,Y
2367.jpg,R
23670.jpg,S
23671.jpg,X
23672.jpg,C
23673.jpg,B
23674.jpg,V
23675.jpg,Q
23676.jpg,P
23677.jpg,E
23678.jpg,P
23679.jpg,X
2368.jpg,K
23680.jpg,U
23681.jpg,N
23682.jpg,space
23683.jpg,B
23684.jpg,U
23685.jpg,J
23686.jpg,S
23687.jpg,M
23688.jpg,U
23689.jpg,H
2369.jpg,N
23690.jpg,M
23691.jpg,M
23692.jpg,I
23693.jpg,Z
23694.jpg,B
23695.jpg,A
23696.jpg,L
23697.jpg,M
23698.jpg,M
23699.jpg,I
237.jpg,P
2370.jpg,J
23700.jpg,N
23701.jpg,B
23702.jpg,V
23703.jpg,M
23704.jpg,J
23705.jpg,P
23706.jpg,M
23707.jpg,U
23708.jpg,N
23709.jpg,J
2371.jpg,V
23710.jpg,U
23711.jpg,U
23712.jpg,U
23713.jpg,Y
23714.jpg,X
23715.jpg,N
23716.jpg,Y
23717.jpg,Z
23718.jpg,B
23719.jpg,R
2372.jpg,X
23720.jpg,F
23721.jpg,L
23722.jpg,V
23723.jpg,M
23724.jpg,Y
23725.jpg,S
23726.jpg,Y
23727.jpg,H
23728.jpg,O
23729.jpg,Q
2373.jpg,L
23730.jpg,P
23731.jpg,J
23732.jpg,H
23733.jpg,J
23734.jpg,B
23735.jpg,W
23736.jpg,Q
23737.jpg,R
23738.jpg,N
23739.jpg,X
2374.jpg,P
23740.jpg,N
23741.jpg,J
23742.jpg,U
23743.jpg,U
23744.jpg,N
23745.jpg,F
23746.jpg,M
23747.jpg,F
23748.jpg,B
23749.jpg,I
2375.jpg,M
23750.jpg,Q
23751.jpg,H
23752.jpg,V
23753.jpg,M
23754.jpg,N
23755.jpg,U
23756.jpg,L
23757.jpg,O
23758.jpg,I
23759.jpg,S
2376.jpg,M
23760.jpg,J
23761.jpg,Y
23762.jpg,Y
23763.jpg,J
23764.jpg,K
23765.jpg,J
23766.jpg,C
23767.jpg,B
23768.jpg,B
23769.jpg,L
2377.jpg,I
23770.jpg,J
23771.jpg,J
23772.jpg,M
23773.jpg,O
23774.jpg,K
23775.jpg,N
23776.jpg,O
23777.jpg,W
23778.jpg,L
23779.jpg,M
2378.jpg,D
23780.jpg,X
23781.jpg,U
23782.jpg,M
23783.jpg,W
23784.jpg,Y
23785.jpg,B
23786.jpg,N
23787.jpg,M
23788.jpg,L
23789.jpg,Y
2379.jpg,J
23790.jpg,P
23791.jpg,M
23792.jpg,O
23793.jpg,V
23794.jpg,U
23795.jpg,C
23796.jpg,M
23797.jpg,B
23798.jpg,P
23799.jpg,M
238.jpg,Y
2380.jpg,V
23800.jpg,O
23801.jpg,M
23802.jpg,L
23803.jpg,R
23804.jpg,C
23805.jpg,Y
23806.jpg,P
23807.jpg,L
23808.jpg,N
23809.jpg,N
2381.jpg,X
23810.jpg,M
23811.jpg,V
23812.jpg,E
23813.jpg,M
23814.jpg,O
23815.jpg,P
23816.jpg,J
23817.jpg,E
23818.jpg,S
23819.jpg,M
2382.jpg,C
23820.jpg,C
23821.jpg,U
23822.jpg,N
23823.jpg,N
23824.jpg,O
23825.jpg,M
23826.jpg,S
23827.jpg,P
23828.jpg,O
23829.jpg,J
2383.jpg,P
23830.jpg,B
23831.jpg,L
23832.jpg,C
23833.jpg,M
23834.jpg,L
23835.jpg,J
23836.jpg,Y
23837.jpg,I
23838.jpg,Z
23839.jpg,S
2384.jpg,N
23840.jpg,H
23841.jpg,W
23842.jpg,N
23843.jpg,M
23844.jpg,Y
23845.jpg,M
23846.jpg,S
23847.jpg,R
23848.jpg,H
23849.jpg,W
2385.jpg,W
23850.jpg,R
23851.jpg,I
23852.jpg,M
23853.jpg,A
23854.jpg,M
23855.jpg,W
23856.jpg,N
23857.jpg,N
23858.jpg,M
23859.jpg,V
2386.jpg,O
23860.jpg,K
23861.jpg,V
23862.jpg,R
23863.jpg,P
23864.jpg,U
23865.jpg,Q
23866.jpg,P
23867.jpg,O
23868.jpg,N
23869.jpg,R
2387.jpg,V
23870.jpg,Y
23871.jpg,S
23872.jpg,B
23873.jpg,O
23874.jpg,Y
23875.jpg,M
23876.jpg,N
23877.jpg,M
23878.jpg,Y
23879.jpg,U
2388.jpg,X
23880.jpg,N
23881.jpg,U
23882.jpg,Y
23883.jpg,I
23884.jpg,B
23885.jpg,M
23886.jpg,K
23887.jpg,U
23888.jpg,H
23889.jpg,Y
2389.jpg,H
23890.jpg,R
23891.jpg,L
23892.jpg,N
23893.jpg,M
23894.jpg,A
23895.jpg,Q
23896.jpg,X
23897.jpg,O
23898.jpg,M
23899.jpg,J
239.jpg,M
2390.jpg,X
23900.jpg,Y
23901.jpg,N
23902.jpg,Q
23903.jpg,N
23904.jpg,B
23905.jpg,R
23906.jpg,M
23907.jpg,E
23908.jpg,B
23909.jpg,U
2391.jpg,Z
23910.jpg,H
23911.jpg,B
23912.jpg,L
23913.jpg,Q
23914.jpg,R
23915.jpg,N
23916.jpg,H
23917.jpg,E
23918.jpg,H
23919.jpg,W
2392.jpg,L
23920.jpg,N
23921.jpg,nothing
23922.jpg,N
23923.jpg,Q
23924.jpg,V
23925.jpg,U
23926.jpg,J
23927.jpg,M
23928.jpg,J
23929.jpg,P
2393.jpg,N
23930.jpg,Q
23931.jpg,H
23932.jpg,N
23933.jpg,P
23934.jpg,O
23935.jpg,L
23936.jpg,R
23937.jpg,B
23938.jpg,J
23939.jpg,P
2394.jpg,J
23940.jpg,S
23941.jpg,Y
23942.jpg,P
23943.jpg,H
23944.jpg,M
23945.jpg,O
23946.jpg,N
23947.jpg,U
23948.jpg,C
23949.jpg,G
2395.jpg,J
23950.jpg,O
23951.jpg,E
23952.jpg,Y
23953.jpg,M
23954.jpg,O
23955.jpg,U
23956.jpg,S
23957.jpg,N
23958.jpg,X
23959.jpg,O
2396.jpg,M
23960.jpg,R
23961.jpg,E
23962.jpg,R
23963.jpg,O
23964.jpg,O
23965.jpg,L
23966.jpg,Q
23967.jpg,N
23968.jpg,P
23969.jpg,W
2397.jpg,Y
23970.jpg,C
23971.jpg,S
23972.jpg,U
23973.jpg,P
23974.jpg,M
23975.jpg,M
23976.jpg,Z
23977.jpg,P
23978.jpg,W
23979.jpg,M
2398.jpg,U
23980.jpg,W
23981.jpg,N
23982.jpg,V
23983.jpg,A
23984.jpg,B
23985.jpg,I
23986.jpg,M
23987.jpg,C
23988.jpg,J
23989.jpg,N
2399.jpg,P
23990.jpg,P
23991.jpg,J
23992.jpg,U
23993.jpg,M
23994.jpg,C
23995.jpg,W
23996.jpg,E
23997.jpg,G
23998.jpg,Q
23999.jpg,O
24.jpg,F
240.jpg,L
2400.jpg,K
24000.jpg,X
24001.jpg,A
24002.jpg,U
24003.jpg,H
24004.jpg,M
24005.jpg,O
24006.jpg,M
24007.jpg,N
24008.jpg,O
24009.jpg,O
2401.jpg,K
24010.jpg,N
24011.jpg,B
24012.jpg,M
24013.jpg,W
24014.jpg,A
24015.jpg,X
24016.jpg,B
24017.jpg,M
24018.jpg,S
24019.jpg,U
2402.jpg,N
24020.jpg,N
24021.jpg,H
24022.jpg,P
24023.jpg,U
24024.jpg,O
24025.jpg,B
24026.jpg,O
24027.jpg,P
24028.jpg,P
24029.jpg,S
2403.jpg,M
24030.jpg,Z
24031.jpg,Z
24032.jpg,M
24033.jpg,del
24034.jpg,M
24035.jpg,N
24036.jpg,U
24037.jpg,R
24038.jpg,R
24039.jpg,L
2404.jpg,K
24040.jpg,C
24041.jpg,N
24042.jpg,E
24043.jpg,R
24044.jpg,Q
24045.jpg,P
24046.jpg,N
24047.jpg,O
24048.jpg,M
24049.jpg,B
2405.jpg,Q
24050.jpg,J
24051.jpg,H
24052.jpg,W
24053.jpg,M
24054.jpg,A
24055.jpg,Y
24056.jpg,X
24057.jpg,Q
24058.jpg,Y
24059.jpg,H
2406.jpg,J
24060.jpg,V
24061.jpg,H
24062.jpg,V
24063.jpg,R
24064.jpg,U
24065.jpg,X
24066.jpg,U
24067.jpg,K
24068.jpg,M
24069.jpg,space
2407.jpg,Y
24070.jpg,U
24071.jpg,J
24072.jpg,O
24073.jpg,Y
24074.jpg,P
24075.jpg,space
24076.jpg,S
24077.jpg,I
24078.jpg,R
24079.jpg,W
2408.jpg,M
24080.jpg,M
24081.jpg,J
24082.jpg,K
24083.jpg,space
24084.jpg,O
24085.jpg,Y
24086.jpg,X
24087.jpg,I
24088.jpg,M
24089.jpg,E
2409.jpg,space
24090.jpg,G
24091.jpg,J
24092.jpg,Q
24093.jpg,H
24094.jpg,U
24095.jpg,O
24096.jpg,del
24097.jpg,Q
24098.jpg,J
24099.jpg,O
241.jpg,V
2410.jpg,M
24100.jpg,M
24101.jpg,X
24102.jpg,W
24103.jpg,A
24104.jpg,V
24105.jpg,P
24106.jpg,B
24107.jpg,K
24108.jpg,H
24109.jpg,U
2411.jpg,M
24110.jpg,L
24111.jpg,K
24112.jpg,C
24113.jpg,B
24114.jpg,O
24115.jpg,R
24116.jpg,P
24117.jpg,Y
24118.jpg,M
24119.jpg,L
2412.jpg,C
24120.jpg,N
24121.jpg,I
24122.jpg,U
24123.jpg,M
24124.jpg,M
24125.jpg,R
24126.jpg,Q
24127.jpg,M
24128.jpg,Q
24129.jpg,N
2413.jpg,M
24130.jpg,H
24131.jpg,V
24132.jpg,H
24133.jpg,F
24134.jpg,P
24135.jpg,U
24136.jpg,Y
24137.jpg,C
24138.jpg,O
24139.jpg,Q
2414.jpg,U
24140.jpg,U
24141.jpg,I
24142.jpg,U
24143.jpg,X
24144.jpg,W
24145.jpg,P
24146.jpg,F
24147.jpg,U
24148.jpg,U
24149.jpg,S
2415.jpg,M
24150.jpg,R
24151.jpg,M
24152.jpg,J
24153.jpg,M
24154.jpg,X
24155.jpg,del
24156.jpg,W
24157.jpg,B
24158.jpg,L
24159.jpg,R
2416.jpg,Q
24160.jpg,N
24161.jpg,L
24162.jpg,R
24163.jpg,X
24164.jpg,R
24165.jpg,W
24166.jpg,L
24167.jpg,M
24168.jpg,S
24169.jpg,R
2417.jpg,Q
24170.jpg,J
24171.jpg,R
24172.jpg,C
24173.jpg,V
24174.jpg,M
24175.jpg,P
24176.jpg,M
24177.jpg,J
24178.jpg,R
24179.jpg,Y
2418.jpg,P
24180.jpg,B
24181.jpg,F
24182.jpg,J
24183.jpg,N
24184.jpg,N
24185.jpg,P
24186.jpg,R
24187.jpg,B
24188.jpg,B
24189.jpg,Z
2419.jpg,N
24190.jpg,K
24191.jpg,R
24192.jpg,Q
24193.jpg,L
24194.jpg,P
24195.jpg,Q
24196.jpg,X
24197.jpg,H
24198.jpg,O
24199.jpg,J
242.jpg,M
2420.jpg,P
24200.jpg,N
24201.jpg,N
24202.jpg,P
24203.jpg,O
24204.jpg,N
24205.jpg,B
24206.jpg,O
24207.jpg,K
24208.jpg,M
24209.jpg,X
2421.jpg,C
24210.jpg,del
24211.jpg,H
24212.jpg,U
24213.jpg,A
24214.jpg,W
24215.jpg,I
24216.jpg,C
24217.jpg,Q
24218.jpg,L
24219.jpg,K
2422.jpg,J
24220.jpg,W
24221.jpg,N
24222.jpg,P
24223.jpg,J
24224.jpg,K
24225.jpg,H
24226.jpg,U
24227.jpg,M
24228.jpg,X
24229.jpg,E
2423.jpg,S
24230.jpg,S
24231.jpg,I
24232.jpg,J
24233.jpg,O
24234.jpg,W
24235.jpg,N
24236.jpg,M
24237.jpg,F
24238.jpg,M
24239.jpg,W
2424.jpg,M
24240.jpg,M
24241.jpg,R
24242.jpg,C
24243.jpg,N
24244.jpg,V
24245.jpg,H
24246.jpg,U
24247.jpg,N
24248.jpg,K
24249.jpg,U
2425.jpg,M
24250.jpg,M
24251.jpg,N
24252.jpg,N
24253.jpg,W
24254.jpg,O
24255.jpg,U
24256.jpg,M
24257.jpg,J
24258.jpg,P
24259.jpg,P
2426.jpg,N
24260.jpg,E
24261.jpg,X
24262.jpg,S
24263.jpg,M
24264.jpg,O
24265.jpg,I
24266.jpg,O
24267.jpg,Y
24268.jpg,M
24269.jpg,W
2427.jpg,M
24270.jpg,K
24271.jpg,M
24272.jpg,N
24273.jpg,R
24274.jpg,B
24275.jpg,M
24276.jpg,U
24277.jpg,M
24278.jpg,E
24279.jpg,M
2428.jpg,N
24280.jpg,M
24281.jpg,Y
24282.jpg,O
24283.jpg,J
24284.jpg,N
24285.jpg,S
24286.jpg,H
24287.jpg,H
24288.jpg,S
24289.jpg,N
2429.jpg,Z
24290.jpg,nothing
24291.jpg,M
24292.jpg,A
24293.jpg,P
24294.jpg,Y
24295.jpg,W
24296.jpg,E
24297.jpg,F
24298.jpg,R
24299.jpg,P
243.jpg,U
2430.jpg,S
24300.jpg,M
24301.jpg,X
24302.jpg,M
24303.jpg,I
24304.jpg,O
24305.jpg,O
24306.jpg,X
24307.jpg,J
24308.jpg,B
24309.jpg,Q
2431.jpg,T
24310.jpg,S
24311.jpg,M
24312.jpg,B
24313.jpg,R
24314.jpg,L
24315.jpg,V
24316.jpg,H
24317.jpg,Y
24318.jpg,J
24319.jpg,U
2432.jpg,X
24320.jpg,V
24321.jpg,E
24322.jpg,M
24323.jpg,M
24324.jpg,M
24325.jpg,Q
24326.jpg,space
24327.jpg,H
24328.jpg,T
24329.jpg,K
2433.jpg,M
24330.jpg,N
24331.jpg,U
24332.jpg,W
24333.jpg,Y
24334.jpg,W
24335.jpg,Q
24336.jpg,P
24337.jpg,U
24338.jpg,M
24339.jpg,E
2434.jpg,W
24340.jpg,M
24341.jpg,I
24342.jpg,R
24343.jpg,S
24344.jpg,N
24345.jpg,N
24346.jpg,J
24347.jpg,Q
24348.jpg,U
24349.jpg,S
2435.jpg,R
24350.jpg,O
24351.jpg,C
24352.jpg,E
24353.jpg,X
24354.jpg,C
24355.jpg,U
24356.jpg,M
24357.jpg,H
24358.jpg,X
24359.jpg,E
2436.jpg,J
24360.jpg,M
24361.jpg,P
24362.jpg,C
24363.jpg,O
24364.jpg,B
24365.jpg,N
24366.jpg,X
24367.jpg,K
24368.jpg,J
24369.jpg,O
2437.jpg,J
24370.jpg,O
24371.jpg,E
24372.jpg,M
24373.jpg,M
24374.jpg,M
24375.jpg,M
24376.jpg,W
24377.jpg,U
24378.jpg,M
24379.jpg,P
2438.jpg,H
24380.jpg,U
24381.jpg,Y
24382.jpg,X
24383.jpg,N
24384.jpg,R
24385.jpg,K
24386.jpg,O
24387.jpg,C
24388.jpg,R
24389.jpg,O
2439.jpg,W
24390.jpg,Y
24391.jpg,C
24392.jpg,P
24393.jpg,W
24394.jpg,S
24395.jpg,X
24396.jpg,U
24397.jpg,V
24398.jpg,del
24399.jpg,M
244.jpg,B
2440.jpg,U
24400.jpg,P
24401.jpg,N
24402.jpg,Y
24403.jpg,M
24404.jpg,U
24405.jpg,E
24406.jpg,S
24407.jpg,L
24408.jpg,M
24409.jpg,V
2441.jpg,N
24410.jpg,X
24411.jpg,S
24412.jpg,W
24413.jpg,X
24414.jpg,P
24415.jpg,M
24416.jpg,J
24417.jpg,R
24418.jpg,Q
24419.jpg,O
2442.jpg,R
24420.jpg,M
24421.jpg,J
24422.jpg,Y
24423.jpg,O
24424.jpg,R
24425.jpg,S
24426.jpg,M
24427.jpg,J
24428.jpg,R
24429.jpg,O
2443.jpg,B
24430.jpg,U
24431.jpg,U
24432.jpg,space
24433.jpg,R
24434.jpg,E
24435.jpg,B
24436.jpg,M
24437.jpg,Y
24438.jpg,N
24439.jpg,P
2444.jpg,N
24440.jpg,M
24441.jpg,R
24442.jpg,J
24443.jpg,M
24444.jpg,N
24445.jpg,A
24446.jpg,J
24447.jpg,A
24448.jpg,M
24449.jpg,del
2445.jpg,Z
24450.jpg,S
24451.jpg,I
24452.jpg,T
24453.jpg,S
24454.jpg,N
24455.jpg,U
24456.jpg,J
24457.jpg,Y
24458.jpg,B
24459.jpg,U
2446.jpg,Q
24460.jpg,N
24461.jpg,R
24462.jpg,S
24463.jpg,B
24464.jpg,B
24465.jpg,L
24466.jpg,L
24467.jpg,U
24468.jpg,W
24469.jpg,O
2447.jpg,N
24470.jpg,V
24471.jpg,N
24472.jpg,M
24473.jpg,U
24474.jpg,A
24475.jpg,W
24476.jpg,N
24477.jpg,O
24478.jpg,Y
24479.jpg,U
2448.jpg,space
24480.jpg,Z
24481.jpg,M
24482.jpg,L
24483.jpg,P
24484.jpg,N
24485.jpg,I
24486.jpg,D
24487.jpg,W
24488.jpg,T
24489.jpg,O
2449.jpg,S
24490.jpg,P
24491.jpg,J
24492.jpg,H
24493.jpg,K
24494.jpg,H
24495.jpg,J
24496.jpg,J
24497.jpg,R
24498.jpg,R
24499.jpg,P
245.jpg,P
2450.jpg,N
24500.jpg,nothing
24501.jpg,K
24502.jpg,Z
24503.jpg,G
24504.jpg,H
24505.jpg,C
24506.jpg,V
24507.jpg,R
24508.jpg,U
24509.jpg,Z
2451.jpg,M
24510.jpg,S
24511.jpg,M
24512.jpg,U
24513.jpg,I
24514.jpg,O
24515.jpg,G
24516.jpg,J
24517.jpg,J
24518.jpg,space
24519.jpg,U
2452.jpg,S
24520.jpg,P
24521.jpg,J
24522.jpg,R
24523.jpg,M
24524.jpg,N
24525.jpg,Y
24526.jpg,J
24527.jpg,L
24528.jpg,H
24529.jpg,Q
2453.jpg,R
24530.jpg,M
24531.jpg,M
24532.jpg,U
24533.jpg,F
24534.jpg,J
24535.jpg,M
24536.jpg,P
24537.jpg,D
24538.jpg,S
24539.jpg,J
2454.jpg,J
24540.jpg,J
24541.jpg,Y
24542.jpg,N
24543.jpg,R
24544.jpg,X
24545.jpg,M
24546.jpg,B
24547.jpg,Y
24548.jpg,N
24549.jpg,N
2455.jpg,N
24550.jpg,H
24551.jpg,M
24552.jpg,U
24553.jpg,M
24554.jpg,O
24555.jpg,Z
24556.jpg,Z
24557.jpg,N
24558.jpg,J
24559.jpg,M
2456.jpg,W
24560.jpg,N
24561.jpg,P
24562.jpg,I
24563.jpg,Y
24564.jpg,O
24565.jpg,T
24566.jpg,J
24567.jpg,P
24568.jpg,M
24569.jpg,Q
2457.jpg,K
24570.jpg,Y
24571.jpg,U
24572.jpg,Q
24573.jpg,O
24574.jpg,A
24575.jpg,D
24576.jpg,N
24577.jpg,N
24578.jpg,W
24579.jpg,R
2458.jpg,M
24580.jpg,M
24581.jpg,O
24582.jpg,space
24583.jpg,L
24584.jpg,H
24585.jpg,M
24586.jpg,J
24587.jpg,S
24588.jpg,L
24589.jpg,R
2459.jpg,H
24590.jpg,U
24591.jpg,M
24592.jpg,P
24593.jpg,K
24594.jpg,O
24595.jpg,X
24596.jpg,B
24597.jpg,P
24598.jpg,C
24599.jpg,N
246.jpg,P
2460.jpg,J
24600.jpg,Y
24601.jpg,I
24602.jpg,I
24603.jpg,C
24604.jpg,M
24605.jpg,B
24606.jpg,U
24607.jpg,B
24608.jpg,K
24609.jpg,J
2461.jpg,P
24610.jpg,M
24611.jpg,U
24612.jpg,R
24613.jpg,B
24614.jpg,L
24615.jpg,M
24616.jpg,L
24617.jpg,U
24618.jpg,N
24619.jpg,H
2462.jpg,U
24620.jpg,N
24621.jpg,M
24622.jpg,N
24623.jpg,del
24624.jpg,U
24625.jpg,O
24626.jpg,P
24627.jpg,H
24628.jpg,M
24629.jpg,J
2463.jpg,I
24630.jpg,T
24631.jpg,G
24632.jpg,S
24633.jpg,R
24634.jpg,M
24635.jpg,S
24636.jpg,H
24637.jpg,H
24638.jpg,R
24639.jpg,Q
2464.jpg,J
24640.jpg,R
24641.jpg,N
24642.jpg,E
24643.jpg,U
24644.jpg,S
24645.jpg,M
24646.jpg,O
24647.jpg,O
24648.jpg,B
24649.jpg,V
2465.jpg,M
24650.jpg,M
24651.jpg,F
24652.jpg,H
24653.jpg,M
24654.jpg,N
24655.jpg,L
24656.jpg,K
24657.jpg,R
24658.jpg,U
24659.jpg,U
2466.jpg,U
24660.jpg,M
24661.jpg,L
24662.jpg,M
24663.jpg,Q
24664.jpg,A
24665.jpg,W
24666.jpg,M
24667.jpg,P
24668.jpg,X
24669.jpg,A
2467.jpg,W
24670.jpg,U
24671.jpg,M
24672.jpg,M
24673.jpg,L
24674.jpg,S
24675.jpg,P
24676.jpg,V
24677.jpg,Y
24678.jpg,U
24679.jpg,A
2468.jpg,M
24680.jpg,U
24681.jpg,space
24682.jpg,M
24683.jpg,I
24684.jpg,M
24685.jpg,E
24686.jpg,M
24687.jpg,Y
24688.jpg,N
24689.jpg,Y
2469.jpg,J
24690.jpg,O
24691.jpg,R
24692.jpg,J
24693.jpg,S
24694.jpg,X
24695.jpg,B
24696.jpg,U
24697.jpg,H
24698.jpg,M
24699.jpg,J
247.jpg,M
2470.jpg,N
24700.jpg,Y
24701.jpg,U
24702.jpg,N
24703.jpg,I
24704.jpg,G
24705.jpg,H
24706.jpg,N
24707.jpg,R
24708.jpg,W
24709.jpg,L
2471.jpg,J
24710.jpg,Q
24711.jpg,J
24712.jpg,D
24713.jpg,X
24714.jpg,R
24715.jpg,O
24716.jpg,H
24717.jpg,I
24718.jpg,S
24719.jpg,N
2472.jpg,O
24720.jpg,S
24721.jpg,L
24722.jpg,N
24723.jpg,H
24724.jpg,L
24725.jpg,H
24726.jpg,C
24727.jpg,J
24728.jpg,R
24729.jpg,N
2473.jpg,B
24730.jpg,Q
24731.jpg,K
24732.jpg,M
24733.jpg,M
24734.jpg,N
24735.jpg,O
24736.jpg,C
24737.jpg,O
24738.jpg,P
24739.jpg,J
2474.jpg,M
24740.jpg,S
24741.jpg,X
24742.jpg,N
24743.jpg,V
24744.jpg,I
24745.jpg,X
24746.jpg,H
24747.jpg,U
24748.jpg,L
24749.jpg,J
2475.jpg,O
24750.jpg,D
24751.jpg,I
24752.jpg,X
24753.jpg,I
24754.jpg,R
24755.jpg,Y
24756.jpg,M
24757.jpg,P
24758.jpg,J
24759.jpg,R
2476.jpg,Q
24760.jpg,O
24761.jpg,O
24762.jpg,Q
24763.jpg,W
24764.jpg,M
24765.jpg,N
24766.jpg,T
24767.jpg,P
24768.jpg,N
24769.jpg,M
2477.jpg,M
24770.jpg,E
24771.jpg,O
24772.jpg,X
24773.jpg,S
24774.jpg,J
24775.jpg,V
24776.jpg,M
24777.jpg,V
24778.jpg,N
24779.jpg,space
2478.jpg,O
24780.jpg,U
24781.jpg,R
24782.jpg,J
24783.jpg,P
24784.jpg,N
24785.jpg,G
24786.jpg,G
24787.jpg,X
24788.jpg,Q
24789.jpg,U
2479.jpg,N
24790.jpg,U
24791.jpg,R
24792.jpg,M
24793.jpg,W
24794.jpg,U
24795.jpg,M
24796.jpg,N
24797.jpg,P
24798.jpg,L
24799.jpg,M
248.jpg,M
2480.jpg,W
24800.jpg,J
24801.jpg,M
24802.jpg,B
24803.jpg,G
24804.jpg,Y
24805.jpg,H
24806.jpg,U
24807.jpg,W
24808.jpg,M
24809.jpg,R
2481.jpg,R
24810.jpg,M
24811.jpg,O
24812.jpg,Q
24813.jpg,J
24814.jpg,X
24815.jpg,space
24816.jpg,E
24817.jpg,K
24818.jpg,O
24819.jpg,M
2482.jpg,L
24820.jpg,O
24821.jpg,U
24822.jpg,M
24823.jpg,H
24824.jpg,B
24825.jpg,K
24826.jpg,M
24827.jpg,Y
24828.jpg,P
24829.jpg,R
2483.jpg,K
24830.jpg,M
24831.jpg,L
24832.jpg,N
24833.jpg,V
24834.jpg,M
24835.jpg,P
24836.jpg,Y
24837.jpg,P
24838.jpg,B
24839.jpg,N
2484.jpg,M
24840.jpg,S
24841.jpg,M
24842.jpg,U
24843.jpg,P
24844.jpg,M
24845.jpg,V
24846.jpg,N
24847.jpg,U
24848.jpg,M
24849.jpg,K
2485.jpg,N
24850.jpg,Z
24851.jpg,K
24852.jpg,N
24853.jpg,V
24854.jpg,W
24855.jpg,Q
24856.jpg,R
24857.jpg,J
24858.jpg,X
24859.jpg,N
2486.jpg,C
24860.jpg,N
24861.jpg,M
24862.jpg,R
24863.jpg,J
24864.jpg,Z
24865.jpg,L
24866.jpg,E
24867.jpg,A
24868.jpg,Q
24869.jpg,N
2487.jpg,L
24870.jpg,V
24871.jpg,R
24872.jpg,V
24873.jpg,B
24874.jpg,M
24875.jpg,O
24876.jpg,B
24877.jpg,C
24878.jpg,M
24879.jpg,P
2488.jpg,Y
24880.jpg,B
24881.jpg,Q
24882.jpg,M
24883.jpg,O
24884.jpg,T
24885.jpg,A
24886.jpg,I
24887.jpg,M
24888.jpg,N
24889.jpg,M
2489.jpg,B
24890.jpg,R
24891.jpg,Y
24892.jpg,J
24893.jpg,M
24894.jpg,P
24895.jpg,J
24896.jpg,W
24897.jpg,L
24898.jpg,K
24899.jpg,X
249.jpg,O
2490.jpg,A
24900.jpg,J
24901.jpg,Y
24902.jpg,W
24903.jpg,H
24904.jpg,L
24905.jpg,O
24906.jpg,W
24907.jpg,P
24908.jpg,Q
24909.jpg,M
2491.jpg,J
24910.jpg,L
24911.jpg,E
24912.jpg,K
24913.jpg,M
24914.jpg,B
24915.jpg,W
24916.jpg,M
24917.jpg,Z
24918.jpg,P
24919.jpg,J
2492.jpg,Y
24920.jpg,Q
24921.jpg,W
24922.jpg,P
24923.jpg,M
24924.jpg,del
24925.jpg,M
24926.jpg,del
24927.jpg,space
24928.jpg,M
24929.jpg,K
2493.jpg,P
24930.jpg,Y
24931.jpg,W
24932.jpg,Q
24933.jpg,B
24934.jpg,L
24935.jpg,K
24936.jpg,R
24937.jpg,M
24938.jpg,Y
24939.jpg,Q
2494.jpg,B
24940.jpg,K
24941.jpg,O
24942.jpg,P
24943.jpg,U
24944.jpg,Q
24945.jpg,J
24946.jpg,O
24947.jpg,K
24948.jpg,R
24949.jpg,W
2495.jpg,P
24950.jpg,P
24951.jpg,U
24952.jpg,V
24953.jpg,J
24954.jpg,I
24955.jpg,J
24956.jpg,N
24957.jpg,X
24958.jpg,W
24959.jpg,R
2496.jpg,J
24960.jpg,L
24961.jpg,U
24962.jpg,N
24963.jpg,N
24964.jpg,Z
24965.jpg,U
24966.jpg,N
24967.jpg,R
24968.jpg,H
24969.jpg,R
2497.jpg,Y
24970.jpg,L
24971.jpg,R
24972.jpg,Y
24973.jpg,U
24974.jpg,M
24975.jpg,O
24976.jpg,M
24977.jpg,P
24978.jpg,Q
24979.jpg,A
2498.jpg,M
24980.jpg,W
24981.jpg,W
24982.jpg,H
24983.jpg,W
24984.jpg,del
24985.jpg,M
24986.jpg,O
24987.jpg,T
24988.jpg,W
24989.jpg,M
2499.jpg,J
24990.jpg,O
24991.jpg,A
24992.jpg,M
24993.jpg,W
24994.jpg,N
24995.jpg,H
24996.jpg,M
24997.jpg,B
24998.jpg,M
24999.jpg,K
25.jpg,Y
250.jpg,X
2500.jpg,O
25000.jpg,P
25001.jpg,Q
25002.jpg,I
25003.jpg,K
25004.jpg,N
25005.jpg,O
25006.jpg,M
25007.jpg,M
25008.jpg,Q
25009.jpg,H
2501.jpg,J
25010.jpg,W
25011.jpg,Y
25012.jpg,R
25013.jpg,J
25014.jpg,M
25015.jpg,X
25016.jpg,Z
25017.jpg,Q
25018.jpg,H
25019.jpg,B
2502.jpg,V
25020.jpg,G
25021.jpg,B
25022.jpg,J
25023.jpg,W
25024.jpg,W
25025.jpg,D
25026.jpg,P
25027.jpg,C
25028.jpg,M
25029.jpg,O
2503.jpg,K
25030.jpg,O
25031.jpg,N
25032.jpg,U
25033.jpg,P
25034.jpg,W
25035.jpg,M
25036.jpg,Y
25037.jpg,M
25038.jpg,I
25039.jpg,N
2504.jpg,T
25040.jpg,X
25041.jpg,M
25042.jpg,I
25043.jpg,O
25044.jpg,U
25045.jpg,V
25046.jpg,W
25047.jpg,A
25048.jpg,O
25049.jpg,L
2505.jpg,I
25050.jpg,J
25051.jpg,H
25052.jpg,J
25053.jpg,Y
25054.jpg,M
25055.jpg,M
25056.jpg,X
25057.jpg,M
25058.jpg,V
25059.jpg,O
2506.jpg,M
25060.jpg,S
25061.jpg,S
25062.jpg,O
25063.jpg,O
25064.jpg,R
25065.jpg,N
25066.jpg,X
25067.jpg,N
25068.jpg,M
25069.jpg,Y
2507.jpg,L
25070.jpg,I
25071.jpg,W
25072.jpg,S
25073.jpg,G
25074.jpg,T
25075.jpg,O
25076.jpg,M
25077.jpg,P
25078.jpg,A
25079.jpg,M
2508.jpg,K
25080.jpg,O
25081.jpg,Y
25082.jpg,I
25083.jpg,N
25084.jpg,U
25085.jpg,X
25086.jpg,M
25087.jpg,N
25088.jpg,B
25089.jpg,space
2509.jpg,C
25090.jpg,U
25091.jpg,U
25092.jpg,M
25093.jpg,M
25094.jpg,B
25095.jpg,J
25096.jpg,J
25097.jpg,U
25098.jpg,I
25099.jpg,O
251.jpg,J
2510.jpg,U
25100.jpg,P
25101.jpg,U
25102.jpg,P
25103.jpg,A
25104.jpg,R
25105.jpg,U
25106.jpg,M
25107.jpg,J
25108.jpg,L
25109.jpg,U
2511.jpg,del
25110.jpg,V
25111.jpg,N
25112.jpg,Q
25113.jpg,Q
25114.jpg,A
25115.jpg,C
25116.jpg,R
25117.jpg,N
25118.jpg,J
25119.jpg,A
2512.jpg,H
25120.jpg,L
25121.jpg,H
25122.jpg,H
25123.jpg,M
25124.jpg,U
25125.jpg,U
25126.jpg,Z
25127.jpg,Y
25128.jpg,S
25129.jpg,J
2513.jpg,C
25130.jpg,del
25131.jpg,J
25132.jpg,O
25133.jpg,P
25134.jpg,M
25135.jpg,M
25136.jpg,M
25137.jpg,I
25138.jpg,P
25139.jpg,M
2514.jpg,J
25140.jpg,J
25141.jpg,M
25142.jpg,Q
25143.jpg,C
25144.jpg,U
25145.jpg,O
25146.jpg,C
25147.jpg,O
25148.jpg,A
25149.jpg,P
2515.jpg,N
25150.jpg,E
25151.jpg,W
25152.jpg,U
25153.jpg,N
25154.jpg,M
25155.jpg,M
25156.jpg,C
25157.jpg,M
25158.jpg,N
25159.jpg,B
2516.jpg,Q
25160.jpg,N
25161.jpg,G
25162.jpg,space
25163.jpg,Q
25164.jpg,N
25165.jpg,space
25166.jpg,C
25167.jpg,R
25168.jpg,S
25169.jpg,W
2517.jpg,Y
25170.jpg,Y
25171.jpg,U
25172.jpg,N
25173.jpg,N
25174.jpg,V
25175.jpg,N
25176.jpg,Z
25177.jpg,H
25178.jpg,B
25179.jpg,space
2518.jpg,E
25180.jpg,Y
25181.jpg,W
25182.jpg,B
25183.jpg,P
25184.jpg,G
25185.jpg,V
25186.jpg,N
25187.jpg,M
25188.jpg,space
25189.jpg,M
2519.jpg,Q
25190.jpg,M
25191.jpg,V
25192.jpg,X
25193.jpg,H
25194.jpg,E
25195.jpg,R
25196.jpg,Q
25197.jpg,Q
25198.jpg,Y
25199.jpg,A
252.jpg,B
2520.jpg,A
25200.jpg,Q
25201.jpg,Q
25202.jpg,X
25203.jpg,M
25204.jpg,P
25205.jpg,F
25206.jpg,K
25207.jpg,B
25208.jpg,X
25209.jpg,F
2521.jpg,P
25210.jpg,A
25211.jpg,J
25212.jpg,R
25213.jpg,P
25214.jpg,N
25215.jpg,U
25216.jpg,K
25217.jpg,K
25218.jpg,N
25219.jpg,E
2522.jpg,space
25220.jpg,U
25221.jpg,N
25222.jpg,T
25223.jpg,L
25224.jpg,L
25225.jpg,P
25226.jpg,C
25227.jpg,N
25228.jpg,S
25229.jpg,M
2523.jpg,K
25230.jpg,O
25231.jpg,P
25232.jpg,space
25233.jpg,U
25234.jpg,D
25235.jpg,space
25236.jpg,H
25237.jpg,X
25238.jpg,Q
25239.jpg,H
2524.jpg,V
25240.jpg,X
25241.jpg,D
25242.jpg,J
25243.jpg,H
25244.jpg,O
25245.jpg,Y
25246.jpg,G
25247.jpg,N
25248.jpg,X
25249.jpg,C
2525.jpg,J
25250.jpg,R
25251.jpg,N
25252.jpg,N
25253.jpg,G
25254.jpg,K
25255.jpg,N
25256.jpg,M
25257.jpg,W
25258.jpg,R
25259.jpg,P
2526.jpg,H
25260.jpg,Z
25261.jpg,F
25262.jpg,S
25263.jpg,D
25264.jpg,W
25265.jpg,N
25266.jpg,Y
25267.jpg,M
25268.jpg,M
25269.jpg,K
2527.jpg,Y
25270.jpg,E
25271.jpg,F
25272.jpg,K
25273.jpg,B
25274.jpg,M
25275.jpg,R
25276.jpg,N
25277.jpg,U
25278.jpg,I
25279.jpg,R
2528.jpg,I
25280.jpg,W
25281.jpg,U
25282.jpg,H
25283.jpg,W
25284.jpg,J
25285.jpg,O
25286.jpg,D
25287.jpg,U
25288.jpg,Y
25289.jpg,M
2529.jpg,del
25290.jpg,P
25291.jpg,O
25292.jpg,N
25293.jpg,B
25294.jpg,P
25295.jpg,H
25296.jpg,J
25297.jpg,M
25298.jpg,E
25299.jpg,J
253.jpg,S
2530.jpg,B
25300.jpg,R
25301.jpg,P
25302.jpg,Y
25303.jpg,U
25304.jpg,X
25305.jpg,M
25306.jpg,Q
25307.jpg,G
25308.jpg,M
25309.jpg,R
2531.jpg,K
25310.jpg,E
25311.jpg,space
25312.jpg,X
25313.jpg,M
25314.jpg,L
25315.jpg,O
25316.jpg,J
25317.jpg,E
25318.jpg,Q
25319.jpg,M
2532.jpg,R
25320.jpg,L
25321.jpg,N
25322.jpg,S
25323.jpg,S
25324.jpg,Y
25325.jpg,I
25326.jpg,W
25327.jpg,W
25328.jpg,X
25329.jpg,J
2533.jpg,H
25330.jpg,N
25331.jpg,Y
25332.jpg,C
25333.jpg,I
25334.jpg,Z
25335.jpg,N
25336.jpg,M
25337.jpg,O
25338.jpg,U
25339.jpg,B
2534.jpg,J
25340.jpg,I
25341.jpg,P
25342.jpg,V
25343.jpg,del
25344.jpg,O
25345.jpg,R
25346.jpg,L
25347.jpg,R
25348.jpg,H
25349.jpg,P
2535.jpg,M
25350.jpg,P
25351.jpg,M
25352.jpg,O
25353.jpg,space
25354.jpg,B
25355.jpg,M
25356.jpg,P
25357.jpg,M
25358.jpg,Y
25359.jpg,C
2536.jpg,Y
25360.jpg,M
25361.jpg,H
25362.jpg,L
25363.jpg,P
25364.jpg,L
25365.jpg,M
25366.jpg,V
25367.jpg,M
25368.jpg,U
25369.jpg,M
2537.jpg,Q
25370.jpg,M
25371.jpg,H
25372.jpg,V
25373.jpg,I
25374.jpg,V
25375.jpg,R
25376.jpg,J
25377.jpg,A
25378.jpg,J
25379.jpg,H
2538.jpg,U
25380.jpg,P
25381.jpg,J
25382.jpg,O
25383.jpg,M
25384.jpg,R
25385.jpg,T
25386.jpg,H
25387.jpg,J
25388.jpg,M
25389.jpg,O
2539.jpg,H
25390.jpg,del
25391.jpg,M
25392.jpg,H
25393.jpg,U
25394.jpg,H
25395.jpg,H
25396.jpg,N
25397.jpg,U
25398.jpg,B
25399.jpg,P
254.jpg,K
2540.jpg,U
25400.jpg,M
25401.jpg,O
25402.jpg,M
25403.jpg,M
25404.jpg,Q
25405.jpg,Q
25406.jpg,M
25407.jpg,M
25408.jpg,U
25409.jpg,del
2541.jpg,O
25410.jpg,C
25411.jpg,N
25412.jpg,space
25413.jpg,Q
25414.jpg,W
25415.jpg,Z
25416.jpg,Y
25417.jpg,M
25418.jpg,V
25419.jpg,R
2542.jpg,S
25420.jpg,T
25421.jpg,Y
25422.jpg,R
25423.jpg,H
25424.jpg,del
25425.jpg,U
25426.jpg,Q
25427.jpg,O
25428.jpg,O
25429.jpg,B
2543.jpg,Q
25430.jpg,H
25431.jpg,U
25432.jpg,R
25433.jpg,M
25434.jpg,M
25435.jpg,P
25436.jpg,M
25437.jpg,O
25438.jpg,N
25439.jpg,O
2544.jpg,U
25440.jpg,O
25441.jpg,L
25442.jpg,W
25443.jpg,N
25444.jpg,S
25445.jpg,X
25446.jpg,M
25447.jpg,M
25448.jpg,O
25449.jpg,W
2545.jpg,M
25450.jpg,O
25451.jpg,A
25452.jpg,M
25453.jpg,H
25454.jpg,M
25455.jpg,Y
25456.jpg,V
25457.jpg,N
25458.jpg,Q
25459.jpg,W
2546.jpg,J
25460.jpg,E
25461.jpg,K
25462.jpg,U
25463.jpg,X
25464.jpg,N
25465.jpg,B
25466.jpg,C
25467.jpg,R
25468.jpg,Z
25469.jpg,L
2547.jpg,M
25470.jpg,Q
25471.jpg,I
25472.jpg,H
25473.jpg,I
25474.jpg,L
25475.jpg,M
25476.jpg,M
25477.jpg,P
25478.jpg,X
25479.jpg,J
2548.jpg,L
25480.jpg,L
25481.jpg,N
25482.jpg,N
25483.jpg,M
25484.jpg,I
25485.jpg,W
25486.jpg,J
25487.jpg,P
25488.jpg,R
25489.jpg,B
2549.jpg,Q
25490.jpg,K
25491.jpg,J
25492.jpg,M
25493.jpg,M
25494.jpg,W
25495.jpg,S
25496.jpg,P
25497.jpg,N
25498.jpg,P
25499.jpg,V
255.jpg,M
2550.jpg,M
25500.jpg,H
25501.jpg,Q
25502.jpg,M
25503.jpg,J
25504.jpg,X
25505.jpg,W
25506.jpg,M
25507.jpg,M
25508.jpg,I
25509.jpg,B
2551.jpg,P
25510.jpg,B
25511.jpg,S
25512.jpg,N
25513.jpg,X
25514.jpg,N
25515.jpg,M
25516.jpg,Q
25517.jpg,K
25518.jpg,L
25519.jpg,I
2552.jpg,R
25520.jpg,R
25521.jpg,B
25522.jpg,H
25523.jpg,V
25524.jpg,J
25525.jpg,Y
25526.jpg,N
25527.jpg,M
25528.jpg,Q
25529.jpg,R
2553.jpg,W
25530.jpg,W
25531.jpg,Q
25532.jpg,W
25533.jpg,X
25534.jpg,M
25535.jpg,P
25536.jpg,R
25537.jpg,V
25538.jpg,N
25539.jpg,X
2554.jpg,I
25540.jpg,N
25541.jpg,P
25542.jpg,M
25543.jpg,O
25544.jpg,J
25545.jpg,M
25546.jpg,I
25547.jpg,M
25548.jpg,M
25549.jpg,L
2555.jpg,P
25550.jpg,M
25551.jpg,H
25552.jpg,O
25553.jpg,Q
25554.jpg,R
25555.jpg,P
25556.jpg,J
25557.jpg,O
25558.jpg,O
25559.jpg,N
2556.jpg,S
25560.jpg,U
25561.jpg,M
25562.jpg,H
25563.jpg,R
25564.jpg,J
25565.jpg,R
25566.jpg,Y
25567.jpg,H
25568.jpg,N
25569.jpg,Q
2557.jpg,R
25570.jpg,M
25571.jpg,N
25572.jpg,K
25573.jpg,C
25574.jpg,N
25575.jpg,Q
25576.jpg,R
25577.jpg,N
25578.jpg,M
25579.jpg,M
2558.jpg,Q
25580.jpg,B
25581.jpg,H
25582.jpg,N
25583.jpg,V
25584.jpg,P
25585.jpg,P
25586.jpg,O
25587.jpg,C
25588.jpg,T
25589.jpg,V
2559.jpg,C
25590.jpg,E
25591.jpg,X
25592.jpg,J
25593.jpg,P
25594.jpg,X
25595.jpg,U
25596.jpg,W
25597.jpg,S
25598.jpg,O
25599.jpg,P
256.jpg,B
2560.jpg,M
25600.jpg,P
25601.jpg,H
25602.jpg,Q
25603.jpg,L
25604.jpg,H
25605.jpg,N
25606.jpg,X
25607.jpg,M
25608.jpg,G
25609.jpg,Y
2561.jpg,N
25610.jpg,Q
25611.jpg,X
25612.jpg,Q
25613.jpg,N
25614.jpg,V
25615.jpg,Y
25616.jpg,Q
25617.jpg,A
25618.jpg,J
25619.jpg,J
2562.jpg,S
25620.jpg,B
25621.jpg,del
25622.jpg,N
25623.jpg,O
25624.jpg,Q
25625.jpg,W
25626.jpg,S
25627.jpg,I
25628.jpg,R
25629.jpg,M
2563.jpg,R
25630.jpg,U
25631.jpg,G
25632.jpg,N
25633.jpg,B
25634.jpg,X
25635.jpg,U
25636.jpg,C
25637.jpg,M
25638.jpg,K
25639.jpg,P
2564.jpg,M
25640.jpg,M
25641.jpg,M
25642.jpg,U
25643.jpg,M
25644.jpg,B
25645.jpg,O
25646.jpg,I
25647.jpg,V
25648.jpg,O
25649.jpg,A
2565.jpg,R
25650.jpg,O
25651.jpg,C
25652.jpg,N
25653.jpg,U
25654.jpg,M
25655.jpg,M
25656.jpg,R
25657.jpg,Y
25658.jpg,P
25659.jpg,M
2566.jpg,I
25660.jpg,S
25661.jpg,N
25662.jpg,W
25663.jpg,Y
25664.jpg,O
25665.jpg,Y
25666.jpg,O
25667.jpg,U
25668.jpg,X
25669.jpg,B
2567.jpg,B
25670.jpg,del
25671.jpg,Z
25672.jpg,M
25673.jpg,M
25674.jpg,N
25675.jpg,V
25676.jpg,E
25677.jpg,N
25678.jpg,B
25679.jpg,J
2568.jpg,H
25680.jpg,C
25681.jpg,L
25682.jpg,K
25683.jpg,M
25684.jpg,R
25685.jpg,del
25686.jpg,O
25687.jpg,L
25688.jpg,N
25689.jpg,N
2569.jpg,K
25690.jpg,N
25691.jpg,Y
25692.jpg,X
25693.jpg,A
25694.jpg,K
25695.jpg,Y
25696.jpg,space
25697.jpg,S
25698.jpg,U
25699.jpg,H
257.jpg,space
2570.jpg,Y
25700.jpg,J
25701.jpg,B
25702.jpg,W
25703.jpg,R
25704.jpg,X
25705.jpg,R
25706.jpg,M
25707.jpg,Q
25708.jpg,O
25709.jpg,R
2571.jpg,E
25710.jpg,O
25711.jpg,N
25712.jpg,del
25713.jpg,W
25714.jpg,L
25715.jpg,C
25716.jpg,V
25717.jpg,Q
25718.jpg,M
25719.jpg,S
2572.jpg,P
25720.jpg,I
25721.jpg,M
25722.jpg,L
25723.jpg,E
25724.jpg,L
25725.jpg,B
25726.jpg,B
25727.jpg,X
25728.jpg,S
25729.jpg,H
2573.jpg,U
25730.jpg,J
25731.jpg,N
25732.jpg,M
25733.jpg,V
25734.jpg,U
25735.jpg,N
25736.jpg,H
25737.jpg,W
25738.jpg,R
25739.jpg,T
2574.jpg,H
25740.jpg,Q
25741.jpg,K
25742.jpg,space
25743.jpg,C
25744.jpg,E
25745.jpg,P
25746.jpg,P
25747.jpg,B
25748.jpg,L
25749.jpg,A
2575.jpg,U
25750.jpg,M
25751.jpg,W
25752.jpg,Y
25753.jpg,W
25754.jpg,J
25755.jpg,P
25756.jpg,Q
25757.jpg,J
25758.jpg,M
25759.jpg,M
2576.jpg,J
25760.jpg,Q
25761.jpg,S
25762.jpg,N
25763.jpg,O
25764.jpg,R
25765.jpg,R
25766.jpg,Q
25767.jpg,A
25768.jpg,R
25769.jpg,M
2577.jpg,H
25770.jpg,space
25771.jpg,R
25772.jpg,V
25773.jpg,N
25774.jpg,R
25775.jpg,U
25776.jpg,O
25777.jpg,X
25778.jpg,O
25779.jpg,H
2578.jpg,S
25780.jpg,N
25781.jpg,P
25782.jpg,R
25783.jpg,J
25784.jpg,M
25785.jpg,Q
25786.jpg,O
25787.jpg,M
25788.jpg,C
25789.jpg,Y
2579.jpg,F
25790.jpg,U
25791.jpg,M
25792.jpg,P
25793.jpg,V
25794.jpg,W
25795.jpg,M
25796.jpg,N
25797.jpg,R
25798.jpg,P
25799.jpg,Y
258.jpg,H
2580.jpg,M
25800.jpg,M
25801.jpg,V
25802.jpg,S
25803.jpg,U
25804.jpg,B
25805.jpg,M
25806.jpg,X
25807.jpg,P
25808.jpg,W
25809.jpg,T
2581.jpg,N
25810.jpg,W
25811.jpg,N
25812.jpg,A
25813.jpg,B
25814.jpg,C
25815.jpg,N
25816.jpg,M
25817.jpg,S
25818.jpg,X
25819.jpg,Y
2582.jpg,N
25820.jpg,P
25821.jpg,M
25822.jpg,P
25823.jpg,W
25824.jpg,I
25825.jpg,V
25826.jpg,K
25827.jpg,Q
25828.jpg,U
25829.jpg,Y
2583.jpg,B
25830.jpg,A
25831.jpg,Z
25832.jpg,Q
25833.jpg,R
25834.jpg,M
25835.jpg,M
25836.jpg,P
25837.jpg,L
25838.jpg,K
25839.jpg,M
2584.jpg,E
25840.jpg,B
25841.jpg,V
25842.jpg,L
25843.jpg,P
25844.jpg,I
25845.jpg,L
25846.jpg,K
25847.jpg,H
25848.jpg,M
25849.jpg,Y
2585.jpg,V
25850.jpg,B
25851.jpg,E
25852.jpg,O
25853.jpg,C
25854.jpg,R
25855.jpg,N
25856.jpg,R
25857.jpg,V
25858.jpg,N
25859.jpg,V
2586.jpg,N
25860.jpg,B
25861.jpg,B
25862.jpg,M
25863.jpg,U
25864.jpg,A
25865.jpg,B
25866.jpg,O
25867.jpg,B
25868.jpg,W
25869.jpg,J
2587.jpg,O
25870.jpg,R
25871.jpg,E
25872.jpg,Y
25873.jpg,M
25874.jpg,J
25875.jpg,L
25876.jpg,W
25877.jpg,I
25878.jpg,R
25879.jpg,B
2588.jpg,I
25880.jpg,Q
25881.jpg,del
25882.jpg,B
25883.jpg,O
25884.jpg,X
25885.jpg,N
25886.jpg,B
25887.jpg,S
25888.jpg,B
25889.jpg,U
2589.jpg,H
25890.jpg,S
25891.jpg,V
25892.jpg,C
25893.jpg,Y
25894.jpg,H
25895.jpg,I
25896.jpg,A
25897.jpg,E
25898.jpg,X
25899.jpg,U
259.jpg,K
2590.jpg,M
25900.jpg,I
25901.jpg,P
25902.jpg,O
25903.jpg,Q
25904.jpg,I
25905.jpg,L
25906.jpg,L
25907.jpg,S
25908.jpg,N
25909.jpg,B
2591.jpg,J
25910.jpg,P
25911.jpg,I
25912.jpg,Y
25913.jpg,X
25914.jpg,Q
25915.jpg,N
25916.jpg,X
25917.jpg,W
25918.jpg,M
25919.jpg,U
2592.jpg,P
25920.jpg,X
25921.jpg,O
25922.jpg,A
25923.jpg,P
25924.jpg,R
25925.jpg,R
25926.jpg,O
25927.jpg,U
25928.jpg,I
25929.jpg,Y
2593.jpg,M
25930.jpg,O
25931.jpg,X
25932.jpg,Q
25933.jpg,S
25934.jpg,U
25935.jpg,del
25936.jpg,E
25937.jpg,T
25938.jpg,Y
25939.jpg,B
2594.jpg,M
25940.jpg,O
25941.jpg,I
25942.jpg,P
25943.jpg,H
25944.jpg,C
25945.jpg,U
25946.jpg,Q
25947.jpg,S
25948.jpg,C
25949.jpg,G
2595.jpg,C
25950.jpg,M
25951.jpg,J
25952.jpg,W
25953.jpg,R
25954.jpg,M
25955.jpg,W
25956.jpg,M
25957.jpg,W
25958.jpg,M
25959.jpg,F
2596.jpg,M
25960.jpg,I
25961.jpg,N
25962.jpg,W
25963.jpg,M
25964.jpg,M
25965.jpg,N
25966.jpg,M
25967.jpg,L
25968.jpg,F
25969.jpg,W
2597.jpg,Q
25970.jpg,Y
25971.jpg,R
25972.jpg,U
25973.jpg,X
25974.jpg,J
25975.jpg,J
25976.jpg,U
25977.jpg,M
25978.jpg,B
25979.jpg,L
2598.jpg,U
25980.jpg,P
25981.jpg,O
25982.jpg,M
25983.jpg,B
25984.jpg,K
25985.jpg,R
25986.jpg,P
25987.jpg,M
25988.jpg,Z
25989.jpg,J
2599.jpg,K
25990.jpg,V
25991.jpg,K
25992.jpg,Y
25993.jpg,Y
25994.jpg,M
25995.jpg,M
25996.jpg,B
25997.jpg,O
25998.jpg,U
25999.jpg,V
26.jpg,V
260.jpg,D
2600.jpg,Q
26000.jpg,M
2601.jpg,Y
2602.jpg,M
2603.jpg,Q
2604.jpg,B
2605.jpg,B
2606.jpg,J
2607.jpg,I
2608.jpg,R
2609.jpg,Q
261.jpg,R
2610.jpg,O
2611.jpg,U
2612.jpg,O
2613.jpg,X
2614.jpg,I
2615.jpg,H
2616.jpg,O
2617.jpg,O
2618.jpg,U
2619.jpg,R
262.jpg,U
2620.jpg,Y
2621.jpg,N
2622.jpg,del
2623.jpg,W
2624.jpg,B
2625.jpg,P
2626.jpg,O
2627.jpg,O
2628.jpg,X
2629.jpg,P
263.jpg,R
2630.jpg,B
2631.jpg,P
2632.jpg,M
2633.jpg,M
2634.jpg,R
2635.jpg,E
2636.jpg,space
2637.jpg,J
2638.jpg,Y
2639.jpg,W
264.jpg,Z
2640.jpg,M
2641.jpg,R
2642.jpg,E
2643.jpg,D
2644.jpg,Q
2645.jpg,Y
2646.jpg,M
2647.jpg,X
2648.jpg,P
2649.jpg,R
265.jpg,U
2650.jpg,S
2651.jpg,G
2652.jpg,M
2653.jpg,M
2654.jpg,S
2655.jpg,M
2656.jpg,J
2657.jpg,K
2658.jpg,A
2659.jpg,Y
266.jpg,Y
2660.jpg,U
2661.jpg,L
2662.jpg,R
2663.jpg,M
2664.jpg,X
2665.jpg,X
2666.jpg,M
2667.jpg,Q
2668.jpg,M
2669.jpg,Q
267.jpg,P
2670.jpg,M
2671.jpg,O
2672.jpg,Q
2673.jpg,del
2674.jpg,V
2675.jpg,A
2676.jpg,V
2677.jpg,I
2678.jpg,N
2679.jpg,N
268.jpg,Y
2680.jpg,N
2681.jpg,N
2682.jpg,X
2683.jpg,I
2684.jpg,B
2685.jpg,Y
2686.jpg,A
2687.jpg,B
2688.jpg,S
2689.jpg,W
269.jpg,M
2690.jpg,X
2691.jpg,N
2692.jpg,J
2693.jpg,E
2694.jpg,Q
2695.jpg,A
2696.jpg,W
2697.jpg,M
2698.jpg,O
2699.jpg,P
27.jpg,C
270.jpg,M
2700.jpg,del
2701.jpg,G
2702.jpg,P
2703.jpg,M
2704.jpg,S
2705.jpg,Q
2706.jpg,M
2707.jpg,nothing
2708.jpg,X
2709.jpg,P
271.jpg,N
2710.jpg,R
2711.jpg,K
2712.jpg,Z
2713.jpg,Z
2714.jpg,N
2715.jpg,B
2716.jpg,Y
2717.jpg,H
2718.jpg,K
2719.jpg,V
272.jpg,P
2720.jpg,U
2721.jpg,J
2722.jpg,W
2723.jpg,U
2724.jpg,N
2725.jpg,J
2726.jpg,M
2727.jpg,R
2728.jpg,U
2729.jpg,H
273.jpg,K
2730.jpg,P
2731.jpg,S
2732.jpg,C
2733.jpg,R
2734.jpg,Q
2735.jpg,Z
2736.jpg,R
2737.jpg,M
2738.jpg,E
2739.jpg,A
274.jpg,M
2740.jpg,R
2741.jpg,V
2742.jpg,U
2743.jpg,I
2744.jpg,U
2745.jpg,C
2746.jpg,K
2747.jpg,J
2748.jpg,M
2749.jpg,R
275.jpg,L
2750.jpg,X
2751.jpg,U
2752.jpg,S
2753.jpg,Y
2754.jpg,J
2755.jpg,V
2756.jpg,R
2757.jpg,Y
2758.jpg,S
2759.jpg,U
276.jpg,W
2760.jpg,A
2761.jpg,U
2762.jpg,S
2763.jpg,E
2764.jpg,Q
2765.jpg,S
2766.jpg,Q
2767.jpg,H
2768.jpg,X
2769.jpg,J
277.jpg,J
2770.jpg,B
2771.jpg,M
2772.jpg,M
2773.jpg,J
2774.jpg,N
2775.jpg,I
2776.jpg,J
2777.jpg,S
2778.jpg,V
2779.jpg,M
278.jpg,U
2780.jpg,N
2781.jpg,N
2782.jpg,M
2783.jpg,V
2784.jpg,T
2785.jpg,M
2786.jpg,R
2787.jpg,J
2788.jpg,J
2789.jpg,S
279.jpg,W
2790.jpg,L
2791.jpg,X
2792.jpg,H
2793.jpg,N
2794.jpg,C
2795.jpg,Q
2796.jpg,J
2797.jpg,G
2798.jpg,I
2799.jpg,M
28.jpg,M
280.jpg,T
2800.jpg,P
2801.jpg,L
2802.jpg,M
2803.jpg,V
2804.jpg,M
2805.jpg,B
2806.jpg,M
2807.jpg,T
2808.jpg,K
2809.jpg,Y
281.jpg,Y
2810.jpg,R
2811.jpg,P
2812.jpg,J
2813.jpg,S
2814.jpg,L
2815.jpg,P
2816.jpg,H
2817.jpg,N
2818.jpg,N
2819.jpg,M
282.jpg,Y
2820.jpg,Y
2821.jpg,O
2822.jpg,H
2823.jpg,C
2824.jpg,N
2825.jpg,B
2826.jpg,U
2827.jpg,O
2828.jpg,X
2829.jpg,I
283.jpg,P
2830.jpg,Q
2831.jpg,R
2832.jpg,P
2833.jpg,L
2834.jpg,X
2835.jpg,P
2836.jpg,E
2837.jpg,A
2838.jpg,P
2839.jpg,X
284.jpg,C
2840.jpg,E
2841.jpg,P
2842.jpg,N
2843.jpg,V
2844.jpg,B
2845.jpg,P
2846.jpg,N
2847.jpg,M
2848.jpg,H
2849.jpg,R
285.jpg,W
2850.jpg,O
2851.jpg,C
2852.jpg,M
2853.jpg,M
2854.jpg,J
2855.jpg,K
2856.jpg,S
2857.jpg,H
2858.jpg,K
2859.jpg,W
286.jpg,B
2860.jpg,L
2861.jpg,K
2862.jpg,L
2863.jpg,F
2864.jpg,O
2865.jpg,F
2866.jpg,U
2867.jpg,B
2868.jpg,U
2869.jpg,J
287.jpg,K
2870.jpg,W
2871.jpg,J
2872.jpg,R
2873.jpg,P
2874.jpg,Y
2875.jpg,M
2876.jpg,H
2877.jpg,N
2878.jpg,M
2879.jpg,M
288.jpg,B
2880.jpg,I
2881.jpg,N
2882.jpg,W
2883.jpg,O
2884.jpg,J
2885.jpg,N
2886.jpg,M
2887.jpg,F
2888.jpg,M
2889.jpg,V
289.jpg,del
2890.jpg,M
2891.jpg,del
2892.jpg,O
2893.jpg,J
2894.jpg,Q
2895.jpg,M
2896.jpg,M
2897.jpg,J
2898.jpg,V
2899.jpg,E
29.jpg,M
290.jpg,B
2900.jpg,P
2901.jpg,W
2902.jpg,O
2903.jpg,P
2904.jpg,T
2905.jpg,U
2906.jpg,H
2907.jpg,U
2908.jpg,O
2909.jpg,W
291.jpg,U
2910.jpg,R
2911.jpg,Y
2912.jpg,P
2913.jpg,X
2914.jpg,V
2915.jpg,K
2916.jpg,H
2917.jpg,B
2918.jpg,H
2919.jpg,Z
292.jpg,H
2920.jpg,O
2921.jpg,del
2922.jpg,B
2923.jpg,M
2924.jpg,J
2925.jpg,H
2926.jpg,L
2927.jpg,B
2928.jpg,B
2929.jpg,R
293.jpg,M
2930.jpg,V
2931.jpg,H
2932.jpg,U
2933.jpg,Q
2934.jpg,L
2935.jpg,M
2936.jpg,M
2937.jpg,U
2938.jpg,R
2939.jpg,H
294.jpg,W
2940.jpg,O
2941.jpg,U
2942.jpg,U
2943.jpg,U
2944.jpg,T
2945.jpg,space
2946.jpg,V
2947.jpg,S
2948.jpg,O
2949.jpg,M
295.jpg,X
2950.jpg,U
2951.jpg,I
2952.jpg,S
2953.jpg,Z
2954.jpg,J
2955.jpg,D
2956.jpg,B
2957.jpg,U
2958.jpg,Z
2959.jpg,W
296.jpg,R
2960.jpg,P
2961.jpg,C
2962.jpg,N
2963.jpg,Y
2964.jpg,N
2965.jpg,R
2966.jpg,W
2967.jpg,C
2968.jpg,O
2969.jpg,P
297.jpg,O
2970.jpg,M
2971.jpg,Y
2972.jpg,E
2973.jpg,R
2974.jpg,J
2975.jpg,K
2976.jpg,N
2977.jpg,W
2978.jpg,U
2979.jpg,N
298.jpg,H
2980.jpg,E
2981.jpg,C
2982.jpg,N
2983.jpg,L
2984.jpg,M
2985.jpg,M
2986.jpg,O
2987.jpg,P
2988.jpg,J
2989.jpg,M
299.jpg,P
2990.jpg,L
2991.jpg,V
2992.jpg,P
2993.jpg,P
2994.jpg,Y
2995.jpg,P
2996.jpg,J
2997.jpg,P
2998.jpg,G
2999.jpg,W
3.jpg,G
30.jpg,M
300.jpg,S
3000.jpg,B
3001.jpg,Y
3002.jpg,B
3003.jpg,U
3004.jpg,N
3005.jpg,R
3006.jpg,X
3007.jpg,N
3008.jpg,I
3009.jpg,O
301.jpg,K
3010.jpg,N
3011.jpg,W
3012.jpg,N
3013.jpg,Y
3014.jpg,P
3015.jpg,del
3016.jpg,Z
3017.jpg,C
3018.jpg,Y
3019.jpg,U
302.jpg,J
3020.jpg,B
3021.jpg,W
3022.jpg,O
3023.jpg,M
3024.jpg,R
3025.jpg,H
3026.jpg,J
3027.jpg,M
3028.jpg,F
3029.jpg,R
303.jpg,Q
3030.jpg,B
3031.jpg,N
3032.jpg,P
3033.jpg,Q
3034.jpg,B
3035.jpg,L
3036.jpg,A
3037.jpg,J
3038.jpg,X
3039.jpg,K
304.jpg,Y
3040.jpg,W
3041.jpg,M
3042.jpg,M
3043.jpg,P
3044.jpg,P
3045.jpg,J
3046.jpg,Y
3047.jpg,N
3048.jpg,P
3049.jpg,J
305.jpg,V
3050.jpg,P
3051.jpg,O
3052.jpg,P
3053.jpg,W
3054.jpg,M
3055.jpg,M
3056.jpg,S
3057.jpg,X
3058.jpg,P
3059.jpg,H
306.jpg,X
3060.jpg,H
3061.jpg,O
3062.jpg,J
3063.jpg,H
3064.jpg,P
3065.jpg,V
3066.jpg,M
3067.jpg,J
3068.jpg,Q
3069.jpg,P
307.jpg,U
3070.jpg,N
3071.jpg,O
3072.jpg,C
3073.jpg,space
3074.jpg,Q
3075.jpg,I
3076.jpg,N
3077.jpg,N
3078.jpg,N
3079.jpg,B
308.jpg,J
3080.jpg,M
3081.jpg,M
3082.jpg,R
3083.jpg,O
3084.jpg,C
3085.jpg,J
3086.jpg,S
3087.jpg,M
3088.jpg,E
3089.jpg,O
309.jpg,W
3090.jpg,M
3091.jpg,R
3092.jpg,U
3093.jpg,Y
3094.jpg,B
3095.jpg,O
3096.jpg,N
3097.jpg,I
3098.jpg,R
3099.jpg,O
31.jpg,D
310.jpg,B
3100.jpg,C
3101.jpg,I
3102.jpg,Y
3103.jpg,Q
3104.jpg,U
3105.jpg,O
3106.jpg,N
3107.jpg,U
3108.jpg,P
3109.jpg,W
311.jpg,J
3110.jpg,Y
3111.jpg,J
3112.jpg,R
3113.jpg,space
3114.jpg,I
3115.jpg,F
3116.jpg,J
3117.jpg,J
3118.jpg,Y
3119.jpg,B
312.jpg,B
3120.jpg,E
3121.jpg,J
3122.jpg,J
3123.jpg,M
3124.jpg,P
3125.jpg,A
3126.jpg,I
3127.jpg,J
3128.jpg,W
3129.jpg,D
313.jpg,R
3130.jpg,H
3131.jpg,N
3132.jpg,Y
3133.jpg,X
3134.jpg,J
3135.jpg,S
3136.jpg,V
3137.jpg,Y
3138.jpg,O
3139.jpg,N
314.jpg,S
3140.jpg,N
3141.jpg,S
3142.jpg,H
3143.jpg,M
3144.jpg,N
3145.jpg,X
3146.jpg,Q
3147.jpg,Y
3148.jpg,N
3149.jpg,B
315.jpg,M
3150.jpg,X
3151.jpg,J
3152.jpg,H
3153.jpg,O
3154.jpg,M
3155.jpg,N
3156.jpg,Y
3157.jpg,P
3158.jpg,M
3159.jpg,N
316.jpg,P
3160.jpg,T
3161.jpg,E
3162.jpg,I
3163.jpg,B
3164.jpg,N
3165.jpg,O
3166.jpg,J
3167.jpg,space
3168.jpg,U
3169.jpg,U
317.jpg,P
3170.jpg,del
3171.jpg,L
3172.jpg,W
3173.jpg,R
3174.jpg,J
3175.jpg,E
3176.jpg,G
3177.jpg,X
3178.jpg,L
3179.jpg,S
318.jpg,N
3180.jpg,Q
3181.jpg,M
3182.jpg,P
3183.jpg,R
3184.jpg,Q
3185.jpg,J
3186.jpg,R
3187.jpg,R
3188.jpg,L
3189.jpg,I
319.jpg,O
3190.jpg,K
3191.jpg,O
3192.jpg,A
3193.jpg,N
3194.jpg,K
3195.jpg,U
3196.jpg,Q
3197.jpg,P
3198.jpg,U
3199.jpg,M
32.jpg,B
320.jpg,L
3200.jpg,B
3201.jpg,M
3202.jpg,N
3203.jpg,N
3204.jpg,Q
3205.jpg,O
3206.jpg,O
3207.jpg,N
3208.jpg,P
3209.jpg,N
321.jpg,space
3210.jpg,U
3211.jpg,S
3212.jpg,N
3213.jpg,Y
3214.jpg,Y
3215.jpg,E
3216.jpg,M
3217.jpg,F
3218.jpg,O
3219.jpg,X
322.jpg,Z
3220.jpg,U
3221.jpg,O
3222.jpg,M
3223.jpg,J
3224.jpg,Y
3225.jpg,U
3226.jpg,W
3227.jpg,N
3228.jpg,M
3229.jpg,R
323.jpg,V
3230.jpg,C
3231.jpg,M
3232.jpg,R
3233.jpg,L
3234.jpg,J
3235.jpg,R
3236.jpg,B
3237.jpg,S
3238.jpg,R
3239.jpg,B
324.jpg,P
3240.jpg,N
3241.jpg,O
3242.jpg,S
3243.jpg,M
3244.jpg,B
3245.jpg,W
3246.jpg,N
3247.jpg,F
3248.jpg,X
3249.jpg,Y
325.jpg,M
3250.jpg,M
3251.jpg,M
3252.jpg,R
3253.jpg,W
3254.jpg,X
3255.jpg,M
3256.jpg,B
3257.jpg,K
3258.jpg,M
3259.jpg,Q
326.jpg,M
3260.jpg,W
3261.jpg,N
3262.jpg,V
3263.jpg,M
3264.jpg,P
3265.jpg,U
3266.jpg,L
3267.jpg,M
3268.jpg,L
3269.jpg,N
327.jpg,P
3270.jpg,M
3271.jpg,Q
3272.jpg,N
3273.jpg,space
3274.jpg,X
3275.jpg,P
3276.jpg,V
3277.jpg,L
3278.jpg,R
3279.jpg,B
328.jpg,N
3280.jpg,Q
3281.jpg,B
3282.jpg,B
3283.jpg,J
3284.jpg,N
3285.jpg,Y
3286.jpg,K
3287.jpg,Z
3288.jpg,J
3289.jpg,U
329.jpg,Y
3290.jpg,M
3291.jpg,O
3292.jpg,C
3293.jpg,H
3294.jpg,P
3295.jpg,P
3296.jpg,J
3297.jpg,S
3298.jpg,J
3299.jpg,H
33.jpg,O
330.jpg,G
3300.jpg,N
3301.jpg,J
3302.jpg,K
3303.jpg,Q
3304.jpg,F
3305.jpg,H
3306.jpg,P
3307.jpg,O
3308.jpg,H
3309.jpg,M
331.jpg,R
3310.jpg,R
3311.jpg,Y
3312.jpg,N
3313.jpg,B
3314.jpg,V
3315.jpg,L
3316.jpg,S
3317.jpg,L
3318.jpg,J
3319.jpg,R
332.jpg,C
3320.jpg,M
3321.jpg,Y
3322.jpg,N
3323.jpg,L
3324.jpg,O
3325.jpg,B
3326.jpg,N
3327.jpg,R
3328.jpg,Q
3329.jpg,Y
333.jpg,J
3330.jpg,H
3331.jpg,O
3332.jpg,N
3333.jpg,R
3334.jpg,Q
3335.jpg,P
3336.jpg,X
3337.jpg,F
3338.jpg,X
3339.jpg,Y
334.jpg,V
3340.jpg,U
3341.jpg,R
3342.jpg,E
3343.jpg,B
3344.jpg,M
3345.jpg,Z
3346.jpg,M
3347.jpg,O
3348.jpg,S
3349.jpg,V
335.jpg,F
3350.jpg,N
3351.jpg,O
3352.jpg,K
3353.jpg,M
3354.jpg,L
3355.jpg,U
3356.jpg,K
3357.jpg,M
3358.jpg,X
3359.jpg,H
336.jpg,J
3360.jpg,X
3361.jpg,K
3362.jpg,M
3363.jpg,X
3364.jpg,B
3365.jpg,R
3366.jpg,M
3367.jpg,Q
3368.jpg,T
3369.jpg,Q
337.jpg,B
3370.jpg,R
3371.jpg,U
3372.jpg,B
3373.jpg,N
3374.jpg,B
3375.jpg,C
3376.jpg,M
3377.jpg,W
3378.jpg,X
3379.jpg,J
338.jpg,W
3380.jpg,space
3381.jpg,V
3382.jpg,R
3383.jpg,N
3384.jpg,W
3385.jpg,E
3386.jpg,M
3387.jpg,Q
3388.jpg,M
3389.jpg,A
339.jpg,Y
3390.jpg,S
3391.jpg,M
3392.jpg,M
3393.jpg,del
3394.jpg,M
3395.jpg,R
3396.jpg,del
3397.jpg,W
3398.jpg,K
3399.jpg,J
34.jpg,Y
340.jpg,J
3400.jpg,T
3401.jpg,R
3402.jpg,P
3403.jpg,W
3404.jpg,X
3405.jpg,M
3406.jpg,O
3407.jpg,C
3408.jpg,V
3409.jpg,W
341.jpg,N
3410.jpg,R
3411.jpg,K
3412.jpg,X
3413.jpg,H
3414.jpg,V
3415.jpg,M
3416.jpg,W
3417.jpg,U
3418.jpg,M
3419.jpg,X
342.jpg,B
3420.jpg,N
3421.jpg,M
3422.jpg,H
3423.jpg,B
3424.jpg,X
3425.jpg,Y
3426.jpg,S
3427.jpg,H
3428.jpg,M
3429.jpg,O
343.jpg,Y
3430.jpg,B
3431.jpg,U
3432.jpg,W
3433.jpg,V
3434.jpg,K
3435.jpg,M
3436.jpg,M
3437.jpg,M
3438.jpg,E
3439.jpg,E
344.jpg,R
3440.jpg,X
3441.jpg,B
3442.jpg,C
3443.jpg,N
3444.jpg,S
3445.jpg,F
3446.jpg,M
3447.jpg,A
3448.jpg,M
3449.jpg,C
345.jpg,J
3450.jpg,C
3451.jpg,U
3452.jpg,Q
3453.jpg,K
3454.jpg,Q
3455.jpg,O
3456.jpg,B
3457.jpg,S
3458.jpg,B
3459.jpg,U
346.jpg,H
3460.jpg,Q
3461.jpg,R
3462.jpg,K
3463.jpg,M
3464.jpg,X
3465.jpg,K
3466.jpg,M
3467.jpg,C
3468.jpg,U
3469.jpg,M
347.jpg,B
3470.jpg,Y
3471.jpg,V
3472.jpg,J
3473.jpg,U
3474.jpg,X
3475.jpg,N
3476.jpg,E
3477.jpg,M
3478.jpg,O
3479.jpg,J
348.jpg,X
3480.jpg,P
3481.jpg,P
3482.jpg,Z
3483.jpg,N
3484.jpg,R
3485.jpg,N
3486.jpg,O
3487.jpg,R
3488.jpg,P
3489.jpg,S
349.jpg,M
3490.jpg,M
3491.jpg,J
3492.jpg,M
3493.jpg,R
3494.jpg,space
3495.jpg,L
3496.jpg,H
3497.jpg,Y
3498.jpg,Y
3499.jpg,Q
35.jpg,S
350.jpg,S
3500.jpg,U
3501.jpg,M
3502.jpg,Q
3503.jpg,space
3504.jpg,A
3505.jpg,N
3506.jpg,Q
3507.jpg,J
3508.jpg,R
3509.jpg,U
351.jpg,D
3510.jpg,Z
3511.jpg,E
3512.jpg,P
3513.jpg,F
3514.jpg,G
3515.jpg,R
3516.jpg,P
3517.jpg,M
3518.jpg,E
3519.jpg,O
352.jpg,Q
3520.jpg,O
3521.jpg,J
3522.jpg,N
3523.jpg,M
3524.jpg,V
3525.jpg,del
3526.jpg,M
3527.jpg,X
3528.jpg,M
3529.jpg,V
353.jpg,K
3530.jpg,B
3531.jpg,H
3532.jpg,Y
3533.jpg,L
3534.jpg,G
3535.jpg,P
3536.jpg,H
3537.jpg,S
3538.jpg,J
3539.jpg,J
354.jpg,W
3540.jpg,M
3541.jpg,N
3542.jpg,H
3543.jpg,Q
3544.jpg,O
3545.jpg,L
3546.jpg,M
3547.jpg,N
3548.jpg,X
3549.jpg,Y
355.jpg,U
3550.jpg,P
3551.jpg,M
3552.jpg,H
3553.jpg,A
3554.jpg,U
3555.jpg,M
3556.jpg,L
3557.jpg,M
3558.jpg,P
3559.jpg,N
356.jpg,J
3560.jpg,M
3561.jpg,D
3562.jpg,del
3563.jpg,M
3564.jpg,H
3565.jpg,M
3566.jpg,T
3567.jpg,X
3568.jpg,M
3569.jpg,Z
357.jpg,M
3570.jpg,Y
3571.jpg,O
3572.jpg,Q
3573.jpg,S
3574.jpg,M
3575.jpg,C
3576.jpg,A
3577.jpg,L
3578.jpg,Y
3579.jpg,U
358.jpg,Z
3580.jpg,B
3581.jpg,V
3582.jpg,H
3583.jpg,O
3584.jpg,H
3585.jpg,D
3586.jpg,R
3587.jpg,H
3588.jpg,H
3589.jpg,L
359.jpg,E
3590.jpg,K
3591.jpg,R
3592.jpg,H
3593.jpg,L
3594.jpg,S
3595.jpg,R
3596.jpg,M
3597.jpg,N
3598.jpg,M
3599.jpg,P
36.jpg,A
360.jpg,M
3600.jpg,P
3601.jpg,O
3602.jpg,K
3603.jpg,X
3604.jpg,J
3605.jpg,U
3606.jpg,O
3607.jpg,W
3608.jpg,O
3609.jpg,V
361.jpg,R
3610.jpg,N
3611.jpg,Y
3612.jpg,Q
3613.jpg,L
3614.jpg,L
3615.jpg,R
3616.jpg,L
3617.jpg,R
3618.jpg,H
3619.jpg,Y
362.jpg,R
3620.jpg,P
3621.jpg,W
3622.jpg,B
3623.jpg,E
3624.jpg,M
3625.jpg,U
3626.jpg,S
3627.jpg,H
3628.jpg,V
3629.jpg,S
363.jpg,B
3630.jpg,P
3631.jpg,Q
3632.jpg,N
3633.jpg,S
3634.jpg,R
3635.jpg,H
3636.jpg,V
3637.jpg,X
3638.jpg,I
3639.jpg,A
364.jpg,Z
3640.jpg,N
3641.jpg,M
3642.jpg,S
3643.jpg,R
3644.jpg,T
3645.jpg,U
3646.jpg,B
3647.jpg,S
3648.jpg,N
3649.jpg,H
365.jpg,N
3650.jpg,I
3651.jpg,del
3652.jpg,O
3653.jpg,M
3654.jpg,R
3655.jpg,W
3656.jpg,J
3657.jpg,R
3658.jpg,M
3659.jpg,M
366.jpg,K
3660.jpg,M
3661.jpg,K
3662.jpg,L
3663.jpg,A
3664.jpg,L
3665.jpg,O
3666.jpg,U
3667.jpg,M
3668.jpg,U
3669.jpg,O
367.jpg,E
3670.jpg,H
3671.jpg,M
3672.jpg,U
3673.jpg,N
3674.jpg,M
3675.jpg,P
3676.jpg,M
3677.jpg,R
3678.jpg,B
3679.jpg,Y
368.jpg,Q
3680.jpg,Y
3681.jpg,Z
3682.jpg,S
3683.jpg,K
3684.jpg,Y
3685.jpg,P
3686.jpg,X
3687.jpg,N
3688.jpg,R
3689.jpg,H
369.jpg,P
3690.jpg,M
3691.jpg,J
3692.jpg,M
3693.jpg,R
3694.jpg,B
3695.jpg,P
3696.jpg,F
3697.jpg,M
3698.jpg,N
3699.jpg,S
37.jpg,R
370.jpg,K
3700.jpg,P
3701.jpg,B
3702.jpg,C
3703.jpg,L
3704.jpg,M
3705.jpg,P
3706.jpg,J
3707.jpg,N
3708.jpg,L
3709.jpg,M
371.jpg,N
3710.jpg,Q
3711.jpg,M
3712.jpg,R
3713.jpg,Z
3714.jpg,M
3715.jpg,Y
3716.jpg,O
3717.jpg,O
3718.jpg,space
3719.jpg,M
372.jpg,B
3720.jpg,R
3721.jpg,Q
3722.jpg,I
3723.jpg,B
3724.jpg,N
3725.jpg,L
3726.jpg,X
3727.jpg,M
3728.jpg,U
3729.jpg,M
373.jpg,R
3730.jpg,J
3731.jpg,J
3732.jpg,P
3733.jpg,H
3734.jpg,Q
3735.jpg,V
3736.jpg,C
3737.jpg,X
3738.jpg,Q
3739.jpg,H
374.jpg,M
3740.jpg,N
3741.jpg,M
3742.jpg,O
3743.jpg,E
3744.jpg,B
3745.jpg,space
3746.jpg,M
3747.jpg,W
3748.jpg,X
3749.jpg,R
375.jpg,M
3750.jpg,W
3751.jpg,P
3752.jpg,B
3753.jpg,J
3754.jpg,H
3755.jpg,Y
3756.jpg,W
3757.jpg,H
3758.jpg,W
3759.jpg,R
376.jpg,U
3760.jpg,U
3761.jpg,M
3762.jpg,P
3763.jpg,V
3764.jpg,I
3765.jpg,W
3766.jpg,B
3767.jpg,M
3768.jpg,E
3769.jpg,G
377.jpg,V
3770.jpg,Y
3771.jpg,M
3772.jpg,A
3773.jpg,M
3774.jpg,B
3775.jpg,N
3776.jpg,R
3777.jpg,P
3778.jpg,M
3779.jpg,Q
378.jpg,J
3780.jpg,Y
3781.jpg,R
3782.jpg,R
3783.jpg,N
3784.jpg,M
3785.jpg,O
3786.jpg,M
3787.jpg,L
3788.jpg,O
3789.jpg,N
379.jpg,Y
3790.jpg,R
3791.jpg,N
3792.jpg,L
3793.jpg,R
3794.jpg,P
3795.jpg,W
3796.jpg,M
3797.jpg,W
3798.jpg,O
3799.jpg,space
38.jpg,S
380.jpg,I
3800.jpg,M
3801.jpg,W
3802.jpg,P
3803.jpg,del
3804.jpg,G
3805.jpg,M
3806.jpg,J
3807.jpg,C
3808.jpg,N
3809.jpg,W
381.jpg,J
3810.jpg,A
3811.jpg,J
3812.jpg,K
3813.jpg,H
3814.jpg,Q
3815.jpg,M
3816.jpg,R
3817.jpg,O
3818.jpg,U
3819.jpg,W
382.jpg,M
3820.jpg,O
3821.jpg,P
3822.jpg,C
3823.jpg,N
3824.jpg,H
3825.jpg,M
3826.jpg,Q
3827.jpg,F
3828.jpg,S
3829.jpg,V
383.jpg,X
3830.jpg,R
3831.jpg,M
3832.jpg,M
3833.jpg,J
3834.jpg,M
3835.jpg,M
3836.jpg,space
3837.jpg,M
3838.jpg,N
3839.jpg,L
384.jpg,I
3840.jpg,B
3841.jpg,O
3842.jpg,C
3843.jpg,A
3844.jpg,U
3845.jpg,Y
3846.jpg,R
3847.jpg,Z
3848.jpg,Q
3849.jpg,X
385.jpg,M
3850.jpg,N
3851.jpg,W
3852.jpg,V
3853.jpg,M
3854.jpg,N
3855.jpg,X
3856.jpg,Z
3857.jpg,J
3858.jpg,V
3859.jpg,T
386.jpg,U
3860.jpg,W
3861.jpg,O
3862.jpg,M
3863.jpg,R
3864.jpg,N
3865.jpg,L
3866.jpg,R
3867.jpg,Y
3868.jpg,F
3869.jpg,X
387.jpg,J
3870.jpg,M
3871.jpg,K
3872.jpg,J
3873.jpg,Y
3874.jpg,O
3875.jpg,J
3876.jpg,O
3877.jpg,P
3878.jpg,T
3879.jpg,O
388.jpg,R
3880.jpg,M
3881.jpg,M
3882.jpg,N
3883.jpg,U
3884.jpg,M
3885.jpg,K
3886.jpg,K
3887.jpg,space
3888.jpg,J
3889.jpg,O
389.jpg,X
3890.jpg,H
3891.jpg,N
3892.jpg,M
3893.jpg,M
3894.jpg,del
3895.jpg,M
3896.jpg,S
3897.jpg,R
3898.jpg,I
3899.jpg,F
39.jpg,I
390.jpg,B
3900.jpg,A
3901.jpg,B
3902.jpg,C
3903.jpg,H
3904.jpg,K
3905.jpg,Y
3906.jpg,S
3907.jpg,R
3908.jpg,W
3909.jpg,H
391.jpg,M
3910.jpg,P
3911.jpg,O
3912.jpg,J
3913.jpg,nothing
3914.jpg,M
3915.jpg,U
3916.jpg,B
3917.jpg,Q
3918.jpg,del
3919.jpg,M
392.jpg,N
3920.jpg,P
3921.jpg,U
3922.jpg,M
3923.jpg,P
3924.jpg,R
3925.jpg,C
3926.jpg,Y
3927.jpg,K
3928.jpg,B
3929.jpg,R
393.jpg,M
3930.jpg,O
3931.jpg,B
3932.jpg,I
3933.jpg,P
3934.jpg,H
3935.jpg,K
3936.jpg,P
3937.jpg,L
3938.jpg,P
3939.jpg,R
394.jpg,W
3940.jpg,M
3941.jpg,H
3942.jpg,N
3943.jpg,N
3944.jpg,S
3945.jpg,G
3946.jpg,H
3947.jpg,J
3948.jpg,M
3949.jpg,B
395.jpg,Y
3950.jpg,M
3951.jpg,N
3952.jpg,O
3953.jpg,K
3954.jpg,M
3955.jpg,L
3956.jpg,H
3957.jpg,P
3958.jpg,O
3959.jpg,O
396.jpg,E
3960.jpg,N
3961.jpg,W
3962.jpg,M
3963.jpg,Y
3964.jpg,P
3965.jpg,J
3966.jpg,A
3967.jpg,R
3968.jpg,W
3969.jpg,N
397.jpg,O
3970.jpg,J
3971.jpg,X
3972.jpg,T
3973.jpg,R
3974.jpg,B
3975.jpg,V
3976.jpg,I
3977.jpg,P
3978.jpg,O
3979.jpg,del
398.jpg,S
3980.jpg,L
3981.jpg,del
3982.jpg,W
3983.jpg,J
3984.jpg,E
3985.jpg,P
3986.jpg,U
3987.jpg,S
3988.jpg,W
3989.jpg,A
399.jpg,Q
3990.jpg,X
3991.jpg,H
3992.jpg,B
3993.jpg,O
3994.jpg,P
3995.jpg,Y
3996.jpg,P
3997.jpg,H
3998.jpg,Y
3999.jpg,J
4.jpg,E
40.jpg,M
400.jpg,M
4000.jpg,M
4001.jpg,B
4002.jpg,O
4003.jpg,Q
4004.jpg,U
4005.jpg,D
4006.jpg,O
4007.jpg,U
4008.jpg,P
4009.jpg,M
401.jpg,del
4010.jpg,B
4011.jpg,X
4012.jpg,J
4013.jpg,J
4014.jpg,N
4015.jpg,W
4016.jpg,M
4017.jpg,U
4018.jpg,N
4019.jpg,S
402.jpg,N
4020.jpg,O
4021.jpg,V
4022.jpg,H
4023.jpg,M
4024.jpg,U
4025.jpg,U
4026.jpg,I
4027.jpg,X
4028.jpg,Y
4029.jpg,O
403.jpg,X
4030.jpg,S
4031.jpg,M
4032.jpg,V
4033.jpg,V
4034.jpg,I
4035.jpg,W
4036.jpg,G
4037.jpg,M
4038.jpg,W
4039.jpg,V
404.jpg,Q
4040.jpg,B
4041.jpg,O
4042.jpg,Q
4043.jpg,H
4044.jpg,N
4045.jpg,L
4046.jpg,O
4047.jpg,R
4048.jpg,P
4049.jpg,D
405.jpg,W
4050.jpg,H
4051.jpg,N
4052.jpg,Y
4053.jpg,L
4054.jpg,M
4055.jpg,J
4056.jpg,M
4057.jpg,U
4058.jpg,O
4059.jpg,X
406.jpg,L
4060.jpg,O
4061.jpg,R
4062.jpg,J
4063.jpg,J
4064.jpg,V
4065.jpg,K
4066.jpg,M
4067.jpg,I
4068.jpg,A
4069.jpg,O
407.jpg,N
4070.jpg,R
4071.jpg,R
4072.jpg,C
4073.jpg,P
4074.jpg,B
4075.jpg,K
4076.jpg,P
4077.jpg,C
4078.jpg,P
4079.jpg,N
408.jpg,E
4080.jpg,B
4081.jpg,O
4082.jpg,X
4083.jpg,U
4084.jpg,Y
4085.jpg,B
4086.jpg,L
4087.jpg,H
4088.jpg,M
4089.jpg,M
409.jpg,J
4090.jpg,Q
4091.jpg,O
4092.jpg,U
4093.jpg,P
4094.jpg,Z
4095.jpg,P
4096.jpg,L
4097.jpg,P
4098.jpg,D
4099.jpg,H
41.jpg,N
410.jpg,J
4100.jpg,B
4101.jpg,P
4102.jpg,P
4103.jpg,H
4104.jpg,L
4105.jpg,V
4106.jpg,O
4107.jpg,Z
4108.jpg,V
4109.jpg,K
411.jpg,W
4110.jpg,Q
4111.jpg,C
4112.jpg,H
4113.jpg,U
4114.jpg,M
4115.jpg,P
4116.jpg,N
4117.jpg,R
4118.jpg,M
4119.jpg,B
412.jpg,Y
4120.jpg,J
4121.jpg,K
4122.jpg,M
4123.jpg,O
4124.jpg,L
4125.jpg,Q
4126.jpg,F
4127.jpg,N
4128.jpg,Q
4129.jpg,O
413.jpg,N
4130.jpg,L
4131.jpg,V
4132.jpg,V
4133.jpg,O
4134.jpg,U
4135.jpg,W
4136.jpg,Y
4137.jpg,J
4138.jpg,N
4139.jpg,W
414.jpg,O
4140.jpg,Z
4141.jpg,N
4142.jpg,R
4143.jpg,M
4144.jpg,Z
4145.jpg,Y
4146.jpg,U
4147.jpg,R
4148.jpg,X
4149.jpg,del
415.jpg,O
4150.jpg,V
4151.jpg,I
4152.jpg,P
4153.jpg,W
4154.jpg,U
4155.jpg,O
4156.jpg,R
4157.jpg,Y
4158.jpg,N
4159.jpg,I
416.jpg,I
4160.jpg,K
4161.jpg,T
4162.jpg,B
4163.jpg,H
4164.jpg,J
4165.jpg,P
4166.jpg,R
4167.jpg,O
4168.jpg,N
4169.jpg,del
417.jpg,J
4170.jpg,Y
4171.jpg,H
4172.jpg,space
4173.jpg,J
4174.jpg,Z
4175.jpg,M
4176.jpg,X
4177.jpg,H
4178.jpg,J
4179.jpg,L
418.jpg,K
4180.jpg,E
4181.jpg,M
4182.jpg,K
4183.jpg,R
4184.jpg,J
4185.jpg,K
4186.jpg,Z
4187.jpg,W
4188.jpg,J
4189.jpg,E
419.jpg,R
4190.jpg,P
4191.jpg,U
4192.jpg,X
4193.jpg,J
4194.jpg,N
4195.jpg,I
4196.jpg,E
4197.jpg,J
4198.jpg,U
4199.jpg,J
42.jpg,L
420.jpg,R
4200.jpg,B
4201.jpg,P
4202.jpg,R
4203.jpg,Y
4204.jpg,U
4205.jpg,K
4206.jpg,R
4207.jpg,H
4208.jpg,P
4209.jpg,S
421.jpg,J
4210.jpg,U
4211.jpg,Y
4212.jpg,M
4213.jpg,U
4214.jpg,H
4215.jpg,M
4216.jpg,B
4217.jpg,H
4218.jpg,E
4219.jpg,R
422.jpg,P
4220.jpg,Y
4221.jpg,C
4222.jpg,J
4223.jpg,K
4224.jpg,J
4225.jpg,del
4226.jpg,M
4227.jpg,H
4228.jpg,S
4229.jpg,B
423.jpg,M
4230.jpg,Q
4231.jpg,M
4232.jpg,K
4233.jpg,X
4234.jpg,M
4235.jpg,H
4236.jpg,J
4237.jpg,H
4238.jpg,R
4239.jpg,V
424.jpg,W
4240.jpg,Q
4241.jpg,M
4242.jpg,H
4243.jpg,G
4244.jpg,E
4245.jpg,U
4246.jpg,Y
4247.jpg,I
4248.jpg,A
4249.jpg,X
425.jpg,S
4250.jpg,U
4251.jpg,P
4252.jpg,J
4253.jpg,B
4254.jpg,J
4255.jpg,C
4256.jpg,I
4257.jpg,N
4258.jpg,W
4259.jpg,S
426.jpg,B
4260.jpg,M
4261.jpg,V
4262.jpg,B
4263.jpg,Q
4264.jpg,Y
4265.jpg,O
4266.jpg,R
4267.jpg,A
4268.jpg,L
4269.jpg,J
427.jpg,U
4270.jpg,R
4271.jpg,N
4272.jpg,M
4273.jpg,J
4274.jpg,B
4275.jpg,J
4276.jpg,R
4277.jpg,N
4278.jpg,B
4279.jpg,J
428.jpg,B
4280.jpg,M
4281.jpg,X
4282.jpg,K
4283.jpg,M
4284.jpg,M
4285.jpg,U
4286.jpg,T
4287.jpg,W
4288.jpg,X
4289.jpg,W
429.jpg,S
4290.jpg,R
4291.jpg,Y
4292.jpg,E
4293.jpg,Y
4294.jpg,M
4295.jpg,Z
4296.jpg,W
4297.jpg,B
4298.jpg,N
4299.jpg,M
43.jpg,U
430.jpg,B
4300.jpg,B
4301.jpg,M
4302.jpg,U
4303.jpg,M
4304.jpg,H
4305.jpg,I
4306.jpg,P
4307.jpg,I
4308.jpg,Z
4309.jpg,P
431.jpg,U
4310.jpg,E
4311.jpg,R
4312.jpg,J
4313.jpg,K
4314.jpg,U
4315.jpg,R
4316.jpg,R
4317.jpg,Y
4318.jpg,J
4319.jpg,J
432.jpg,M
4320.jpg,Q
4321.jpg,T
4322.jpg,L
4323.jpg,K
4324.jpg,W
4325.jpg,U
4326.jpg,O
4327.jpg,M
4328.jpg,M
4329.jpg,Y
433.jpg,X
4330.jpg,B
4331.jpg,H
4332.jpg,W
4333.jpg,Q
4334.jpg,O
4335.jpg,O
4336.jpg,W
4337.jpg,T
4338.jpg,R
4339.jpg,O
434.jpg,N
4340.jpg,V
4341.jpg,O
4342.jpg,I
4343.jpg,M
4344.jpg,J
4345.jpg,C
4346.jpg,U
4347.jpg,T
4348.jpg,M
4349.jpg,space
435.jpg,E
4350.jpg,O
4351.jpg,N
4352.jpg,X
4353.jpg,N
4354.jpg,Q
4355.jpg,B
4356.jpg,M
4357.jpg,V
4358.jpg,S
4359.jpg,Q
436.jpg,P
4360.jpg,P
4361.jpg,J
4362.jpg,P
4363.jpg,M
4364.jpg,del
4365.jpg,U
4366.jpg,S
4367.jpg,B
4368.jpg,Y
4369.jpg,C
437.jpg,Y
4370.jpg,M
4371.jpg,J
4372.jpg,T
4373.jpg,Z
4374.jpg,A
4375.jpg,U
4376.jpg,Q
4377.jpg,M
4378.jpg,U
4379.jpg,Q
438.jpg,C
4380.jpg,J
4381.jpg,N
4382.jpg,E
4383.jpg,P
4384.jpg,H
4385.jpg,P
4386.jpg,W
4387.jpg,S
4388.jpg,E
4389.jpg,P
439.jpg,I
4390.jpg,B
4391.jpg,X
4392.jpg,W
4393.jpg,V
4394.jpg,N
4395.jpg,R
4396.jpg,M
4397.jpg,J
4398.jpg,N
4399.jpg,B
44.jpg,N
440.jpg,C
4400.jpg,O
4401.jpg,J
4402.jpg,Q
4403.jpg,M
4404.jpg,I
4405.jpg,N
4406.jpg,Y
4407.jpg,G
4408.jpg,O
4409.jpg,Y
441.jpg,M
4410.jpg,U
4411.jpg,L
4412.jpg,M
4413.jpg,R
4414.jpg,H
4415.jpg,N
4416.jpg,W
4417.jpg,I
4418.jpg,S
4419.jpg,V
442.jpg,W
4420.jpg,P
4421.jpg,H
4422.jpg,G
4423.jpg,W
4424.jpg,R
4425.jpg,Y
4426.jpg,P
4427.jpg,W
4428.jpg,X
4429.jpg,O
443.jpg,U
4430.jpg,S
4431.jpg,P
4432.jpg,Y
4433.jpg,R
4434.jpg,N
4435.jpg,O
4436.jpg,B
4437.jpg,O
4438.jpg,S
4439.jpg,U
444.jpg,C
4440.jpg,P
4441.jpg,W
4442.jpg,Y
4443.jpg,R
4444.jpg,K
4445.jpg,N
4446.jpg,O
4447.jpg,M
4448.jpg,M
4449.jpg,B
445.jpg,N
4450.jpg,C
4451.jpg,Y
4452.jpg,P
4453.jpg,H
4454.jpg,X
4455.jpg,Z
4456.jpg,Y
4457.jpg,B
4458.jpg,M
4459.jpg,J
446.jpg,L
4460.jpg,Q
4461.jpg,R
4462.jpg,L
4463.jpg,J
4464.jpg,S
4465.jpg,Y
4466.jpg,M
4467.jpg,X
4468.jpg,R
4469.jpg,H
447.jpg,L
4470.jpg,H
4471.jpg,T
4472.jpg,V
4473.jpg,Q
4474.jpg,M
4475.jpg,S
4476.jpg,F
4477.jpg,C
4478.jpg,del
4479.jpg,R
448.jpg,I
4480.jpg,I
4481.jpg,E
4482.jpg,X
4483.jpg,M
4484.jpg,Y
4485.jpg,L
4486.jpg,H
4487.jpg,G
4488.jpg,M
4489.jpg,N
449.jpg,Y
4490.jpg,R
4491.jpg,V
4492.jpg,K
4493.jpg,I
4494.jpg,A
4495.jpg,R
4496.jpg,L
4497.jpg,U
4498.jpg,E
4499.jpg,M
45.jpg,L
450.jpg,K
4500.jpg,L
4501.jpg,W
4502.jpg,P
4503.jpg,G
4504.jpg,U
4505.jpg,W
4506.jpg,V
4507.jpg,C
4508.jpg,N
4509.jpg,N
451.jpg,M
4510.jpg,Q
4511.jpg,U
4512.jpg,Q
4513.jpg,K
4514.jpg,I
4515.jpg,C
4516.jpg,M
4517.jpg,Z
4518.jpg,J
4519.jpg,U
452.jpg,M
4520.jpg,R
4521.jpg,P
4522.jpg,Y
4523.jpg,M
4524.jpg,M
4525.jpg,B
4526.jpg,N
4527.jpg,J
4528.jpg,V
4529.jpg,B
453.jpg,S
4530.jpg,S
4531.jpg,K
4532.jpg,P
4533.jpg,H
4534.jpg,J
4535.jpg,H
4536.jpg,Y
4537.jpg,N
4538.jpg,R
4539.jpg,U
454.jpg,M
4540.jpg,N
4541.jpg,P
4542.jpg,M
4543.jpg,O
4544.jpg,K
4545.jpg,I
4546.jpg,J
4547.jpg,P
4548.jpg,M
4549.jpg,C
455.jpg,M
4550.jpg,X
4551.jpg,B
4552.jpg,M
4553.jpg,K
4554.jpg,M
4555.jpg,M
4556.jpg,C
4557.jpg,F
4558.jpg,M
4559.jpg,J
456.jpg,H
4560.jpg,P
4561.jpg,I
4562.jpg,O
4563.jpg,K
4564.jpg,W
4565.jpg,W
4566.jpg,Y
4567.jpg,H
4568.jpg,J
4569.jpg,L
457.jpg,M
4570.jpg,B
4571.jpg,L
4572.jpg,U
4573.jpg,R
4574.jpg,M
4575.jpg,Y
4576.jpg,B
4577.jpg,V
4578.jpg,I
4579.jpg,K
458.jpg,M
4580.jpg,N
4581.jpg,M
4582.jpg,U
4583.jpg,P
4584.jpg,W
4585.jpg,E
4586.jpg,M
4587.jpg,H
4588.jpg,Z
4589.jpg,N
459.jpg,F
4590.jpg,H
4591.jpg,B
4592.jpg,E
4593.jpg,V
4594.jpg,B
4595.jpg,M
4596.jpg,Q
4597.jpg,K
4598.jpg,U
4599.jpg,O
46.jpg,O
460.jpg,R
4600.jpg,T
4601.jpg,R
4602.jpg,M
4603.jpg,C
4604.jpg,A
4605.jpg,O
4606.jpg,J
4607.jpg,M
4608.jpg,M
4609.jpg,Q
461.jpg,P
4610.jpg,B
4611.jpg,H
4612.jpg,J
4613.jpg,P
4614.jpg,E
4615.jpg,K
4616.jpg,R
4617.jpg,M
4618.jpg,M
4619.jpg,O
462.jpg,B
4620.jpg,W
4621.jpg,M
4622.jpg,J
4623.jpg,M
4624.jpg,M
4625.jpg,L
4626.jpg,U
4627.jpg,R
4628.jpg,P
4629.jpg,C
463.jpg,del
4630.jpg,J
4631.jpg,M
4632.jpg,N
4633.jpg,P
4634.jpg,V
4635.jpg,N
4636.jpg,R
4637.jpg,M
4638.jpg,C
4639.jpg,H
464.jpg,N
4640.jpg,W
4641.jpg,L
4642.jpg,R
4643.jpg,P
4644.jpg,F
4645.jpg,M
4646.jpg,W
4647.jpg,M
4648.jpg,C
4649.jpg,T
465.jpg,B
4650.jpg,X
4651.jpg,X
4652.jpg,N
4653.jpg,N
4654.jpg,X
4655.jpg,C
4656.jpg,G
4657.jpg,M
4658.jpg,O
4659.jpg,N
466.jpg,R
4660.jpg,Z
4661.jpg,W
4662.jpg,X
4663.jpg,W
4664.jpg,E
4665.jpg,V
4666.jpg,Y
4667.jpg,S
4668.jpg,C
4669.jpg,G
467.jpg,B
4670.jpg,Q
4671.jpg,J
4672.jpg,Y
4673.jpg,S
4674.jpg,M
4675.jpg,M
4676.jpg,B
4677.jpg,U
4678.jpg,M
4679.jpg,V
468.jpg,I
4680.jpg,N
4681.jpg,P
4682.jpg,A
4683.jpg,M
4684.jpg,M
4685.jpg,Y
4686.jpg,N
4687.jpg,H
4688.jpg,T
4689.jpg,J
469.jpg,W
4690.jpg,U
4691.jpg,M
4692.jpg,E
4693.jpg,R
4694.jpg,O
4695.jpg,Y
4696.jpg,N
4697.jpg,Q
4698.jpg,N
4699.jpg,P
47.jpg,O
470.jpg,U
4700.jpg,P
4701.jpg,M
4702.jpg,J
4703.jpg,E
4704.jpg,X
4705.jpg,K
4706.jpg,W
4707.jpg,M
4708.jpg,X
4709.jpg,J
471.jpg,L
4710.jpg,R
4711.jpg,Q
4712.jpg,M
4713.jpg,H
4714.jpg,O
4715.jpg,U
4716.jpg,K
4717.jpg,Y
4718.jpg,X
4719.jpg,Z
472.jpg,Y
4720.jpg,K
4721.jpg,J
4722.jpg,L
4723.jpg,N
4724.jpg,N
4725.jpg,N
4726.jpg,Y
4727.jpg,P
4728.jpg,U
4729.jpg,S
473.jpg,X
4730.jpg,X
4731.jpg,D
4732.jpg,C
4733.jpg,V
4734.jpg,U
4735.jpg,M
4736.jpg,B
4737.jpg,R
4738.jpg,B
4739.jpg,F
474.jpg,P
4740.jpg,N
4741.jpg,P
4742.jpg,W
4743.jpg,M
4744.jpg,Z
4745.jpg,B
4746.jpg,W
4747.jpg,P
4748.jpg,R
4749.jpg,I
475.jpg,J
4750.jpg,Y
4751.jpg,M
4752.jpg,O
4753.jpg,H
4754.jpg,V
4755.jpg,M
4756.jpg,M
4757.jpg,O
4758.jpg,O
4759.jpg,P
476.jpg,J
4760.jpg,W
4761.jpg,N
4762.jpg,M
4763.jpg,M
4764.jpg,W
4765.jpg,K
4766.jpg,J
4767.jpg,M
4768.jpg,M
4769.jpg,J
477.jpg,G
4770.jpg,nothing
4771.jpg,U
4772.jpg,H
4773.jpg,R
4774.jpg,N
4775.jpg,M
4776.jpg,M
4777.jpg,space
4778.jpg,P
4779.jpg,O
478.jpg,J
4780.jpg,C
4781.jpg,R
4782.jpg,X
4783.jpg,B
4784.jpg,M
4785.jpg,O
4786.jpg,Q
4787.jpg,C
4788.jpg,R
4789.jpg,S
479.jpg,E
4790.jpg,L
4791.jpg,O
4792.jpg,R
4793.jpg,O
4794.jpg,K
4795.jpg,W
4796.jpg,C
4797.jpg,M
4798.jpg,M
4799.jpg,U
48.jpg,W
480.jpg,Q
4800.jpg,Y
4801.jpg,P
4802.jpg,O
4803.jpg,M
4804.jpg,P
4805.jpg,N
4806.jpg,K
4807.jpg,P
4808.jpg,U
4809.jpg,W
481.jpg,R
4810.jpg,W
4811.jpg,M
4812.jpg,P
4813.jpg,E
4814.jpg,J
4815.jpg,N
4816.jpg,Q
4817.jpg,J
4818.jpg,O
4819.jpg,R
482.jpg,H
4820.jpg,O
4821.jpg,T
4822.jpg,U
4823.jpg,G
4824.jpg,W
4825.jpg,T
4826.jpg,Q
4827.jpg,N
4828.jpg,H
4829.jpg,E
483.jpg,P
4830.jpg,W
4831.jpg,P
4832.jpg,O
4833.jpg,Q
4834.jpg,S
4835.jpg,X
4836.jpg,F
4837.jpg,V
4838.jpg,R
4839.jpg,Q
484.jpg,R
4840.jpg,B
4841.jpg,L
4842.jpg,M
4843.jpg,W
4844.jpg,X
4845.jpg,Z
4846.jpg,O
4847.jpg,N
4848.jpg,E
4849.jpg,N
485.jpg,T
4850.jpg,N
4851.jpg,Y
4852.jpg,W
4853.jpg,J
4854.jpg,Q
4855.jpg,J
4856.jpg,W
4857.jpg,W
4858.jpg,A
4859.jpg,H
486.jpg,R
4860.jpg,P
4861.jpg,L
4862.jpg,H
4863.jpg,A
4864.jpg,H
4865.jpg,U
4866.jpg,R
4867.jpg,Q
4868.jpg,J
4869.jpg,V
487.jpg,Q
4870.jpg,R
4871.jpg,Q
4872.jpg,H
4873.jpg,H
4874.jpg,X
4875.jpg,C
4876.jpg,M
4877.jpg,M
4878.jpg,Q
4879.jpg,del
488.jpg,Q
4880.jpg,O
4881.jpg,N
4882.jpg,K
4883.jpg,space
4884.jpg,J
4885.jpg,B
4886.jpg,M
4887.jpg,E
4888.jpg,L
4889.jpg,C
489.jpg,M
4890.jpg,N
4891.jpg,W
4892.jpg,O
4893.jpg,I
4894.jpg,P
4895.jpg,J
4896.jpg,N
4897.jpg,B
4898.jpg,P
4899.jpg,B
49.jpg,R
490.jpg,P
4900.jpg,M
4901.jpg,J
4902.jpg,M
4903.jpg,H
4904.jpg,N
4905.jpg,N
4906.jpg,R
4907.jpg,M
4908.jpg,H
4909.jpg,K
491.jpg,del
4910.jpg,A
4911.jpg,N
4912.jpg,X
4913.jpg,O
4914.jpg,G
4915.jpg,M
4916.jpg,L
4917.jpg,R
4918.jpg,G
4919.jpg,Y
492.jpg,L
4920.jpg,A
4921.jpg,R
4922.jpg,N
4923.jpg,L
4924.jpg,Q
4925.jpg,N
4926.jpg,M
4927.jpg,V
4928.jpg,M
4929.jpg,R
493.jpg,space
4930.jpg,B
4931.jpg,M
4932.jpg,Q
4933.jpg,C
4934.jpg,B
4935.jpg,V
4936.jpg,Y
4937.jpg,R
4938.jpg,X
4939.jpg,M
494.jpg,N
4940.jpg,Z
4941.jpg,Y
4942.jpg,space
4943.jpg,M
4944.jpg,W
4945.jpg,X
4946.jpg,Y
4947.jpg,Z
4948.jpg,Q
4949.jpg,C
495.jpg,M
4950.jpg,J
4951.jpg,N
4952.jpg,O
4953.jpg,V
4954.jpg,Q
4955.jpg,O
4956.jpg,U
4957.jpg,M
4958.jpg,G
4959.jpg,H
496.jpg,C
4960.jpg,Q
4961.jpg,U
4962.jpg,J
4963.jpg,M
4964.jpg,I
4965.jpg,C
4966.jpg,N
4967.jpg,X
4968.jpg,C
4969.jpg,D
497.jpg,P
4970.jpg,N
4971.jpg,Q
4972.jpg,U
4973.jpg,S
4974.jpg,U
4975.jpg,O
4976.jpg,Z
4977.jpg,M
4978.jpg,U
4979.jpg,J
498.jpg,J
4980.jpg,del
4981.jpg,P
4982.jpg,M
4983.jpg,I
4984.jpg,M
4985.jpg,H
4986.jpg,P
4987.jpg,C
4988.jpg,M
4989.jpg,J
499.jpg,U
4990.jpg,space
4991.jpg,E
4992.jpg,L
4993.jpg,C
4994.jpg,P
4995.jpg,V
4996.jpg,M
4997.jpg,V
4998.jpg,W
4999.jpg,J
5.jpg,P
50.jpg,F
500.jpg,X
5000.jpg,I
5001.jpg,M
5002.jpg,J
5003.jpg,M
5004.jpg,U
5005.jpg,H
5006.jpg,O
5007.jpg,N
5008.jpg,U
5009.jpg,U
501.jpg,M
5010.jpg,O
5011.jpg,Q
5012.jpg,O
5013.jpg,H
5014.jpg,R
5015.jpg,del
5016.jpg,L
5017.jpg,S
5018.jpg,M
5019.jpg,N
502.jpg,V
5020.jpg,P
5021.jpg,M
5022.jpg,S
5023.jpg,P
5024.jpg,R
5025.jpg,P
5026.jpg,M
5027.jpg,P
5028.jpg,J
5029.jpg,K
503.jpg,B
5030.jpg,Q
5031.jpg,U
5032.jpg,M
5033.jpg,O
5034.jpg,P
5035.jpg,R
5036.jpg,W
5037.jpg,J
5038.jpg,O
5039.jpg,L
504.jpg,P
5040.jpg,B
5041.jpg,V
5042.jpg,M
5043.jpg,W
5044.jpg,M
5045.jpg,B
5046.jpg,J
5047.jpg,J
5048.jpg,I
5049.jpg,W
505.jpg,M
5050.jpg,M
5051.jpg,L
5052.jpg,P
5053.jpg,H
5054.jpg,N
5055.jpg,I
5056.jpg,Q
5057.jpg,P
5058.jpg,M
5059.jpg,S
506.jpg,P
5060.jpg,P
5061.jpg,O
5062.jpg,S
5063.jpg,X
5064.jpg,O
5065.jpg,Y
5066.jpg,C
5067.jpg,U
5068.jpg,H
5069.jpg,J
507.jpg,R
5070.jpg,Y
5071.jpg,U
5072.jpg,J
5073.jpg,L
5074.jpg,N
5075.jpg,N
5076.jpg,M
5077.jpg,N
5078.jpg,M
5079.jpg,U
508.jpg,S
5080.jpg,O
5081.jpg,C
5082.jpg,H
5083.jpg,A
5084.jpg,K
5085.jpg,R
5086.jpg,K
5087.jpg,space
5088.jpg,I
5089.jpg,J
509.jpg,M
5090.jpg,R
5091.jpg,O
5092.jpg,X
5093.jpg,M
5094.jpg,space
5095.jpg,U
5096.jpg,J
5097.jpg,E
5098.jpg,H
5099.jpg,L
51.jpg,V
510.jpg,L
5100.jpg,M
5101.jpg,X
5102.jpg,U
5103.jpg,J
5104.jpg,N
5105.jpg,Z
5106.jpg,N
5107.jpg,P
5108.jpg,Q
5109.jpg,O
511.jpg,U
5110.jpg,N
5111.jpg,N
5112.jpg,L
5113.jpg,N
5114.jpg,Y
5115.jpg,W
5116.jpg,space
5117.jpg,O
5118.jpg,L
5119.jpg,Q
512.jpg,N
5120.jpg,B
5121.jpg,Y
5122.jpg,E
5123.jpg,L
5124.jpg,J
5125.jpg,S
5126.jpg,V
5127.jpg,M
5128.jpg,Y
5129.jpg,A
513.jpg,R
5130.jpg,L
5131.jpg,U
5132.jpg,P
5133.jpg,B
5134.jpg,L
5135.jpg,H
5136.jpg,N
5137.jpg,P
5138.jpg,M
5139.jpg,E
514.jpg,M
5140.jpg,I
5141.jpg,M
5142.jpg,B
5143.jpg,C
5144.jpg,U
5145.jpg,P
5146.jpg,K
5147.jpg,O
5148.jpg,N
5149.jpg,C
515.jpg,Y
5150.jpg,L
5151.jpg,O
5152.jpg,M
5153.jpg,R
5154.jpg,Q
5155.jpg,W
5156.jpg,B
5157.jpg,H
5158.jpg,M
5159.jpg,N
516.jpg,M
5160.jpg,O
5161.jpg,J
5162.jpg,R
5163.jpg,B
5164.jpg,J
5165.jpg,M
5166.jpg,X
5167.jpg,O
5168.jpg,O
5169.jpg,A
517.jpg,V
5170.jpg,M
5171.jpg,S
5172.jpg,O
5173.jpg,M
5174.jpg,P
5175.jpg,del
5176.jpg,X
5177.jpg,M
5178.jpg,Q
5179.jpg,G
518.jpg,H
5180.jpg,B
5181.jpg,E
5182.jpg,M
5183.jpg,Q
5184.jpg,J
5185.jpg,B
5186.jpg,N
5187.jpg,P
5188.jpg,N
5189.jpg,P
519.jpg,B
5190.jpg,O
5191.jpg,P
5192.jpg,M
5193.jpg,M
5194.jpg,N
5195.jpg,W
5196.jpg,M
5197.jpg,R
5198.jpg,R
5199.jpg,H
52.jpg,N
520.jpg,B
5200.jpg,M
5201.jpg,C
5202.jpg,U
5203.jpg,H
5204.jpg,K
5205.jpg,K
5206.jpg,U
5207.jpg,R
5208.jpg,E
5209.jpg,U
521.jpg,A
5210.jpg,M
5211.jpg,J
5212.jpg,C
5213.jpg,U
5214.jpg,V
5215.jpg,E
5216.jpg,H
5217.jpg,X
5218.jpg,H
5219.jpg,U
522.jpg,P
5220.jpg,K
5221.jpg,X
5222.jpg,space
5223.jpg,del
5224.jpg,N
5225.jpg,U
5226.jpg,R
5227.jpg,P
5228.jpg,C
5229.jpg,A
523.jpg,R
5230.jpg,K
5231.jpg,P
5232.jpg,O
5233.jpg,B
5234.jpg,Q
5235.jpg,U
5236.jpg,Z
5237.jpg,K
5238.jpg,B
5239.jpg,J
524.jpg,J
5240.jpg,R
5241.jpg,R
5242.jpg,H
5243.jpg,R
5244.jpg,B
5245.jpg,E
5246.jpg,W
5247.jpg,M
5248.jpg,R
5249.jpg,U
525.jpg,O
5250.jpg,N
5251.jpg,O
5252.jpg,M
5253.jpg,E
5254.jpg,T
5255.jpg,M
5256.jpg,C
5257.jpg,R
5258.jpg,M
5259.jpg,K
526.jpg,M
5260.jpg,Y
5261.jpg,A
5262.jpg,O
5263.jpg,L
5264.jpg,K
5265.jpg,T
5266.jpg,I
5267.jpg,del
5268.jpg,T
5269.jpg,L
527.jpg,C
5270.jpg,M
5271.jpg,N
5272.jpg,H
5273.jpg,Q
5274.jpg,V
5275.jpg,K
5276.jpg,X
5277.jpg,M
5278.jpg,A
5279.jpg,V
528.jpg,N
5280.jpg,R
5281.jpg,H
5282.jpg,O
5283.jpg,J
5284.jpg,C
5285.jpg,Q
5286.jpg,N
5287.jpg,V
5288.jpg,G
5289.jpg,P
529.jpg,K
5290.jpg,L
5291.jpg,W
5292.jpg,M
5293.jpg,N
5294.jpg,R
5295.jpg,W
5296.jpg,H
5297.jpg,C
5298.jpg,L
5299.jpg,H
53.jpg,U
530.jpg,R
5300.jpg,N
5301.jpg,N
5302.jpg,A
5303.jpg,X
5304.jpg,J
5305.jpg,B
5306.jpg,X
5307.jpg,J
5308.jpg,S
5309.jpg,S
531.jpg,V
5310.jpg,J
5311.jpg,K
5312.jpg,O
5313.jpg,O
5314.jpg,N
5315.jpg,B
5316.jpg,A
5317.jpg,S
5318.jpg,U
5319.jpg,H
532.jpg,O
5320.jpg,S
5321.jpg,P
5322.jpg,Y
5323.jpg,Q
5324.jpg,K
5325.jpg,P
5326.jpg,M
5327.jpg,K
5328.jpg,N
5329.jpg,B
533.jpg,B
5330.jpg,M
5331.jpg,W
5332.jpg,I
5333.jpg,R
5334.jpg,R
5335.jpg,N
5336.jpg,Y
5337.jpg,N
5338.jpg,M
5339.jpg,K
534.jpg,S
5340.jpg,P
5341.jpg,B
5342.jpg,G
5343.jpg,S
5344.jpg,M
5345.jpg,U
5346.jpg,P
5347.jpg,R
5348.jpg,M
5349.jpg,A
535.jpg,N
5350.jpg,D
5351.jpg,W
5352.jpg,M
5353.jpg,I
5354.jpg,U
5355.jpg,N
5356.jpg,N
5357.jpg,P
5358.jpg,N
5359.jpg,O
536.jpg,N
5360.jpg,M
5361.jpg,P
5362.jpg,W
5363.jpg,K
5364.jpg,N
5365.jpg,S
5366.jpg,P
5367.jpg,R
5368.jpg,Q
5369.jpg,M
537.jpg,Q
5370.jpg,R
5371.jpg,A
5372.jpg,W
5373.jpg,O
5374.jpg,S
5375.jpg,L
5376.jpg,Q
5377.jpg,N
5378.jpg,N
5379.jpg,V
538.jpg,B
5380.jpg,X
5381.jpg,P
5382.jpg,L
5383.jpg,K
5384.jpg,K
5385.jpg,M
5386.jpg,U
5387.jpg,C
5388.jpg,W
5389.jpg,J
539.jpg,Z
5390.jpg,E
5391.jpg,N
5392.jpg,J
5393.jpg,M
5394.jpg,N
5395.jpg,P
5396.jpg,B
5397.jpg,W
5398.jpg,G
5399.jpg,Y
54.jpg,S
540.jpg,F
5400.jpg,Y
5401.jpg,X
5402.jpg,U
5403.jpg,O
5404.jpg,J
5405.jpg,M
5406.jpg,C
5407.jpg,P
5408.jpg,K
5409.jpg,O
541.jpg,E
5410.jpg,H
5411.jpg,X
5412.jpg,Z
5413.jpg,P
5414.jpg,B
5415.jpg,L
5416.jpg,Y
5417.jpg,M
5418.jpg,B
5419.jpg,P
542.jpg,Y
5420.jpg,Z
5421.jpg,J
5422.jpg,J
5423.jpg,J
5424.jpg,P
5425.jpg,I
5426.jpg,Y
5427.jpg,M
5428.jpg,O
5429.jpg,N
543.jpg,M
5430.jpg,Z
5431.jpg,Y
5432.jpg,V
5433.jpg,M
5434.jpg,U
5435.jpg,P
5436.jpg,O
5437.jpg,U
5438.jpg,N
5439.jpg,R
544.jpg,C
5440.jpg,M
5441.jpg,V
5442.jpg,U
5443.jpg,M
5444.jpg,D
5445.jpg,B
5446.jpg,E
5447.jpg,M
5448.jpg,R
5449.jpg,Y
545.jpg,P
5450.jpg,J
5451.jpg,U
5452.jpg,J
5453.jpg,H
5454.jpg,U
5455.jpg,U
5456.jpg,R
5457.jpg,O
5458.jpg,H
5459.jpg,M
546.jpg,B
5460.jpg,U
5461.jpg,R
5462.jpg,M
5463.jpg,Q
5464.jpg,K
5465.jpg,X
5466.jpg,P
5467.jpg,O
5468.jpg,P
5469.jpg,H
547.jpg,A
5470.jpg,R
5471.jpg,U
5472.jpg,I
5473.jpg,M
5474.jpg,M
5475.jpg,M
5476.jpg,C
5477.jpg,P
5478.jpg,L
5479.jpg,H
548.jpg,Y
5480.jpg,K
5481.jpg,U
5482.jpg,A
5483.jpg,R
5484.jpg,P
5485.jpg,M
5486.jpg,L
5487.jpg,M
5488.jpg,del
5489.jpg,B
549.jpg,P
5490.jpg,X
5491.jpg,M
5492.jpg,del
5493.jpg,M
5494.jpg,M
5495.jpg,M
5496.jpg,U
5497.jpg,O
5498.jpg,H
5499.jpg,E
55.jpg,N
550.jpg,P
5500.jpg,J
5501.jpg,Y
5502.jpg,Q
5503.jpg,R
5504.jpg,I
5505.jpg,J
5506.jpg,L
5507.jpg,B
5508.jpg,O
5509.jpg,J
551.jpg,M
5510.jpg,H
5511.jpg,O
5512.jpg,I
5513.jpg,B
5514.jpg,Q
5515.jpg,O
5516.jpg,R
5517.jpg,L
5518.jpg,J
5519.jpg,Y
552.jpg,O
5520.jpg,B
5521.jpg,U
5522.jpg,X
5523.jpg,J
5524.jpg,I
5525.jpg,M
5526.jpg,L
5527.jpg,S
5528.jpg,R
5529.jpg,I
553.jpg,M
5530.jpg,L
5531.jpg,Q
5532.jpg,J
5533.jpg,E
5534.jpg,M
5535.jpg,M
5536.jpg,G
5537.jpg,A
5538.jpg,V
5539.jpg,B
554.jpg,L
5540.jpg,T
5541.jpg,Y
5542.jpg,S
5543.jpg,Q
5544.jpg,U
5545.jpg,I
5546.jpg,N
5547.jpg,K
5548.jpg,O
5549.jpg,L
555.jpg,E
5550.jpg,P
5551.jpg,A
5552.jpg,R
5553.jpg,J
5554.jpg,V
5555.jpg,M
5556.jpg,O
5557.jpg,W
5558.jpg,S
5559.jpg,C
556.jpg,del
5560.jpg,R
5561.jpg,L
5562.jpg,C
5563.jpg,N
5564.jpg,B
5565.jpg,M
5566.jpg,A
5567.jpg,U
5568.jpg,M
5569.jpg,V
557.jpg,O
5570.jpg,O
5571.jpg,V
5572.jpg,R
5573.jpg,del
5574.jpg,M
5575.jpg,Y
5576.jpg,U
5577.jpg,J
5578.jpg,S
5579.jpg,M
558.jpg,N
5580.jpg,E
5581.jpg,K
5582.jpg,W
5583.jpg,Q
5584.jpg,C
5585.jpg,N
5586.jpg,R
5587.jpg,space
5588.jpg,X
5589.jpg,H
559.jpg,N
5590.jpg,N
5591.jpg,N
5592.jpg,W
5593.jpg,L
5594.jpg,S
5595.jpg,B
5596.jpg,M
5597.jpg,K
5598.jpg,Z
5599.jpg,P
56.jpg,Z
560.jpg,U
5600.jpg,M
5601.jpg,S
5602.jpg,M
5603.jpg,M
5604.jpg,W
5605.jpg,C
5606.jpg,Z
5607.jpg,L
5608.jpg,O
5609.jpg,W
561.jpg,J
5610.jpg,Q
5611.jpg,W
5612.jpg,O
5613.jpg,Y
5614.jpg,E
5615.jpg,O
5616.jpg,space
5617.jpg,K
5618.jpg,B
5619.jpg,P
562.jpg,J
5620.jpg,N
5621.jpg,B
5622.jpg,M
5623.jpg,O
5624.jpg,U
5625.jpg,L
5626.jpg,I
5627.jpg,M
5628.jpg,A
5629.jpg,M
563.jpg,X
5630.jpg,O
5631.jpg,J
5632.jpg,E
5633.jpg,A
5634.jpg,J
5635.jpg,C
5636.jpg,E
5637.jpg,A
5638.jpg,P
5639.jpg,R
564.jpg,M
5640.jpg,J
5641.jpg,N
5642.jpg,L
5643.jpg,A
5644.jpg,N
5645.jpg,K
5646.jpg,M
5647.jpg,S
5648.jpg,J
5649.jpg,V
565.jpg,O
5650.jpg,R
5651.jpg,K
5652.jpg,Z
5653.jpg,R
5654.jpg,J
5655.jpg,M
5656.jpg,P
5657.jpg,N
5658.jpg,M
5659.jpg,P
566.jpg,O
5660.jpg,X
5661.jpg,K
5662.jpg,P
5663.jpg,K
5664.jpg,O
5665.jpg,N
5666.jpg,M
5667.jpg,U
5668.jpg,A
5669.jpg,U
567.jpg,Y
5670.jpg,M
5671.jpg,R
5672.jpg,H
5673.jpg,X
5674.jpg,J
5675.jpg,B
5676.jpg,E
5677.jpg,A
5678.jpg,E
5679.jpg,U
568.jpg,J
5680.jpg,Y
5681.jpg,M
5682.jpg,H
5683.jpg,P
5684.jpg,R
5685.jpg,M
5686.jpg,M
5687.jpg,S
5688.jpg,Y
5689.jpg,Y
569.jpg,J
5690.jpg,A
5691.jpg,O
5692.jpg,O
5693.jpg,U
5694.jpg,M
5695.jpg,B
5696.jpg,N
5697.jpg,J
5698.jpg,S
5699.jpg,X
57.jpg,N
570.jpg,N
5700.jpg,V
5701.jpg,U
5702.jpg,Q
5703.jpg,H
5704.jpg,del
5705.jpg,V
5706.jpg,M
5707.jpg,X
5708.jpg,K
5709.jpg,M
571.jpg,O
5710.jpg,M
5711.jpg,C
5712.jpg,Y
5713.jpg,Q
5714.jpg,B
5715.jpg,J
5716.jpg,Y
5717.jpg,Y
5718.jpg,L
5719.jpg,B
572.jpg,J
5720.jpg,A
5721.jpg,M
5722.jpg,U
5723.jpg,O
5724.jpg,C
5725.jpg,R
5726.jpg,S
5727.jpg,Y
5728.jpg,N
5729.jpg,Z
573.jpg,E
5730.jpg,W
5731.jpg,N
5732.jpg,M
5733.jpg,C
5734.jpg,K
5735.jpg,P
5736.jpg,N
5737.jpg,R
5738.jpg,S
5739.jpg,Y
574.jpg,M
5740.jpg,J
5741.jpg,Z
5742.jpg,M
5743.jpg,Q
5744.jpg,S
5745.jpg,M
5746.jpg,I
5747.jpg,U
5748.jpg,N
5749.jpg,X
575.jpg,E
5750.jpg,J
5751.jpg,M
5752.jpg,N
5753.jpg,X
5754.jpg,Z
5755.jpg,N
5756.jpg,U
5757.jpg,X
5758.jpg,P
5759.jpg,S
576.jpg,J
5760.jpg,B
5761.jpg,A
5762.jpg,M
5763.jpg,A
5764.jpg,P
5765.jpg,L
5766.jpg,N
5767.jpg,O
5768.jpg,W
5769.jpg,S
577.jpg,H
5770.jpg,B
5771.jpg,B
5772.jpg,I
5773.jpg,U
5774.jpg,W
5775.jpg,I
5776.jpg,J
5777.jpg,V
5778.jpg,J
5779.jpg,C
578.jpg,N
5780.jpg,N
5781.jpg,J
5782.jpg,N
5783.jpg,M
5784.jpg,X
5785.jpg,J
5786.jpg,H
5787.jpg,P
5788.jpg,L
5789.jpg,R
579.jpg,U
5790.jpg,M
5791.jpg,S
5792.jpg,R
5793.jpg,W
5794.jpg,X
5795.jpg,Y
5796.jpg,W
5797.jpg,C
5798.jpg,M
5799.jpg,K
58.jpg,M
580.jpg,U
5800.jpg,V
5801.jpg,U
5802.jpg,U
5803.jpg,H
5804.jpg,U
5805.jpg,X
5806.jpg,Z
5807.jpg,P
5808.jpg,J
5809.jpg,O
581.jpg,L
5810.jpg,L
5811.jpg,N
5812.jpg,Y
5813.jpg,L
5814.jpg,N
5815.jpg,M
5816.jpg,W
5817.jpg,M
5818.jpg,X
5819.jpg,Y
582.jpg,M
5820.jpg,U
5821.jpg,O
5822.jpg,M
5823.jpg,B
5824.jpg,P
5825.jpg,R
5826.jpg,X
5827.jpg,U
5828.jpg,M
5829.jpg,R
583.jpg,J
5830.jpg,W
5831.jpg,space
5832.jpg,A
5833.jpg,space
5834.jpg,Q
5835.jpg,H
5836.jpg,N
5837.jpg,X
5838.jpg,B
5839.jpg,O
584.jpg,R
5840.jpg,H
5841.jpg,U
5842.jpg,T
5843.jpg,U
5844.jpg,B
5845.jpg,R
5846.jpg,U
5847.jpg,N
5848.jpg,J
5849.jpg,L
585.jpg,I
5850.jpg,E
5851.jpg,P
5852.jpg,H
5853.jpg,O
5854.jpg,H
5855.jpg,K
5856.jpg,M
5857.jpg,O
5858.jpg,S
5859.jpg,O
586.jpg,H
5860.jpg,Y
5861.jpg,P
5862.jpg,P
5863.jpg,Z
5864.jpg,G
5865.jpg,B
5866.jpg,N
5867.jpg,Y
5868.jpg,F
5869.jpg,R
587.jpg,J
5870.jpg,J
5871.jpg,O
5872.jpg,R
5873.jpg,S
5874.jpg,W
5875.jpg,U
5876.jpg,T
5877.jpg,N
5878.jpg,K
5879.jpg,M
588.jpg,V
5880.jpg,U
5881.jpg,M
5882.jpg,M
5883.jpg,M
5884.jpg,N
5885.jpg,R
5886.jpg,W
5887.jpg,O
5888.jpg,V
5889.jpg,K
589.jpg,S
5890.jpg,N
5891.jpg,V
5892.jpg,M
5893.jpg,P
5894.jpg,A
5895.jpg,U
5896.jpg,P
5897.jpg,G
5898.jpg,X
5899.jpg,N
59.jpg,H
590.jpg,O
5900.jpg,Q
5901.jpg,Y
5902.jpg,R
5903.jpg,M
5904.jpg,N
5905.jpg,N
5906.jpg,G
5907.jpg,B
5908.jpg,M
5909.jpg,E
591.jpg,J
5910.jpg,K
5911.jpg,N
5912.jpg,R
5913.jpg,P
5914.jpg,N
5915.jpg,Q
5916.jpg,T
5917.jpg,U
5918.jpg,N
5919.jpg,P
592.jpg,A
5920.jpg,R
5921.jpg,Y
5922.jpg,A
5923.jpg,M
5924.jpg,W
5925.jpg,M
5926.jpg,K
5927.jpg,Q
5928.jpg,B
5929.jpg,N
593.jpg,H
5930.jpg,space
5931.jpg,P
5932.jpg,C
5933.jpg,M
5934.jpg,U
5935.jpg,R
5936.jpg,K
5937.jpg,S
5938.jpg,M
5939.jpg,K
594.jpg,B
5940.jpg,C
5941.jpg,N
5942.jpg,N
5943.jpg,N
5944.jpg,M
5945.jpg,U
5946.jpg,Q
5947.jpg,H
5948.jpg,V
5949.jpg,M
595.jpg,M
5950.jpg,L
5951.jpg,Y
5952.jpg,K
5953.jpg,R
5954.jpg,M
5955.jpg,K
5956.jpg,O
5957.jpg,N
5958.jpg,U
5959.jpg,R
596.jpg,R
5960.jpg,H
5961.jpg,M
5962.jpg,C
5963.jpg,X
5964.jpg,M
5965.jpg,M
5966.jpg,R
5967.jpg,C
5968.jpg,M
5969.jpg,M
597.jpg,W
5970.jpg,J
5971.jpg,M
5972.jpg,W
5973.jpg,A
5974.jpg,B
5975.jpg,N
5976.jpg,X
5977.jpg,P
5978.jpg,M
5979.jpg,R
598.jpg,X
5980.jpg,M
5981.jpg,A
5982.jpg,E
5983.jpg,M
5984.jpg,H
5985.jpg,I
5986.jpg,Z
5987.jpg,O
5988.jpg,M
5989.jpg,X
599.jpg,I
5990.jpg,N
5991.jpg,X
5992.jpg,W
5993.jpg,W
5994.jpg,V
5995.jpg,R
5996.jpg,O
5997.jpg,P
5998.jpg,M
5999.jpg,H
6.jpg,J
60.jpg,N
600.jpg,C
6000.jpg,K
6001.jpg,J
6002.jpg,Y
6003.jpg,U
6004.jpg,N
6005.jpg,B
6006.jpg,B
6007.jpg,X
6008.jpg,S
6009.jpg,L
601.jpg,Y
6010.jpg,P
6011.jpg,J
6012.jpg,O
6013.jpg,E
6014.jpg,Q
6015.jpg,N
6016.jpg,X
6017.jpg,Y
6018.jpg,R
6019.jpg,E
602.jpg,R
6020.jpg,W
6021.jpg,U
6022.jpg,P
6023.jpg,Z
6024.jpg,F
6025.jpg,Q
6026.jpg,Y
6027.jpg,O
6028.jpg,Q
6029.jpg,N
603.jpg,V
6030.jpg,Z
6031.jpg,N
6032.jpg,O
6033.jpg,P
6034.jpg,M
6035.jpg,S
6036.jpg,O
6037.jpg,V
6038.jpg,P
6039.jpg,S
604.jpg,O
6040.jpg,O
6041.jpg,S
6042.jpg,O
6043.jpg,Y
6044.jpg,O
6045.jpg,U
6046.jpg,J
6047.jpg,U
6048.jpg,H
6049.jpg,W
605.jpg,R
6050.jpg,L
6051.jpg,Y
6052.jpg,L
6053.jpg,I
6054.jpg,B
6055.jpg,N
6056.jpg,Y
6057.jpg,N
6058.jpg,O
6059.jpg,N
606.jpg,X
6060.jpg,O
6061.jpg,H
6062.jpg,N
6063.jpg,X
6064.jpg,M
6065.jpg,M
6066.jpg,U
6067.jpg,X
6068.jpg,L
6069.jpg,V
607.jpg,M
6070.jpg,W
6071.jpg,X
6072.jpg,U
6073.jpg,P
6074.jpg,Q
6075.jpg,X
6076.jpg,U
6077.jpg,C
6078.jpg,V
6079.jpg,P
608.jpg,S
6080.jpg,Q
6081.jpg,P
6082.jpg,O
6083.jpg,X
6084.jpg,S
6085.jpg,R
6086.jpg,C
6087.jpg,N
6088.jpg,W
6089.jpg,R
609.jpg,M
6090.jpg,O
6091.jpg,R
6092.jpg,M
6093.jpg,B
6094.jpg,P
6095.jpg,C
6096.jpg,Q
6097.jpg,Y
6098.jpg,Y
6099.jpg,R
61.jpg,del
610.jpg,I
6100.jpg,H
6101.jpg,Y
6102.jpg,Z
6103.jpg,M
6104.jpg,N
6105.jpg,U
6106.jpg,U
6107.jpg,O
6108.jpg,X
6109.jpg,M
611.jpg,N
6110.jpg,W
6111.jpg,Q
6112.jpg,M
6113.jpg,P
6114.jpg,M
6115.jpg,P
6116.jpg,M
6117.jpg,B
6118.jpg,X
6119.jpg,U
612.jpg,A
6120.jpg,O
6121.jpg,P
6122.jpg,C
6123.jpg,W
6124.jpg,space
6125.jpg,Z
6126.jpg,M
6127.jpg,N
6128.jpg,J
6129.jpg,N
613.jpg,J
6130.jpg,P
6131.jpg,M
6132.jpg,P
6133.jpg,P
6134.jpg,M
6135.jpg,Q
6136.jpg,J
6137.jpg,Q
6138.jpg,M
6139.jpg,S
614.jpg,X
6140.jpg,S
6141.jpg,M
6142.jpg,A
6143.jpg,Y
6144.jpg,N
6145.jpg,M
6146.jpg,M
6147.jpg,K
6148.jpg,X
6149.jpg,M
615.jpg,E
6150.jpg,I
6151.jpg,S
6152.jpg,C
6153.jpg,N
6154.jpg,B
6155.jpg,M
6156.jpg,W
6157.jpg,N
6158.jpg,L
6159.jpg,N
616.jpg,J
6160.jpg,R
6161.jpg,J
6162.jpg,G
6163.jpg,P
6164.jpg,W
6165.jpg,O
6166.jpg,K
6167.jpg,O
6168.jpg,X
6169.jpg,R
617.jpg,Q
6170.jpg,M
6171.jpg,M
6172.jpg,W
6173.jpg,M
6174.jpg,J
6175.jpg,S
6176.jpg,N
6177.jpg,O
6178.jpg,O
6179.jpg,R
618.jpg,J
6180.jpg,M
6181.jpg,L
6182.jpg,C
6183.jpg,X
6184.jpg,U
6185.jpg,O
6186.jpg,M
6187.jpg,A
6188.jpg,Q
6189.jpg,N
619.jpg,O
6190.jpg,C
6191.jpg,N
6192.jpg,N
6193.jpg,M
6194.jpg,W
6195.jpg,Y
6196.jpg,V
6197.jpg,B
6198.jpg,E
6199.jpg,P
62.jpg,N
620.jpg,U
6200.jpg,N
6201.jpg,A
6202.jpg,C
6203.jpg,R
6204.jpg,O
6205.jpg,N
6206.jpg,J
6207.jpg,I
6208.jpg,J
6209.jpg,J
621.jpg,B
6210.jpg,O
6211.jpg,U
6212.jpg,U
6213.jpg,Q
6214.jpg,Y
6215.jpg,N
6216.jpg,I
6217.jpg,R
6218.jpg,M
6219.jpg,C
622.jpg,M
6220.jpg,M
6221.jpg,N
6222.jpg,J
6223.jpg,U
6224.jpg,M
6225.jpg,S
6226.jpg,M
6227.jpg,H
6228.jpg,X
6229.jpg,B
623.jpg,M
6230.jpg,Q
6231.jpg,N
6232.jpg,L
6233.jpg,M
6234.jpg,U
6235.jpg,B
6236.jpg,X
6237.jpg,H
6238.jpg,Y
6239.jpg,Y
624.jpg,R
6240.jpg,H
6241.jpg,I
6242.jpg,I
6243.jpg,I
6244.jpg,X
6245.jpg,H
6246.jpg,M
6247.jpg,B
6248.jpg,Q
6249.jpg,Q
625.jpg,P
6250.jpg,J
6251.jpg,U
6252.jpg,L
6253.jpg,N
6254.jpg,P
6255.jpg,J
6256.jpg,R
6257.jpg,S
6258.jpg,del
6259.jpg,W
626.jpg,D
6260.jpg,W
6261.jpg,del
6262.jpg,M
6263.jpg,N
6264.jpg,N
6265.jpg,B
6266.jpg,I
6267.jpg,D
6268.jpg,X
6269.jpg,N
627.jpg,I
6270.jpg,W
6271.jpg,V
6272.jpg,E
6273.jpg,T
6274.jpg,O
6275.jpg,H
6276.jpg,Y
6277.jpg,P
6278.jpg,R
6279.jpg,M
628.jpg,W
6280.jpg,S
6281.jpg,G
6282.jpg,Y
6283.jpg,M
6284.jpg,B
6285.jpg,U
6286.jpg,L
6287.jpg,nothing
6288.jpg,J
6289.jpg,W
629.jpg,N
6290.jpg,P
6291.jpg,Q
6292.jpg,V
6293.jpg,Q
6294.jpg,B
6295.jpg,N
6296.jpg,X
6297.jpg,A
6298.jpg,Z
6299.jpg,Y
63.jpg,N
630.jpg,Q
6300.jpg,H
6301.jpg,U
6302.jpg,X
6303.jpg,V
6304.jpg,O
6305.jpg,Q
6306.jpg,B
6307.jpg,M
6308.jpg,M
6309.jpg,P
631.jpg,I
6310.jpg,Q
6311.jpg,W
6312.jpg,J
6313.jpg,L
6314.jpg,Q
6315.jpg,E
6316.jpg,I
6317.jpg,M
6318.jpg,H
6319.jpg,Y
632.jpg,H
6320.jpg,N
6321.jpg,K
6322.jpg,T
6323.jpg,C
6324.jpg,W
6325.jpg,U
6326.jpg,S
6327.jpg,O
6328.jpg,X
6329.jpg,P
633.jpg,N
6330.jpg,I
6331.jpg,J
6332.jpg,H
6333.jpg,V
6334.jpg,E
6335.jpg,M
6336.jpg,O
6337.jpg,T
6338.jpg,M
6339.jpg,P
634.jpg,M
6340.jpg,M
6341.jpg,H
6342.jpg,Y
6343.jpg,M
6344.jpg,U
6345.jpg,X
6346.jpg,X
6347.jpg,V
6348.jpg,R
6349.jpg,R
635.jpg,J
6350.jpg,P
6351.jpg,P
6352.jpg,B
6353.jpg,O
6354.jpg,F
6355.jpg,Z
6356.jpg,A
6357.jpg,N
6358.jpg,P
6359.jpg,M
636.jpg,S
6360.jpg,M
6361.jpg,M
6362.jpg,K
6363.jpg,O
6364.jpg,M
6365.jpg,N
6366.jpg,P
6367.jpg,Q
6368.jpg,O
6369.jpg,R
637.jpg,U
6370.jpg,K
6371.jpg,X
6372.jpg,O
6373.jpg,Q
6374.jpg,B
6375.jpg,P
6376.jpg,A
6377.jpg,M
6378.jpg,B
6379.jpg,Z
638.jpg,R
6380.jpg,C
6381.jpg,Z
6382.jpg,H
6383.jpg,Q
6384.jpg,J
6385.jpg,M
6386.jpg,J
6387.jpg,O
6388.jpg,K
6389.jpg,Z
639.jpg,V
6390.jpg,Y
6391.jpg,J
6392.jpg,M
6393.jpg,N
6394.jpg,Q
6395.jpg,C
6396.jpg,B
6397.jpg,R
6398.jpg,J
6399.jpg,U
64.jpg,C
640.jpg,R
6400.jpg,P
6401.jpg,Z
6402.jpg,T
6403.jpg,A
6404.jpg,N
6405.jpg,R
6406.jpg,W
6407.jpg,K
6408.jpg,U
6409.jpg,R
641.jpg,N
6410.jpg,B
6411.jpg,N
6412.jpg,K
6413.jpg,M
6414.jpg,N
6415.jpg,S
6416.jpg,X
6417.jpg,V
6418.jpg,Q
6419.jpg,P
642.jpg,M
6420.jpg,space
6421.jpg,P
6422.jpg,N
6423.jpg,U
6424.jpg,I
6425.jpg,R
6426.jpg,del
6427.jpg,X
6428.jpg,V
6429.jpg,N
643.jpg,U
6430.jpg,G
6431.jpg,P
6432.jpg,M
6433.jpg,P
6434.jpg,H
6435.jpg,L
6436.jpg,W
6437.jpg,R
6438.jpg,C
6439.jpg,U
644.jpg,T
6440.jpg,M
6441.jpg,R
6442.jpg,M
6443.jpg,M
6444.jpg,W
6445.jpg,V
6446.jpg,P
6447.jpg,T
6448.jpg,S
6449.jpg,W
645.jpg,E
6450.jpg,Q
6451.jpg,del
6452.jpg,C
6453.jpg,V
6454.jpg,U
6455.jpg,S
6456.jpg,U
6457.jpg,R
6458.jpg,S
6459.jpg,N
646.jpg,P
6460.jpg,X
6461.jpg,H
6462.jpg,N
6463.jpg,I
6464.jpg,M
6465.jpg,X
6466.jpg,O
6467.jpg,Q
6468.jpg,space
6469.jpg,O
647.jpg,M
6470.jpg,I
6471.jpg,N
6472.jpg,M
6473.jpg,C
6474.jpg,M
6475.jpg,X
6476.jpg,U
6477.jpg,N
6478.jpg,P
6479.jpg,O
648.jpg,W
6480.jpg,J
6481.jpg,S
6482.jpg,P
6483.jpg,J
6484.jpg,P
6485.jpg,C
6486.jpg,J
6487.jpg,M
6488.jpg,M
6489.jpg,N
649.jpg,X
6490.jpg,E
6491.jpg,O
6492.jpg,O
6493.jpg,M
6494.jpg,J
6495.jpg,O
6496.jpg,U
6497.jpg,O
6498.jpg,P
6499.jpg,J
65.jpg,M
650.jpg,N
6500.jpg,U
6501.jpg,U
6502.jpg,P
6503.jpg,L
6504.jpg,O
6505.jpg,O
6506.jpg,C
6507.jpg,R
6508.jpg,N
6509.jpg,X
651.jpg,U
6510.jpg,W
6511.jpg,U
6512.jpg,E
6513.jpg,O
6514.jpg,N
6515.jpg,N
6516.jpg,B
6517.jpg,L
6518.jpg,space
6519.jpg,J
652.jpg,E
6520.jpg,Q
6521.jpg,X
6522.jpg,V
6523.jpg,C
6524.jpg,Q
6525.jpg,Q
6526.jpg,R
6527.jpg,S
6528.jpg,R
6529.jpg,U
653.jpg,W
6530.jpg,R
6531.jpg,J
6532.jpg,J
6533.jpg,K
6534.jpg,P
6535.jpg,M
6536.jpg,M
6537.jpg,J
6538.jpg,K
6539.jpg,M
654.jpg,M
6540.jpg,Y
6541.jpg,U
6542.jpg,M
6543.jpg,I
6544.jpg,M
6545.jpg,P
6546.jpg,K
6547.jpg,B
6548.jpg,R
6549.jpg,G
655.jpg,A
6550.jpg,B
6551.jpg,M
6552.jpg,M
6553.jpg,Y
6554.jpg,Y
6555.jpg,E
6556.jpg,D
6557.jpg,M
6558.jpg,C
6559.jpg,C
656.jpg,T
6560.jpg,B
6561.jpg,V
6562.jpg,N
6563.jpg,R
6564.jpg,J
6565.jpg,Z
6566.jpg,Q
6567.jpg,S
6568.jpg,M
6569.jpg,U
657.jpg,U
6570.jpg,W
6571.jpg,U
6572.jpg,M
6573.jpg,F
6574.jpg,U
6575.jpg,M
6576.jpg,M
6577.jpg,H
6578.jpg,K
6579.jpg,M
658.jpg,N
6580.jpg,X
6581.jpg,H
6582.jpg,L
6583.jpg,Q
6584.jpg,N
6585.jpg,W
6586.jpg,K
6587.jpg,X
6588.jpg,C
6589.jpg,C
659.jpg,J
6590.jpg,U
6591.jpg,I
6592.jpg,U
6593.jpg,M
6594.jpg,Q
6595.jpg,W
6596.jpg,Q
6597.jpg,P
6598.jpg,U
6599.jpg,Y
66.jpg,O
660.jpg,J
6600.jpg,R
6601.jpg,I
6602.jpg,U
6603.jpg,M
6604.jpg,space
6605.jpg,W
6606.jpg,M
6607.jpg,L
6608.jpg,P
6609.jpg,O
661.jpg,V
6610.jpg,N
6611.jpg,N
6612.jpg,Q
6613.jpg,H
6614.jpg,I
6615.jpg,M
6616.jpg,K
6617.jpg,I
6618.jpg,J
6619.jpg,V
662.jpg,O
6620.jpg,M
6621.jpg,X
6622.jpg,N
6623.jpg,T
6624.jpg,Q
6625.jpg,C
6626.jpg,del
6627.jpg,R
6628.jpg,C
6629.jpg,M
663.jpg,C
6630.jpg,B
6631.jpg,L
6632.jpg,C
6633.jpg,M
6634.jpg,X
6635.jpg,K
6636.jpg,J
6637.jpg,N
6638.jpg,M
6639.jpg,V
664.jpg,J
6640.jpg,del
6641.jpg,M
6642.jpg,R
6643.jpg,N
6644.jpg,K
6645.jpg,M
6646.jpg,Y
6647.jpg,A
6648.jpg,M
6649.jpg,A
665.jpg,P
6650.jpg,O
6651.jpg,H
6652.jpg,L
6653.jpg,P
6654.jpg,E
6655.jpg,M
6656.jpg,F
6657.jpg,W
6658.jpg,M
6659.jpg,J
666.jpg,R
6660.jpg,C
6661.jpg,V
6662.jpg,O
6663.jpg,M
6664.jpg,P
6665.jpg,R
6666.jpg,V
6667.jpg,R
6668.jpg,R
6669.jpg,W
667.jpg,F
6670.jpg,L
6671.jpg,R
6672.jpg,M
6673.jpg,K
6674.jpg,X
6675.jpg,S
6676.jpg,O
6677.jpg,X
6678.jpg,I
6679.jpg,M
668.jpg,H
6680.jpg,H
6681.jpg,Q
6682.jpg,F
6683.jpg,J
6684.jpg,Y
6685.jpg,N
6686.jpg,Y
6687.jpg,K
6688.jpg,P
6689.jpg,O
669.jpg,A
6690.jpg,U
6691.jpg,M
6692.jpg,R
6693.jpg,Q
6694.jpg,W
6695.jpg,N
6696.jpg,Z
6697.jpg,K
6698.jpg,I
6699.jpg,M
67.jpg,Q
670.jpg,N
6700.jpg,O
6701.jpg,R
6702.jpg,P
6703.jpg,F
6704.jpg,O
6705.jpg,S
6706.jpg,V
6707.jpg,R
6708.jpg,K
6709.jpg,P
671.jpg,S
6710.jpg,B
6711.jpg,J
6712.jpg,J
6713.jpg,A
6714.jpg,J
6715.jpg,I
6716.jpg,M
6717.jpg,O
6718.jpg,P
6719.jpg,O
672.jpg,N
6720.jpg,S
6721.jpg,N
6722.jpg,T
6723.jpg,D
6724.jpg,W
6725.jpg,M
6726.jpg,J
6727.jpg,V
6728.jpg,H
6729.jpg,B
673.jpg,U
6730.jpg,P
6731.jpg,R
6732.jpg,W
6733.jpg,N
6734.jpg,P
6735.jpg,V
6736.jpg,V
6737.jpg,R
6738.jpg,J
6739.jpg,L
674.jpg,M
6740.jpg,P
6741.jpg,M
6742.jpg,I
6743.jpg,L
6744.jpg,H
6745.jpg,M
6746.jpg,O
6747.jpg,J
6748.jpg,S
6749.jpg,U
675.jpg,L
6750.jpg,M
6751.jpg,I
6752.jpg,U
6753.jpg,Q
6754.jpg,L
6755.jpg,O
6756.jpg,M
6757.jpg,K
6758.jpg,Y
6759.jpg,O
676.jpg,P
6760.jpg,B
6761.jpg,Q
6762.jpg,L
6763.jpg,W
6764.jpg,del
6765.jpg,R
6766.jpg,P
6767.jpg,P
6768.jpg,J
6769.jpg,J
677.jpg,B
6770.jpg,Y
6771.jpg,A
6772.jpg,P
6773.jpg,M
6774.jpg,W
6775.jpg,L
6776.jpg,N
6777.jpg,P
6778.jpg,X
6779.jpg,Z
678.jpg,J
6780.jpg,X
6781.jpg,W
6782.jpg,P
6783.jpg,R
6784.jpg,L
6785.jpg,W
6786.jpg,B
6787.jpg,O
6788.jpg,M
6789.jpg,J
679.jpg,P
6790.jpg,M
6791.jpg,N
6792.jpg,L
6793.jpg,H
6794.jpg,A
6795.jpg,Y
6796.jpg,N
6797.jpg,S
6798.jpg,P
6799.jpg,M
68.jpg,W
680.jpg,M
6800.jpg,P
6801.jpg,M
6802.jpg,W
6803.jpg,N
6804.jpg,M
6805.jpg,H
6806.jpg,X
6807.jpg,M
6808.jpg,J
6809.jpg,K
681.jpg,M
6810.jpg,J
6811.jpg,X
6812.jpg,A
6813.jpg,X
6814.jpg,M
6815.jpg,H
6816.jpg,W
6817.jpg,V
6818.jpg,B
6819.jpg,B
682.jpg,B
6820.jpg,S
6821.jpg,M
6822.jpg,Y
6823.jpg,M
6824.jpg,J
6825.jpg,V
6826.jpg,R
6827.jpg,Q
6828.jpg,O
6829.jpg,N
683.jpg,D
6830.jpg,W
6831.jpg,M
6832.jpg,R
6833.jpg,M
6834.jpg,K
6835.jpg,Y
6836.jpg,D
6837.jpg,I
6838.jpg,P
6839.jpg,O
684.jpg,B
6840.jpg,I
6841.jpg,X
6842.jpg,B
6843.jpg,J
6844.jpg,M
6845.jpg,Y
6846.jpg,U
6847.jpg,N
6848.jpg,M
6849.jpg,R
685.jpg,X
6850.jpg,H
6851.jpg,V
6852.jpg,M
6853.jpg,X
6854.jpg,O
6855.jpg,S
6856.jpg,W
6857.jpg,H
6858.jpg,I
6859.jpg,E
686.jpg,W
6860.jpg,M
6861.jpg,U
6862.jpg,J
6863.jpg,M
6864.jpg,Q
6865.jpg,N
6866.jpg,H
6867.jpg,space
6868.jpg,M
6869.jpg,J
687.jpg,J
6870.jpg,U
6871.jpg,L
6872.jpg,P
6873.jpg,W
6874.jpg,X
6875.jpg,V
6876.jpg,B
6877.jpg,M
6878.jpg,N
6879.jpg,R
688.jpg,Q
6880.jpg,G
6881.jpg,X
6882.jpg,I
6883.jpg,M
6884.jpg,K
6885.jpg,L
6886.jpg,T
6887.jpg,N
6888.jpg,Q
6889.jpg,N
689.jpg,T
6890.jpg,P
6891.jpg,Y
6892.jpg,W
6893.jpg,B
6894.jpg,N
6895.jpg,Q
6896.jpg,P
6897.jpg,J
6898.jpg,J
6899.jpg,H
69.jpg,L
690.jpg,X
6900.jpg,J
6901.jpg,W
6902.jpg,E
6903.jpg,M
6904.jpg,Q
6905.jpg,K
6906.jpg,V
6907.jpg,B
6908.jpg,O
6909.jpg,O
691.jpg,Z
6910.jpg,X
6911.jpg,I
6912.jpg,O
6913.jpg,J
6914.jpg,P
6915.jpg,P
6916.jpg,J
6917.jpg,P
6918.jpg,M
6919.jpg,N
692.jpg,V
6920.jpg,Y
6921.jpg,B
6922.jpg,G
6923.jpg,I
6924.jpg,N
6925.jpg,N
6926.jpg,Q
6927.jpg,M
6928.jpg,U
6929.jpg,I
693.jpg,U
6930.jpg,W
6931.jpg,M
6932.jpg,E
6933.jpg,L
6934.jpg,M
6935.jpg,S
6936.jpg,W
6937.jpg,M
6938.jpg,V
6939.jpg,J
694.jpg,M
6940.jpg,I
6941.jpg,M
6942.jpg,P
6943.jpg,I
6944.jpg,M
6945.jpg,R
6946.jpg,O
6947.jpg,N
6948.jpg,B
6949.jpg,N
695.jpg,S
6950.jpg,B
6951.jpg,R
6952.jpg,S
6953.jpg,I
6954.jpg,W
6955.jpg,J
6956.jpg,K
6957.jpg,I
6958.jpg,O
6959.jpg,W
696.jpg,N
6960.jpg,K
6961.jpg,M
6962.jpg,P
6963.jpg,U
6964.jpg,B
6965.jpg,X
6966.jpg,Q
6967.jpg,K
6968.jpg,J
6969.jpg,V
697.jpg,J
6970.jpg,A
6971.jpg,J
6972.jpg,W
6973.jpg,H
6974.jpg,Y
6975.jpg,R
6976.jpg,J
6977.jpg,N
6978.jpg,L
6979.jpg,S
698.jpg,J
6980.jpg,J
6981.jpg,H
6982.jpg,P
6983.jpg,X
6984.jpg,O
6985.jpg,N
6986.jpg,U
6987.jpg,space
6988.jpg,S
6989.jpg,N
699.jpg,B
6990.jpg,L
6991.jpg,V
6992.jpg,B
6993.jpg,M
6994.jpg,O
6995.jpg,B
6996.jpg,M
6997.jpg,Y
6998.jpg,C
6999.jpg,Y
7.jpg,I
70.jpg,T
700.jpg,A
7000.jpg,O
7001.jpg,Y
7002.jpg,M
7003.jpg,R
7004.jpg,K
7005.jpg,R
7006.jpg,Q
7007.jpg,H
7008.jpg,M
7009.jpg,H
701.jpg,O
7010.jpg,W
7011.jpg,H
7012.jpg,M
7013.jpg,J
7014.jpg,N
7015.jpg,B
7016.jpg,R
7017.jpg,H
7018.jpg,J
7019.jpg,O
702.jpg,L
7020.jpg,U
7021.jpg,A
7022.jpg,B
7023.jpg,M
7024.jpg,J
7025.jpg,V
7026.jpg,O
7027.jpg,N
7028.jpg,P
7029.jpg,O
703.jpg,B
7030.jpg,N
7031.jpg,M
7032.jpg,U
7033.jpg,O
7034.jpg,N
7035.jpg,Y
7036.jpg,I
7037.jpg,C
7038.jpg,H
7039.jpg,O
704.jpg,J
7040.jpg,nothing
7041.jpg,J
7042.jpg,P
7043.jpg,del
7044.jpg,E
7045.jpg,H
7046.jpg,A
7047.jpg,J
7048.jpg,S
7049.jpg,Q
705.jpg,E
7050.jpg,B
7051.jpg,L
7052.jpg,J
7053.jpg,K
7054.jpg,P
7055.jpg,R
7056.jpg,J
7057.jpg,U
7058.jpg,I
7059.jpg,S
706.jpg,P
7060.jpg,M
7061.jpg,K
7062.jpg,N
7063.jpg,M
7064.jpg,M
7065.jpg,U
7066.jpg,U
7067.jpg,M
7068.jpg,K
7069.jpg,M
707.jpg,Q
7070.jpg,V
7071.jpg,W
7072.jpg,W
7073.jpg,L
7074.jpg,J
7075.jpg,J
7076.jpg,S
7077.jpg,M
7078.jpg,U
7079.jpg,N
708.jpg,P
7080.jpg,N
7081.jpg,Q
7082.jpg,R
7083.jpg,U
7084.jpg,C
7085.jpg,E
7086.jpg,C
7087.jpg,B
7088.jpg,Q
7089.jpg,K
709.jpg,B
7090.jpg,M
7091.jpg,N
7092.jpg,N
7093.jpg,P
7094.jpg,Q
7095.jpg,M
7096.jpg,M
7097.jpg,V
7098.jpg,M
7099.jpg,N
71.jpg,del
710.jpg,G
7100.jpg,L
7101.jpg,U
7102.jpg,N
7103.jpg,N
7104.jpg,E
7105.jpg,S
7106.jpg,N
7107.jpg,N
7108.jpg,B
7109.jpg,Q
711.jpg,W
7110.jpg,V
7111.jpg,M
7112.jpg,H
7113.jpg,P
7114.jpg,N
7115.jpg,M
7116.jpg,O
7117.jpg,X
7118.jpg,O
7119.jpg,W
712.jpg,O
7120.jpg,B
7121.jpg,Q
7122.jpg,I
7123.jpg,M
7124.jpg,B
7125.jpg,B
7126.jpg,N
7127.jpg,B
7128.jpg,X
7129.jpg,Y
713.jpg,R
7130.jpg,N
7131.jpg,J
7132.jpg,R
7133.jpg,R
7134.jpg,Y
7135.jpg,X
7136.jpg,M
7137.jpg,A
7138.jpg,M
7139.jpg,V
714.jpg,O
7140.jpg,N
7141.jpg,J
7142.jpg,H
7143.jpg,P
7144.jpg,W
7145.jpg,B
7146.jpg,X
7147.jpg,J
7148.jpg,K
7149.jpg,M
715.jpg,B
7150.jpg,M
7151.jpg,H
7152.jpg,space
7153.jpg,L
7154.jpg,X
7155.jpg,E
7156.jpg,B
7157.jpg,M
7158.jpg,J
7159.jpg,H
716.jpg,S
7160.jpg,N
7161.jpg,Y
7162.jpg,M
7163.jpg,J
7164.jpg,J
7165.jpg,J
7166.jpg,X
7167.jpg,Y
7168.jpg,W
7169.jpg,X
717.jpg,Y
7170.jpg,O
7171.jpg,B
7172.jpg,A
7173.jpg,J
7174.jpg,K
7175.jpg,I
7176.jpg,L
7177.jpg,P
7178.jpg,V
7179.jpg,N
718.jpg,H
7180.jpg,K
7181.jpg,K
7182.jpg,S
7183.jpg,R
7184.jpg,A
7185.jpg,M
7186.jpg,Q
7187.jpg,W
7188.jpg,O
7189.jpg,N
719.jpg,H
7190.jpg,P
7191.jpg,L
7192.jpg,E
7193.jpg,U
7194.jpg,X
7195.jpg,W
7196.jpg,P
7197.jpg,K
7198.jpg,J
7199.jpg,X
72.jpg,M
720.jpg,W
7200.jpg,R
7201.jpg,P
7202.jpg,B
7203.jpg,H
7204.jpg,U
7205.jpg,A
7206.jpg,M
7207.jpg,M
7208.jpg,B
7209.jpg,U
721.jpg,M
7210.jpg,M
7211.jpg,V
7212.jpg,P
7213.jpg,G
7214.jpg,D
7215.jpg,N
7216.jpg,U
7217.jpg,Z
7218.jpg,V
7219.jpg,J
722.jpg,J
7220.jpg,K
7221.jpg,H
7222.jpg,W
7223.jpg,M
7224.jpg,X
7225.jpg,H
7226.jpg,W
7227.jpg,Q
7228.jpg,H
7229.jpg,L
723.jpg,O
7230.jpg,U
7231.jpg,Y
7232.jpg,C
7233.jpg,V
7234.jpg,B
7235.jpg,R
7236.jpg,M
7237.jpg,X
7238.jpg,R
7239.jpg,V
724.jpg,W
7240.jpg,M
7241.jpg,O
7242.jpg,X
7243.jpg,Y
7244.jpg,A
7245.jpg,Y
7246.jpg,E
7247.jpg,E
7248.jpg,B
7249.jpg,M
725.jpg,Q
7250.jpg,K
7251.jpg,U
7252.jpg,U
7253.jpg,W
7254.jpg,S
7255.jpg,C
7256.jpg,A
7257.jpg,X
7258.jpg,O
7259.jpg,J
726.jpg,E
7260.jpg,O
7261.jpg,J
7262.jpg,del
7263.jpg,K
7264.jpg,M
7265.jpg,H
7266.jpg,J
7267.jpg,J
7268.jpg,W
7269.jpg,W
727.jpg,R
7270.jpg,H
7271.jpg,E
7272.jpg,N
7273.jpg,U
7274.jpg,O
7275.jpg,A
7276.jpg,O
7277.jpg,S
7278.jpg,M
7279.jpg,K
728.jpg,M
7280.jpg,M
7281.jpg,E
7282.jpg,V
7283.jpg,J
7284.jpg,P
7285.jpg,L
7286.jpg,N
7287.jpg,H
7288.jpg,Y
7289.jpg,V
729.jpg,R
7290.jpg,J
7291.jpg,B
7292.jpg,L
7293.jpg,N
7294.jpg,J
7295.jpg,K
7296.jpg,N
7297.jpg,K
7298.jpg,R
7299.jpg,M
73.jpg,N
730.jpg,Q
7300.jpg,J
7301.jpg,W
7302.jpg,M
7303.jpg,H
7304.jpg,O
7305.jpg,R
7306.jpg,K
7307.jpg,P
7308.jpg,O
7309.jpg,N
731.jpg,M
7310.jpg,I
7311.jpg,N
7312.jpg,B
7313.jpg,M
7314.jpg,K
7315.jpg,V
7316.jpg,V
7317.jpg,P
7318.jpg,U
7319.jpg,M
732.jpg,I
7320.jpg,A
7321.jpg,B
7322.jpg,W
7323.jpg,R
7324.jpg,B
7325.jpg,S
7326.jpg,T
7327.jpg,H
7328.jpg,Q
7329.jpg,L
733.jpg,O
7330.jpg,M
7331.jpg,B
7332.jpg,J
7333.jpg,Q
7334.jpg,O
7335.jpg,R
7336.jpg,U
7337.jpg,S
7338.jpg,U
7339.jpg,O
734.jpg,K
7340.jpg,O
7341.jpg,O
7342.jpg,W
7343.jpg,H
7344.jpg,I
7345.jpg,M
7346.jpg,P
7347.jpg,R
7348.jpg,Q
7349.jpg,M
735.jpg,N
7350.jpg,W
7351.jpg,E
7352.jpg,N
7353.jpg,L
7354.jpg,del
7355.jpg,P
7356.jpg,S
7357.jpg,L
7358.jpg,space
7359.jpg,G
736.jpg,G
7360.jpg,P
7361.jpg,H
7362.jpg,K
7363.jpg,O
7364.jpg,B
7365.jpg,W
7366.jpg,O
7367.jpg,O
7368.jpg,M
7369.jpg,O
737.jpg,U
7370.jpg,M
7371.jpg,Q
7372.jpg,M
7373.jpg,M
7374.jpg,J
7375.jpg,S
7376.jpg,Z
7377.jpg,M
7378.jpg,J
7379.jpg,Q
738.jpg,M
7380.jpg,N
7381.jpg,U
7382.jpg,H
7383.jpg,L
7384.jpg,O
7385.jpg,nothing
7386.jpg,X
7387.jpg,O
7388.jpg,M
7389.jpg,X
739.jpg,O
7390.jpg,S
7391.jpg,V
7392.jpg,M
7393.jpg,L
7394.jpg,C
7395.jpg,B
7396.jpg,N
7397.jpg,O
7398.jpg,M
7399.jpg,C
74.jpg,B
740.jpg,L
7400.jpg,M
7401.jpg,S
7402.jpg,U
7403.jpg,B
7404.jpg,W
7405.jpg,M
7406.jpg,S
7407.jpg,E
7408.jpg,X
7409.jpg,O
741.jpg,K
7410.jpg,N
7411.jpg,R
7412.jpg,N
7413.jpg,N
7414.jpg,N
7415.jpg,N
7416.jpg,K
7417.jpg,Q
7418.jpg,J
7419.jpg,J
742.jpg,N
7420.jpg,B
7421.jpg,H
7422.jpg,F
7423.jpg,E
7424.jpg,R
7425.jpg,P
7426.jpg,O
7427.jpg,P
7428.jpg,M
7429.jpg,H
743.jpg,R
7430.jpg,U
7431.jpg,O
7432.jpg,U
7433.jpg,P
7434.jpg,K
7435.jpg,Z
7436.jpg,Y
7437.jpg,J
7438.jpg,X
7439.jpg,P
744.jpg,space
7440.jpg,S
7441.jpg,J
7442.jpg,W
7443.jpg,P
7444.jpg,R
7445.jpg,E
7446.jpg,P
7447.jpg,O
7448.jpg,V
7449.jpg,U
745.jpg,Y
7450.jpg,R
7451.jpg,M
7452.jpg,P
7453.jpg,Q
7454.jpg,K
7455.jpg,U
7456.jpg,N
7457.jpg,W
7458.jpg,M
7459.jpg,L
746.jpg,W
7460.jpg,Q
7461.jpg,M
7462.jpg,Q
7463.jpg,U
7464.jpg,K
7465.jpg,R
7466.jpg,O
7467.jpg,M
7468.jpg,X
7469.jpg,M
747.jpg,Y
7470.jpg,P
7471.jpg,P
7472.jpg,W
7473.jpg,M
7474.jpg,U
7475.jpg,X
7476.jpg,U
7477.jpg,U
7478.jpg,K
7479.jpg,H
748.jpg,N
7480.jpg,M
7481.jpg,U
7482.jpg,O
7483.jpg,H
7484.jpg,N
7485.jpg,M
7486.jpg,D
7487.jpg,V
7488.jpg,N
7489.jpg,N
749.jpg,S
7490.jpg,N
7491.jpg,E
7492.jpg,M
7493.jpg,M
7494.jpg,M
7495.jpg,N
7496.jpg,N
7497.jpg,B
7498.jpg,J
7499.jpg,M
75.jpg,O
750.jpg,M
7500.jpg,U
7501.jpg,S
7502.jpg,O
7503.jpg,L
7504.jpg,M
7505.jpg,B
7506.jpg,Y
7507.jpg,M
7508.jpg,L
7509.jpg,R
751.jpg,S
7510.jpg,Y
7511.jpg,J
7512.jpg,L
7513.jpg,B
7514.jpg,M
7515.jpg,I
7516.jpg,O
7517.jpg,E
7518.jpg,X
7519.jpg,S
752.jpg,B
7520.jpg,L
7521.jpg,B
7522.jpg,L
7523.jpg,O
7524.jpg,N
7525.jpg,N
7526.jpg,J
7527.jpg,V
7528.jpg,C
7529.jpg,X
753.jpg,N
7530.jpg,O
7531.jpg,Y
7532.jpg,R
7533.jpg,N
7534.jpg,Z
7535.jpg,W
7536.jpg,V
7537.jpg,V
7538.jpg,J
7539.jpg,U
754.jpg,Q
7540.jpg,C
7541.jpg,O
7542.jpg,M
7543.jpg,M
7544.jpg,U
7545.jpg,P
7546.jpg,G
7547.jpg,L
7548.jpg,X
7549.jpg,B
755.jpg,K
7550.jpg,B
7551.jpg,R
7552.jpg,E
7553.jpg,U
7554.jpg,M
7555.jpg,B
7556.jpg,M
7557.jpg,R
7558.jpg,I
7559.jpg,M
756.jpg,Y
7560.jpg,M
7561.jpg,E
7562.jpg,C
7563.jpg,L
7564.jpg,O
7565.jpg,N
7566.jpg,O
7567.jpg,del
7568.jpg,B
7569.jpg,K
757.jpg,K
7570.jpg,L
7571.jpg,O
7572.jpg,C
7573.jpg,L
7574.jpg,P
7575.jpg,W
7576.jpg,O
7577.jpg,M
7578.jpg,U
7579.jpg,P
758.jpg,Y
7580.jpg,M
7581.jpg,S
7582.jpg,M
7583.jpg,R
7584.jpg,O
7585.jpg,R
7586.jpg,M
7587.jpg,W
7588.jpg,C
7589.jpg,H
759.jpg,M
7590.jpg,U
7591.jpg,M
7592.jpg,M
7593.jpg,M
7594.jpg,P
7595.jpg,R
7596.jpg,L
7597.jpg,N
7598.jpg,X
7599.jpg,H
76.jpg,B
760.jpg,P
7600.jpg,P
7601.jpg,K
7602.jpg,O
7603.jpg,C
7604.jpg,B
7605.jpg,U
7606.jpg,E
7607.jpg,M
7608.jpg,I
7609.jpg,N
761.jpg,W
7610.jpg,S
7611.jpg,X
7612.jpg,U
7613.jpg,Z
7614.jpg,Y
7615.jpg,O
7616.jpg,H
7617.jpg,V
7618.jpg,P
7619.jpg,J
762.jpg,N
7620.jpg,I
7621.jpg,U
7622.jpg,J
7623.jpg,T
7624.jpg,X
7625.jpg,Y
7626.jpg,V
7627.jpg,R
7628.jpg,R
7629.jpg,P
763.jpg,Z
7630.jpg,P
7631.jpg,Y
7632.jpg,I
7633.jpg,R
7634.jpg,P
7635.jpg,U
7636.jpg,Y
7637.jpg,M
7638.jpg,N
7639.jpg,B
764.jpg,M
7640.jpg,C
7641.jpg,W
7642.jpg,N
7643.jpg,M
7644.jpg,R
7645.jpg,N
7646.jpg,T
7647.jpg,M
7648.jpg,Q
7649.jpg,A
765.jpg,M
7650.jpg,J
7651.jpg,R
7652.jpg,H
7653.jpg,M
7654.jpg,U
7655.jpg,W
7656.jpg,N
7657.jpg,M
7658.jpg,N
7659.jpg,P
766.jpg,J
7660.jpg,R
7661.jpg,U
7662.jpg,N
7663.jpg,L
7664.jpg,H
7665.jpg,W
7666.jpg,N
7667.jpg,K
7668.jpg,C
7669.jpg,M
767.jpg,U
7670.jpg,E
7671.jpg,M
7672.jpg,U
7673.jpg,K
7674.jpg,U
7675.jpg,C
7676.jpg,H
7677.jpg,M
7678.jpg,K
7679.jpg,H
768.jpg,S
7680.jpg,Q
7681.jpg,M
7682.jpg,U
7683.jpg,U
7684.jpg,O
7685.jpg,K
7686.jpg,M
7687.jpg,H
7688.jpg,R
7689.jpg,N
769.jpg,Q
7690.jpg,M
7691.jpg,B
7692.jpg,S
7693.jpg,X
7694.jpg,S
7695.jpg,Y
7696.jpg,K
7697.jpg,L
7698.jpg,M
7699.jpg,P
77.jpg,W
770.jpg,R
7700.jpg,O
7701.jpg,J
7702.jpg,W
7703.jpg,R
7704.jpg,O
7705.jpg,R
7706.jpg,L
7707.jpg,N
7708.jpg,I
7709.jpg,C
771.jpg,H
7710.jpg,N
7711.jpg,M
7712.jpg,V
7713.jpg,Y
7714.jpg,M
7715.jpg,V
7716.jpg,N
7717.jpg,J
7718.jpg,C
7719.jpg,W
772.jpg,R
7720.jpg,D
7721.jpg,S
7722.jpg,M
7723.jpg,N
7724.jpg,H
7725.jpg,J
7726.jpg,B
7727.jpg,J
7728.jpg,A
7729.jpg,V
773.jpg,P
7730.jpg,J
7731.jpg,del
7732.jpg,O
7733.jpg,M
7734.jpg,C
7735.jpg,J
7736.jpg,W
7737.jpg,O
7738.jpg,C
7739.jpg,O
774.jpg,N
7740.jpg,X
7741.jpg,M
7742.jpg,M
7743.jpg,A
7744.jpg,Q
7745.jpg,C
7746.jpg,U
7747.jpg,C
7748.jpg,W
7749.jpg,N
775.jpg,N
7750.jpg,P
7751.jpg,H
7752.jpg,Y
7753.jpg,L
7754.jpg,M
7755.jpg,J
7756.jpg,W
7757.jpg,N
7758.jpg,N
7759.jpg,Q
776.jpg,C
7760.jpg,K
7761.jpg,W
7762.jpg,W
7763.jpg,V
7764.jpg,M
7765.jpg,N
7766.jpg,M
7767.jpg,N
7768.jpg,L
7769.jpg,L
777.jpg,M
7770.jpg,M
7771.jpg,T
7772.jpg,L
7773.jpg,K
7774.jpg,E
7775.jpg,I
7776.jpg,M
7777.jpg,N
7778.jpg,X
7779.jpg,N
778.jpg,P
7780.jpg,L
7781.jpg,B
7782.jpg,M
7783.jpg,space
7784.jpg,I
7785.jpg,Q
7786.jpg,H
7787.jpg,M
7788.jpg,N
7789.jpg,N
779.jpg,N
7790.jpg,O
7791.jpg,O
7792.jpg,W
7793.jpg,G
7794.jpg,E
7795.jpg,M
7796.jpg,M
7797.jpg,S
7798.jpg,X
7799.jpg,O
78.jpg,R
780.jpg,J
7800.jpg,R
7801.jpg,O
7802.jpg,Y
7803.jpg,S
7804.jpg,B
7805.jpg,C
7806.jpg,J
7807.jpg,U
7808.jpg,X
7809.jpg,U
781.jpg,F
7810.jpg,O
7811.jpg,M
7812.jpg,U
7813.jpg,X
7814.jpg,R
7815.jpg,O
7816.jpg,R
7817.jpg,U
7818.jpg,L
7819.jpg,W
782.jpg,P
7820.jpg,R
7821.jpg,H
7822.jpg,J
7823.jpg,O
7824.jpg,space
7825.jpg,O
7826.jpg,L
7827.jpg,U
7828.jpg,U
7829.jpg,Q
783.jpg,H
7830.jpg,R
7831.jpg,O
7832.jpg,W
7833.jpg,X
7834.jpg,O
7835.jpg,del
7836.jpg,J
7837.jpg,M
7838.jpg,I
7839.jpg,W
784.jpg,J
7840.jpg,M
7841.jpg,J
7842.jpg,O
7843.jpg,space
7844.jpg,U
7845.jpg,M
7846.jpg,Y
7847.jpg,N
7848.jpg,M
7849.jpg,M
785.jpg,W
7850.jpg,Z
7851.jpg,H
7852.jpg,E
7853.jpg,F
7854.jpg,J
7855.jpg,Y
7856.jpg,P
7857.jpg,C
7858.jpg,O
7859.jpg,L
786.jpg,V
7860.jpg,Y
7861.jpg,B
7862.jpg,space
7863.jpg,A
7864.jpg,S
7865.jpg,P
7866.jpg,V
7867.jpg,P
7868.jpg,C
7869.jpg,P
787.jpg,P
7870.jpg,O
7871.jpg,U
7872.jpg,P
7873.jpg,del
7874.jpg,V
7875.jpg,L
7876.jpg,B
7877.jpg,Y
7878.jpg,L
7879.jpg,M
788.jpg,Y
7880.jpg,R
7881.jpg,P
7882.jpg,P
7883.jpg,W
7884.jpg,U
7885.jpg,Y
7886.jpg,W
7887.jpg,L
7888.jpg,O
7889.jpg,Q
789.jpg,H
7890.jpg,O
7891.jpg,O
7892.jpg,M
7893.jpg,O
7894.jpg,U
7895.jpg,F
7896.jpg,E
7897.jpg,L
7898.jpg,U
7899.jpg,Y
79.jpg,J
790.jpg,O
7900.jpg,Q
7901.jpg,I
7902.jpg,P
7903.jpg,R
7904.jpg,M
7905.jpg,Q
7906.jpg,R
7907.jpg,D
7908.jpg,W
7909.jpg,R
791.jpg,V
7910.jpg,K
7911.jpg,G
7912.jpg,A
7913.jpg,N
7914.jpg,A
7915.jpg,H
7916.jpg,Z
7917.jpg,B
7918.jpg,W
7919.jpg,P
792.jpg,B
7920.jpg,Q
7921.jpg,Y
7922.jpg,N
7923.jpg,K
7924.jpg,X
7925.jpg,U
7926.jpg,H
7927.jpg,A
7928.jpg,R
7929.jpg,Y
793.jpg,M
7930.jpg,J
7931.jpg,S
7932.jpg,B
7933.jpg,J
7934.jpg,R
7935.jpg,U
7936.jpg,V
7937.jpg,J
7938.jpg,I
7939.jpg,S
794.jpg,K
7940.jpg,W
7941.jpg,M
7942.jpg,Q
7943.jpg,V
7944.jpg,O
7945.jpg,M
7946.jpg,M
7947.jpg,D
7948.jpg,P
7949.jpg,Q
795.jpg,Y
7950.jpg,V
7951.jpg,U
7952.jpg,O
7953.jpg,W
7954.jpg,V
7955.jpg,I
7956.jpg,N
7957.jpg,R
7958.jpg,N
7959.jpg,C
796.jpg,W
7960.jpg,B
7961.jpg,O
7962.jpg,U
7963.jpg,L
7964.jpg,X
7965.jpg,N
7966.jpg,Y
7967.jpg,M
7968.jpg,A
7969.jpg,Q
797.jpg,L
7970.jpg,X
7971.jpg,M
7972.jpg,K
7973.jpg,V
7974.jpg,I
7975.jpg,K
7976.jpg,L
7977.jpg,N
7978.jpg,B
7979.jpg,S
798.jpg,B
7980.jpg,W
7981.jpg,U
7982.jpg,I
7983.jpg,N
7984.jpg,X
7985.jpg,P
7986.jpg,U
7987.jpg,E
7988.jpg,S
7989.jpg,K
799.jpg,M
7990.jpg,O
7991.jpg,K
7992.jpg,M
7993.jpg,P
7994.jpg,W
7995.jpg,N
7996.jpg,V
7997.jpg,N
7998.jpg,Q
7999.jpg,J
8.jpg,F
80.jpg,M
800.jpg,L
8000.jpg,del
8001.jpg,J
8002.jpg,I
8003.jpg,S
8004.jpg,B
8005.jpg,J
8006.jpg,Y
8007.jpg,M
8008.jpg,M
8009.jpg,space
801.jpg,U
8010.jpg,M
8011.jpg,P
8012.jpg,N
8013.jpg,X
8014.jpg,L
8015.jpg,Y
8016.jpg,R
8017.jpg,I
8018.jpg,B
8019.jpg,H
802.jpg,N
8020.jpg,V
8021.jpg,X
8022.jpg,W
8023.jpg,W
8024.jpg,O
8025.jpg,S
8026.jpg,H
8027.jpg,I
8028.jpg,M
8029.jpg,I
803.jpg,N
8030.jpg,P
8031.jpg,O
8032.jpg,R
8033.jpg,B
8034.jpg,L
8035.jpg,J
8036.jpg,J
8037.jpg,H
8038.jpg,N
8039.jpg,K
804.jpg,M
8040.jpg,M
8041.jpg,N
8042.jpg,Q
8043.jpg,N
8044.jpg,B
8045.jpg,S
8046.jpg,Q
8047.jpg,A
8048.jpg,B
8049.jpg,W
805.jpg,Y
8050.jpg,P
8051.jpg,R
8052.jpg,K
8053.jpg,M
8054.jpg,H
8055.jpg,U
8056.jpg,H
8057.jpg,L
8058.jpg,Q
8059.jpg,X
806.jpg,R
8060.jpg,V
8061.jpg,P
8062.jpg,K
8063.jpg,J
8064.jpg,M
8065.jpg,P
8066.jpg,C
8067.jpg,L
8068.jpg,H
8069.jpg,N
807.jpg,I
8070.jpg,V
8071.jpg,E
8072.jpg,U
8073.jpg,N
8074.jpg,M
8075.jpg,V
8076.jpg,U
8077.jpg,I
8078.jpg,T
8079.jpg,M
808.jpg,O
8080.jpg,N
8081.jpg,O
8082.jpg,space
8083.jpg,M
8084.jpg,O
8085.jpg,S
8086.jpg,M
8087.jpg,C
8088.jpg,N
8089.jpg,P
809.jpg,J
8090.jpg,J
8091.jpg,W
8092.jpg,Q
8093.jpg,B
8094.jpg,L
8095.jpg,N
8096.jpg,H
8097.jpg,M
8098.jpg,J
8099.jpg,U
81.jpg,X
810.jpg,C
8100.jpg,M
8101.jpg,C
8102.jpg,K
8103.jpg,U
8104.jpg,M
8105.jpg,K
8106.jpg,C
8107.jpg,R
8108.jpg,W
8109.jpg,H
811.jpg,R
8110.jpg,K
8111.jpg,I
8112.jpg,H
8113.jpg,F
8114.jpg,C
8115.jpg,M
8116.jpg,Y
8117.jpg,del
8118.jpg,O
8119.jpg,R
812.jpg,U
8120.jpg,R
8121.jpg,M
8122.jpg,H
8123.jpg,H
8124.jpg,K
8125.jpg,T
8126.jpg,R
8127.jpg,M
8128.jpg,Q
8129.jpg,S
813.jpg,H
8130.jpg,N
8131.jpg,K
8132.jpg,N
8133.jpg,N
8134.jpg,R
8135.jpg,B
8136.jpg,H
8137.jpg,Y
8138.jpg,B
8139.jpg,B
814.jpg,R
8140.jpg,Q
8141.jpg,Z
8142.jpg,U
8143.jpg,N
8144.jpg,J
8145.jpg,Y
8146.jpg,J
8147.jpg,H
8148.jpg,W
8149.jpg,N
815.jpg,Q
8150.jpg,U
8151.jpg,Z
8152.jpg,Z
8153.jpg,V
8154.jpg,B
8155.jpg,Y
8156.jpg,I
8157.jpg,A
8158.jpg,H
8159.jpg,H
816.jpg,X
8160.jpg,R
8161.jpg,X
8162.jpg,N
8163.jpg,X
8164.jpg,Q
8165.jpg,X
8166.jpg,J
8167.jpg,N
8168.jpg,W
8169.jpg,N
817.jpg,W
8170.jpg,P
8171.jpg,Y
8172.jpg,J
8173.jpg,Q
8174.jpg,B
8175.jpg,R
8176.jpg,X
8177.jpg,M
8178.jpg,H
8179.jpg,O
818.jpg,M
8180.jpg,R
8181.jpg,R
8182.jpg,I
8183.jpg,B
8184.jpg,I
8185.jpg,M
8186.jpg,U
8187.jpg,B
8188.jpg,M
8189.jpg,B
819.jpg,S
8190.jpg,K
8191.jpg,I
8192.jpg,N
8193.jpg,J
8194.jpg,D
8195.jpg,B
8196.jpg,M
8197.jpg,P
8198.jpg,M
8199.jpg,U
82.jpg,P
820.jpg,M
8200.jpg,E
8201.jpg,R
8202.jpg,M
8203.jpg,H
8204.jpg,U
8205.jpg,I
8206.jpg,H
8207.jpg,R
8208.jpg,I
8209.jpg,J
821.jpg,N
8210.jpg,M
8211.jpg,L
8212.jpg,B
8213.jpg,I
8214.jpg,B
8215.jpg,M
8216.jpg,R
8217.jpg,O
8218.jpg,J
8219.jpg,M
822.jpg,M
8220.jpg,B
8221.jpg,U
8222.jpg,Q
8223.jpg,R
8224.jpg,O
8225.jpg,L
8226.jpg,M
8227.jpg,P
8228.jpg,O
8229.jpg,B
823.jpg,P
8230.jpg,L
8231.jpg,W
8232.jpg,N
8233.jpg,N
8234.jpg,M
8235.jpg,Q
8236.jpg,N
8237.jpg,V
8238.jpg,X
8239.jpg,E
824.jpg,M
8240.jpg,M
8241.jpg,N
8242.jpg,M
8243.jpg,M
8244.jpg,H
8245.jpg,O
8246.jpg,O
8247.jpg,J
8248.jpg,P
8249.jpg,Q
825.jpg,S
8250.jpg,Q
8251.jpg,J
8252.jpg,M
8253.jpg,K
8254.jpg,J
8255.jpg,J
8256.jpg,S
8257.jpg,P
8258.jpg,Q
8259.jpg,P
826.jpg,O
8260.jpg,P
8261.jpg,F
8262.jpg,Q
8263.jpg,G
8264.jpg,J
8265.jpg,V
8266.jpg,K
8267.jpg,B
8268.jpg,F
8269.jpg,R
827.jpg,E
8270.jpg,V
8271.jpg,W
8272.jpg,W
8273.jpg,H
8274.jpg,Y
8275.jpg,M
8276.jpg,W
8277.jpg,M
8278.jpg,J
8279.jpg,I
828.jpg,P
8280.jpg,R
8281.jpg,W
8282.jpg,C
8283.jpg,J
8284.jpg,H
8285.jpg,R
8286.jpg,O
8287.jpg,J
8288.jpg,Y
8289.jpg,W
829.jpg,U
8290.jpg,X
8291.jpg,M
8292.jpg,C
8293.jpg,N
8294.jpg,I
8295.jpg,M
8296.jpg,Y
8297.jpg,T
8298.jpg,W
8299.jpg,Y
83.jpg,K
830.jpg,Q
8300.jpg,L
8301.jpg,M
8302.jpg,P
8303.jpg,X
8304.jpg,M
8305.jpg,U
8306.jpg,W
8307.jpg,M
8308.jpg,Q
8309.jpg,N
831.jpg,H
8310.jpg,O
8311.jpg,L
8312.jpg,S
8313.jpg,C
8314.jpg,P
8315.jpg,J
8316.jpg,B
8317.jpg,B
8318.jpg,Y
8319.jpg,M
832.jpg,M
8320.jpg,J
8321.jpg,J
8322.jpg,W
8323.jpg,N
8324.jpg,W
8325.jpg,L
8326.jpg,N
8327.jpg,U
8328.jpg,G
8329.jpg,O
833.jpg,H
8330.jpg,H
8331.jpg,R
8332.jpg,X
8333.jpg,U
8334.jpg,B
8335.jpg,U
8336.jpg,H
8337.jpg,M
8338.jpg,M
8339.jpg,S
834.jpg,M
8340.jpg,R
8341.jpg,A
8342.jpg,R
8343.jpg,U
8344.jpg,L
8345.jpg,O
8346.jpg,S
8347.jpg,X
8348.jpg,B
8349.jpg,M
835.jpg,M
8350.jpg,N
8351.jpg,E
8352.jpg,M
8353.jpg,O
8354.jpg,M
8355.jpg,C
8356.jpg,W
8357.jpg,M
8358.jpg,G
8359.jpg,Q
836.jpg,S
8360.jpg,R
8361.jpg,M
8362.jpg,M
8363.jpg,Q
8364.jpg,N
8365.jpg,R
8366.jpg,del
8367.jpg,N
8368.jpg,P
8369.jpg,Z
837.jpg,I
8370.jpg,E
8371.jpg,M
8372.jpg,B
8373.jpg,L
8374.jpg,J
8375.jpg,J
8376.jpg,U
8377.jpg,M
8378.jpg,E
8379.jpg,T
838.jpg,H
8380.jpg,W
8381.jpg,Q
8382.jpg,J
8383.jpg,H
8384.jpg,U
8385.jpg,Y
8386.jpg,I
8387.jpg,B
8388.jpg,L
8389.jpg,N
839.jpg,B
8390.jpg,P
8391.jpg,M
8392.jpg,N
8393.jpg,L
8394.jpg,M
8395.jpg,R
8396.jpg,P
8397.jpg,J
8398.jpg,M
8399.jpg,J
84.jpg,Q
840.jpg,X
8400.jpg,P
8401.jpg,M
8402.jpg,V
8403.jpg,K
8404.jpg,K
8405.jpg,M
8406.jpg,R
8407.jpg,W
8408.jpg,Q
8409.jpg,R
841.jpg,M
8410.jpg,W
8411.jpg,E
8412.jpg,B
8413.jpg,I
8414.jpg,M
8415.jpg,A
8416.jpg,I
8417.jpg,C
8418.jpg,S
8419.jpg,P
842.jpg,N
8420.jpg,X
8421.jpg,N
8422.jpg,M
8423.jpg,K
8424.jpg,Q
8425.jpg,O
8426.jpg,R
8427.jpg,R
8428.jpg,N
8429.jpg,N
843.jpg,J
8430.jpg,K
8431.jpg,X
8432.jpg,O
8433.jpg,V
8434.jpg,P
8435.jpg,X
8436.jpg,P
8437.jpg,H
8438.jpg,P
8439.jpg,N
844.jpg,O
8440.jpg,O
8441.jpg,B
8442.jpg,J
8443.jpg,J
8444.jpg,M
8445.jpg,R
8446.jpg,J
8447.jpg,N
8448.jpg,U
8449.jpg,Q
845.jpg,F
8450.jpg,B
8451.jpg,U
8452.jpg,M
8453.jpg,N
8454.jpg,Y
8455.jpg,U
8456.jpg,U
8457.jpg,M
8458.jpg,M
8459.jpg,L
846.jpg,B
8460.jpg,U
8461.jpg,M
8462.jpg,A
8463.jpg,C
8464.jpg,O
8465.jpg,Q
8466.jpg,Z
8467.jpg,O
8468.jpg,L
8469.jpg,J
847.jpg,H
8470.jpg,V
8471.jpg,N
8472.jpg,J
8473.jpg,J
8474.jpg,N
8475.jpg,U
8476.jpg,L
8477.jpg,R
8478.jpg,E
8479.jpg,W
848.jpg,I
8480.jpg,H
8481.jpg,S
8482.jpg,M
8483.jpg,C
8484.jpg,V
8485.jpg,U
8486.jpg,P
8487.jpg,H
8488.jpg,C
8489.jpg,A
849.jpg,M
8490.jpg,R
8491.jpg,N
8492.jpg,W
8493.jpg,K
8494.jpg,W
8495.jpg,W
8496.jpg,G
8497.jpg,B
8498.jpg,R
8499.jpg,S
85.jpg,E
850.jpg,D
8500.jpg,J
8501.jpg,V
8502.jpg,L
8503.jpg,Y
8504.jpg,A
8505.jpg,B
8506.jpg,O
8507.jpg,L
8508.jpg,W
8509.jpg,O
851.jpg,Q
8510.jpg,U
8511.jpg,P
8512.jpg,W
8513.jpg,E
8514.jpg,J
8515.jpg,X
8516.jpg,N
8517.jpg,R
8518.jpg,M
8519.jpg,J
852.jpg,O
8520.jpg,N
8521.jpg,C
8522.jpg,E
8523.jpg,L
8524.jpg,C
8525.jpg,V
8526.jpg,M
8527.jpg,V
8528.jpg,Z
8529.jpg,I
853.jpg,O
8530.jpg,B
8531.jpg,X
8532.jpg,P
8533.jpg,J
8534.jpg,W
8535.jpg,U
8536.jpg,J
8537.jpg,H
8538.jpg,W
8539.jpg,B
854.jpg,H
8540.jpg,K
8541.jpg,N
8542.jpg,I
8543.jpg,W
8544.jpg,I
8545.jpg,Q
8546.jpg,P
8547.jpg,R
8548.jpg,N
8549.jpg,Q
855.jpg,N
8550.jpg,G
8551.jpg,A
8552.jpg,M
8553.jpg,M
8554.jpg,A
8555.jpg,Q
8556.jpg,K
8557.jpg,M
8558.jpg,N
8559.jpg,O
856.jpg,T
8560.jpg,P
8561.jpg,N
8562.jpg,J
8563.jpg,C
8564.jpg,H
8565.jpg,R
8566.jpg,R
8567.jpg,N
8568.jpg,R
8569.jpg,N
857.jpg,N
8570.jpg,S
8571.jpg,M
8572.jpg,U
8573.jpg,M
8574.jpg,R
8575.jpg,space
8576.jpg,O
8577.jpg,X
8578.jpg,M
8579.jpg,Z
858.jpg,J
8580.jpg,N
8581.jpg,M
8582.jpg,M
8583.jpg,B
8584.jpg,K
8585.jpg,O
8586.jpg,L
8587.jpg,L
8588.jpg,T
8589.jpg,X
859.jpg,I
8590.jpg,M
8591.jpg,M
8592.jpg,B
8593.jpg,R
8594.jpg,O
8595.jpg,C
8596.jpg,R
8597.jpg,M
8598.jpg,R
8599.jpg,B
86.jpg,M
860.jpg,H
8600.jpg,I
8601.jpg,X
8602.jpg,P
8603.jpg,O
8604.jpg,V
8605.jpg,H
8606.jpg,B
8607.jpg,I
8608.jpg,M
8609.jpg,M
861.jpg,D
8610.jpg,K
8611.jpg,A
8612.jpg,X
8613.jpg,U
8614.jpg,A
8615.jpg,A
8616.jpg,P
8617.jpg,P
8618.jpg,P
8619.jpg,R
862.jpg,J
8620.jpg,N
8621.jpg,space
8622.jpg,O
8623.jpg,O
8624.jpg,M
8625.jpg,J
8626.jpg,P
8627.jpg,V
8628.jpg,R
8629.jpg,M
863.jpg,U
8630.jpg,M
8631.jpg,U
8632.jpg,I
8633.jpg,O
8634.jpg,C
8635.jpg,M
8636.jpg,L
8637.jpg,B
8638.jpg,N
8639.jpg,J
864.jpg,P
8640.jpg,Y
8641.jpg,V
8642.jpg,X
8643.jpg,Y
8644.jpg,B
8645.jpg,L
8646.jpg,Y
8647.jpg,Z
8648.jpg,space
8649.jpg,N
865.jpg,O
8650.jpg,V
8651.jpg,M
8652.jpg,O
8653.jpg,H
8654.jpg,K
8655.jpg,K
8656.jpg,B
8657.jpg,N
8658.jpg,J
8659.jpg,K
866.jpg,N
8660.jpg,P
8661.jpg,P
8662.jpg,E
8663.jpg,X
8664.jpg,G
8665.jpg,J
8666.jpg,X
8667.jpg,M
8668.jpg,H
8669.jpg,P
867.jpg,J
8670.jpg,M
8671.jpg,H
8672.jpg,A
8673.jpg,J
8674.jpg,J
8675.jpg,V
8676.jpg,E
8677.jpg,N
8678.jpg,I
8679.jpg,M
868.jpg,O
8680.jpg,Q
8681.jpg,N
8682.jpg,H
8683.jpg,R
8684.jpg,Y
8685.jpg,R
8686.jpg,O
8687.jpg,U
8688.jpg,H
8689.jpg,M
869.jpg,L
8690.jpg,Q
8691.jpg,X
8692.jpg,B
8693.jpg,V
8694.jpg,Y
8695.jpg,J
8696.jpg,C
8697.jpg,M
8698.jpg,O
8699.jpg,Q
87.jpg,K
870.jpg,M
8700.jpg,P
8701.jpg,B
8702.jpg,S
8703.jpg,N
8704.jpg,U
8705.jpg,M
8706.jpg,M
8707.jpg,R
8708.jpg,U
8709.jpg,P
871.jpg,N
8710.jpg,J
8711.jpg,X
8712.jpg,N
8713.jpg,B
8714.jpg,X
8715.jpg,M
8716.jpg,R
8717.jpg,Y
8718.jpg,P
8719.jpg,space
872.jpg,B
8720.jpg,S
8721.jpg,T
8722.jpg,M
8723.jpg,C
8724.jpg,U
8725.jpg,J
8726.jpg,A
8727.jpg,Y
8728.jpg,R
8729.jpg,S
873.jpg,O
8730.jpg,H
8731.jpg,W
8732.jpg,P
8733.jpg,Q
8734.jpg,B
8735.jpg,J
8736.jpg,Y
8737.jpg,Q
8738.jpg,B
8739.jpg,M
874.jpg,N
8740.jpg,S
8741.jpg,V
8742.jpg,Z
8743.jpg,G
8744.jpg,M
8745.jpg,H
8746.jpg,K
8747.jpg,Y
8748.jpg,V
8749.jpg,W
875.jpg,O
8750.jpg,P
8751.jpg,M
8752.jpg,W
8753.jpg,H
8754.jpg,G
8755.jpg,Q
8756.jpg,L
8757.jpg,L
8758.jpg,V
8759.jpg,X
876.jpg,J
8760.jpg,U
8761.jpg,V
8762.jpg,L
8763.jpg,N
8764.jpg,F
8765.jpg,A
8766.jpg,J
8767.jpg,Q
8768.jpg,X
8769.jpg,H
877.jpg,R
8770.jpg,Q
8771.jpg,R
8772.jpg,J
8773.jpg,X
8774.jpg,R
8775.jpg,Y
8776.jpg,L
8777.jpg,S
8778.jpg,U
8779.jpg,X
878.jpg,B
8780.jpg,J
8781.jpg,P
8782.jpg,U
8783.jpg,N
8784.jpg,K
8785.jpg,U
8786.jpg,U
8787.jpg,Q
8788.jpg,B
8789.jpg,T
879.jpg,M
8790.jpg,Z
8791.jpg,J
8792.jpg,Q
8793.jpg,B
8794.jpg,H
8795.jpg,U
8796.jpg,W
8797.jpg,N
8798.jpg,I
8799.jpg,W
88.jpg,B
880.jpg,M
8800.jpg,D
8801.jpg,P
8802.jpg,U
8803.jpg,H
8804.jpg,O
8805.jpg,R
8806.jpg,X
8807.jpg,V
8808.jpg,L
8809.jpg,R
881.jpg,W
8810.jpg,R
8811.jpg,M
8812.jpg,M
8813.jpg,R
8814.jpg,M
8815.jpg,O
8816.jpg,H
8817.jpg,U
8818.jpg,S
8819.jpg,H
882.jpg,X
8820.jpg,R
8821.jpg,M
8822.jpg,M
8823.jpg,T
8824.jpg,R
8825.jpg,L
8826.jpg,S
8827.jpg,N
8828.jpg,A
8829.jpg,Q
883.jpg,B
8830.jpg,M
8831.jpg,U
8832.jpg,M
8833.jpg,P
8834.jpg,P
8835.jpg,S
8836.jpg,U
8837.jpg,W
8838.jpg,I
8839.jpg,C
884.jpg,P
8840.jpg,J
8841.jpg,L
8842.jpg,P
8843.jpg,D
8844.jpg,R
8845.jpg,K
8846.jpg,C
8847.jpg,N
8848.jpg,Y
8849.jpg,Q
885.jpg,P
8850.jpg,Q
8851.jpg,U
8852.jpg,M
8853.jpg,O
8854.jpg,X
8855.jpg,M
8856.jpg,M
8857.jpg,P
8858.jpg,N
8859.jpg,J
886.jpg,Q
8860.jpg,S
8861.jpg,C
8862.jpg,Y
8863.jpg,B
8864.jpg,A
8865.jpg,E
8866.jpg,H
8867.jpg,R
8868.jpg,D
8869.jpg,J
887.jpg,J
8870.jpg,R
8871.jpg,W
8872.jpg,M
8873.jpg,W
8874.jpg,M
8875.jpg,G
8876.jpg,M
8877.jpg,S
8878.jpg,C
8879.jpg,space
888.jpg,W
8880.jpg,N
8881.jpg,C
8882.jpg,P
8883.jpg,A
8884.jpg,M
8885.jpg,C
8886.jpg,M
8887.jpg,O
8888.jpg,M
8889.jpg,N
889.jpg,O
8890.jpg,P
8891.jpg,H
8892.jpg,M
8893.jpg,O
8894.jpg,K
8895.jpg,X
8896.jpg,E
8897.jpg,A
8898.jpg,Z
8899.jpg,O
89.jpg,M
890.jpg,M
8900.jpg,R
8901.jpg,P
8902.jpg,R
8903.jpg,M
8904.jpg,U
8905.jpg,H
8906.jpg,O
8907.jpg,Y
8908.jpg,E
8909.jpg,Q
891.jpg,R
8910.jpg,M
8911.jpg,L
8912.jpg,L
8913.jpg,L
8914.jpg,J
8915.jpg,M
8916.jpg,M
8917.jpg,D
8918.jpg,R
8919.jpg,E
892.jpg,M
8920.jpg,U
8921.jpg,J
8922.jpg,V
8923.jpg,N
8924.jpg,M
8925.jpg,X
8926.jpg,M
8927.jpg,M
8928.jpg,W
8929.jpg,U
893.jpg,Y
8930.jpg,M
8931.jpg,A
8932.jpg,T
8933.jpg,O
8934.jpg,J
8935.jpg,L
8936.jpg,V
8937.jpg,V
8938.jpg,J
8939.jpg,S
894.jpg,P
8940.jpg,B
8941.jpg,G
8942.jpg,X
8943.jpg,V
8944.jpg,N
8945.jpg,M
8946.jpg,V
8947.jpg,K
8948.jpg,V
8949.jpg,B
895.jpg,W
8950.jpg,O
8951.jpg,V
8952.jpg,V
8953.jpg,O
8954.jpg,J
8955.jpg,Y
8956.jpg,I
8957.jpg,Q
8958.jpg,E
8959.jpg,W
896.jpg,Y
8960.jpg,O
8961.jpg,M
8962.jpg,X
8963.jpg,R
8964.jpg,G
8965.jpg,O
8966.jpg,Q
8967.jpg,M
8968.jpg,J
8969.jpg,N
897.jpg,B
8970.jpg,B
8971.jpg,U
8972.jpg,W
8973.jpg,R
8974.jpg,O
8975.jpg,V
8976.jpg,J
8977.jpg,X
8978.jpg,O
8979.jpg,del
898.jpg,N
8980.jpg,L
8981.jpg,H
8982.jpg,P
8983.jpg,A
8984.jpg,R
8985.jpg,M
8986.jpg,N
8987.jpg,U
8988.jpg,L
8989.jpg,H
899.jpg,H
8990.jpg,V
8991.jpg,M
8992.jpg,N
8993.jpg,U
8994.jpg,D
8995.jpg,X
8996.jpg,T
8997.jpg,P
8998.jpg,V
8999.jpg,S
9.jpg,Y
90.jpg,O
900.jpg,V
9000.jpg,del
9001.jpg,M
9002.jpg,N
9003.jpg,W
9004.jpg,P
9005.jpg,J
9006.jpg,P
9007.jpg,N
9008.jpg,N
9009.jpg,Z
901.jpg,Q
9010.jpg,V
9011.jpg,E
9012.jpg,M
9013.jpg,C
9014.jpg,M
9015.jpg,S
9016.jpg,J
9017.jpg,Y
9018.jpg,X
9019.jpg,J
902.jpg,B
9020.jpg,V
9021.jpg,L
9022.jpg,O
9023.jpg,B
9024.jpg,V
9025.jpg,B
9026.jpg,L
9027.jpg,N
9028.jpg,H
9029.jpg,M
903.jpg,U
9030.jpg,C
9031.jpg,O
9032.jpg,L
9033.jpg,P
9034.jpg,M
9035.jpg,Q
9036.jpg,O
9037.jpg,O
9038.jpg,D
9039.jpg,O
904.jpg,E
9040.jpg,P
9041.jpg,N
9042.jpg,B
9043.jpg,P
9044.jpg,M
9045.jpg,Q
9046.jpg,J
9047.jpg,U
9048.jpg,J
9049.jpg,N
905.jpg,N
9050.jpg,I
9051.jpg,R
9052.jpg,P
9053.jpg,X
9054.jpg,B
9055.jpg,B
9056.jpg,K
9057.jpg,M
9058.jpg,M
9059.jpg,M
906.jpg,J
9060.jpg,K
9061.jpg,N
9062.jpg,J
9063.jpg,B
9064.jpg,K
9065.jpg,U
9066.jpg,Q
9067.jpg,V
9068.jpg,O
9069.jpg,X
907.jpg,N
9070.jpg,D
9071.jpg,X
9072.jpg,M
9073.jpg,J
9074.jpg,G
9075.jpg,B
9076.jpg,M
9077.jpg,X
9078.jpg,B
9079.jpg,A
908.jpg,B
9080.jpg,Q
9081.jpg,E
9082.jpg,X
9083.jpg,space
9084.jpg,P
9085.jpg,C
9086.jpg,B
9087.jpg,R
9088.jpg,Y
9089.jpg,U
909.jpg,J
9090.jpg,P
9091.jpg,H
9092.jpg,K
9093.jpg,O
9094.jpg,K
9095.jpg,M
9096.jpg,W
9097.jpg,J
9098.jpg,R
9099.jpg,C
91.jpg,B
910.jpg,W
9100.jpg,C
9101.jpg,K
9102.jpg,V
9103.jpg,M
9104.jpg,M
9105.jpg,R
9106.jpg,I
9107.jpg,L
9108.jpg,E
9109.jpg,K
911.jpg,E
9110.jpg,X
9111.jpg,M
9112.jpg,P
9113.jpg,X
9114.jpg,O
9115.jpg,U
9116.jpg,M
9117.jpg,M
9118.jpg,J
9119.jpg,B
912.jpg,S
9120.jpg,R
9121.jpg,Q
9122.jpg,W
9123.jpg,M
9124.jpg,M
9125.jpg,N
9126.jpg,C
9127.jpg,W
9128.jpg,M
9129.jpg,V
913.jpg,J
9130.jpg,Y
9131.jpg,M
9132.jpg,S
9133.jpg,W
9134.jpg,W
9135.jpg,Y
9136.jpg,Y
9137.jpg,P
9138.jpg,Y
9139.jpg,L
914.jpg,O
9140.jpg,V
9141.jpg,Q
9142.jpg,C
9143.jpg,D
9144.jpg,N
9145.jpg,J
9146.jpg,N
9147.jpg,M
9148.jpg,M
9149.jpg,N
915.jpg,K
9150.jpg,N
9151.jpg,T
9152.jpg,N
9153.jpg,W
9154.jpg,E
9155.jpg,U
9156.jpg,V
9157.jpg,V
9158.jpg,W
9159.jpg,P
916.jpg,P
9160.jpg,R
9161.jpg,Q
9162.jpg,X
9163.jpg,R
9164.jpg,Y
9165.jpg,E
9166.jpg,O
9167.jpg,N
9168.jpg,P
9169.jpg,R
917.jpg,H
9170.jpg,U
9171.jpg,N
9172.jpg,V
9173.jpg,O
9174.jpg,J
9175.jpg,M
9176.jpg,L
9177.jpg,X
9178.jpg,X
9179.jpg,F
918.jpg,L
9180.jpg,Q
9181.jpg,M
9182.jpg,M
9183.jpg,H
9184.jpg,B
9185.jpg,N
9186.jpg,E
9187.jpg,D
9188.jpg,M
9189.jpg,K
919.jpg,M
9190.jpg,P
9191.jpg,U
9192.jpg,Y
9193.jpg,Y
9194.jpg,P
9195.jpg,J
9196.jpg,N
9197.jpg,C
9198.jpg,H
9199.jpg,O
92.jpg,del
920.jpg,M
9200.jpg,H
9201.jpg,M
9202.jpg,L
9203.jpg,U
9204.jpg,P
9205.jpg,U
9206.jpg,I
9207.jpg,O
9208.jpg,Y
9209.jpg,H
921.jpg,J
9210.jpg,L
9211.jpg,M
9212.jpg,M
9213.jpg,A
9214.jpg,W
9215.jpg,Z
9216.jpg,P
9217.jpg,Y
9218.jpg,N
9219.jpg,N
922.jpg,J
9220.jpg,M
9221.jpg,U
9222.jpg,H
9223.jpg,P
9224.jpg,U
9225.jpg,M
9226.jpg,L
9227.jpg,M
9228.jpg,O
9229.jpg,Q
923.jpg,L
9230.jpg,J
9231.jpg,C
9232.jpg,M
9233.jpg,R
9234.jpg,Q
9235.jpg,X
9236.jpg,V
9237.jpg,Y
9238.jpg,S
9239.jpg,K
924.jpg,Q
9240.jpg,C
9241.jpg,B
9242.jpg,N
9243.jpg,V
9244.jpg,H
9245.jpg,Y
9246.jpg,Q
9247.jpg,V
9248.jpg,H
9249.jpg,E
925.jpg,Y
9250.jpg,X
9251.jpg,N
9252.jpg,J
9253.jpg,H
9254.jpg,L
9255.jpg,B
9256.jpg,R
9257.jpg,W
9258.jpg,V
9259.jpg,M
926.jpg,V
9260.jpg,H
9261.jpg,P
9262.jpg,N
9263.jpg,L
9264.jpg,L
9265.jpg,E
9266.jpg,M
9267.jpg,M
9268.jpg,M
9269.jpg,N
927.jpg,R
9270.jpg,Q
9271.jpg,P
9272.jpg,O
9273.jpg,D
9274.jpg,M
9275.jpg,M
9276.jpg,P
9277.jpg,C
9278.jpg,I
9279.jpg,J
928.jpg,O
9280.jpg,R
9281.jpg,J
9282.jpg,B
9283.jpg,X
9284.jpg,V
9285.jpg,F
9286.jpg,U
9287.jpg,L
9288.jpg,U
9289.jpg,M
929.jpg,W
9290.jpg,Q
9291.jpg,X
9292.jpg,U
9293.jpg,K
9294.jpg,L
9295.jpg,M
9296.jpg,P
9297.jpg,B
9298.jpg,M
9299.jpg,W
93.jpg,J
930.jpg,X
9300.jpg,E
9301.jpg,U
9302.jpg,P
9303.jpg,L
9304.jpg,A
9305.jpg,I
9306.jpg,L
9307.jpg,A
9308.jpg,X
9309.jpg,R
931.jpg,M
9310.jpg,O
9311.jpg,B
9312.jpg,S
9313.jpg,N
9314.jpg,M
9315.jpg,E
9316.jpg,I
9317.jpg,C
9318.jpg,I
9319.jpg,N
932.jpg,H
9320.jpg,U
9321.jpg,H
9322.jpg,E
9323.jpg,O
9324.jpg,G
9325.jpg,N
9326.jpg,P
9327.jpg,M
9328.jpg,J
9329.jpg,A
933.jpg,S
9330.jpg,I
9331.jpg,J
9332.jpg,P
9333.jpg,V
9334.jpg,M
9335.jpg,E
9336.jpg,U
9337.jpg,V
9338.jpg,X
9339.jpg,U
934.jpg,S
9340.jpg,W
9341.jpg,A
9342.jpg,M
9343.jpg,O
9344.jpg,L
9345.jpg,M
9346.jpg,Q
9347.jpg,K
9348.jpg,Y
9349.jpg,J
935.jpg,V
9350.jpg,J
9351.jpg,H
9352.jpg,O
9353.jpg,W
9354.jpg,H
9355.jpg,J
9356.jpg,N
9357.jpg,M
9358.jpg,N
9359.jpg,U
936.jpg,C
9360.jpg,A
9361.jpg,T
9362.jpg,N
9363.jpg,O
9364.jpg,N
9365.jpg,O
9366.jpg,N
9367.jpg,U
9368.jpg,Y
9369.jpg,Q
937.jpg,Y
9370.jpg,J
9371.jpg,W
9372.jpg,J
9373.jpg,R
9374.jpg,Y
9375.jpg,R
9376.jpg,W
9377.jpg,I
9378.jpg,M
9379.jpg,X
938.jpg,M
9380.jpg,M
9381.jpg,N
9382.jpg,O
9383.jpg,L
9384.jpg,P
9385.jpg,P
9386.jpg,N
9387.jpg,O
9388.jpg,L
9389.jpg,R
939.jpg,O
9390.jpg,M
9391.jpg,S
9392.jpg,X
9393.jpg,V
9394.jpg,H
9395.jpg,Q
9396.jpg,O
9397.jpg,B
9398.jpg,E
9399.jpg,N
94.jpg,O
940.jpg,Q
9400.jpg,M
9401.jpg,O
9402.jpg,R
9403.jpg,W
9404.jpg,V
9405.jpg,P
9406.jpg,Q
9407.jpg,K
9408.jpg,J
9409.jpg,U
941.jpg,K
9410.jpg,U
9411.jpg,H
9412.jpg,M
9413.jpg,W
9414.jpg,M
9415.jpg,R
9416.jpg,S
9417.jpg,T
9418.jpg,Q
9419.jpg,O
942.jpg,J
9420.jpg,O
9421.jpg,M
9422.jpg,N
9423.jpg,H
9424.jpg,I
9425.jpg,J
9426.jpg,Q
9427.jpg,E
9428.jpg,V
9429.jpg,X
943.jpg,H
9430.jpg,E
9431.jpg,M
9432.jpg,C
9433.jpg,U
9434.jpg,M
9435.jpg,M
9436.jpg,W
9437.jpg,X
9438.jpg,L
9439.jpg,O
944.jpg,B
9440.jpg,X
9441.jpg,C
9442.jpg,Z
9443.jpg,R
9444.jpg,D
9445.jpg,W
9446.jpg,M
9447.jpg,X
9448.jpg,R
9449.jpg,W
945.jpg,M
9450.jpg,M
9451.jpg,Q
9452.jpg,Y
9453.jpg,M
9454.jpg,Y
9455.jpg,A
9456.jpg,J
9457.jpg,U
9458.jpg,B
9459.jpg,C
946.jpg,P
9460.jpg,A
9461.jpg,J
9462.jpg,K
9463.jpg,M
9464.jpg,O
9465.jpg,M
9466.jpg,W
9467.jpg,V
9468.jpg,O
9469.jpg,W
947.jpg,N
9470.jpg,M
9471.jpg,R
9472.jpg,P
9473.jpg,S
9474.jpg,H
9475.jpg,H
9476.jpg,W
9477.jpg,R
9478.jpg,M
9479.jpg,R
948.jpg,H
9480.jpg,B
9481.jpg,M
9482.jpg,N
9483.jpg,W
9484.jpg,Q
9485.jpg,U
9486.jpg,U
9487.jpg,P
9488.jpg,O
9489.jpg,B
949.jpg,Y
9490.jpg,K
9491.jpg,B
9492.jpg,O
9493.jpg,C
9494.jpg,B
9495.jpg,N
9496.jpg,Q
9497.jpg,R
9498.jpg,J
9499.jpg,Y
95.jpg,M
950.jpg,M
9500.jpg,space
9501.jpg,N
9502.jpg,space
9503.jpg,C
9504.jpg,K
9505.jpg,M
9506.jpg,Y
9507.jpg,M
9508.jpg,U
9509.jpg,del
951.jpg,Q
9510.jpg,O
9511.jpg,A
9512.jpg,K
9513.jpg,J
9514.jpg,M
9515.jpg,I
9516.jpg,I
9517.jpg,M
9518.jpg,Q
9519.jpg,X
952.jpg,J
9520.jpg,G
9521.jpg,Q
9522.jpg,X
9523.jpg,Y
9524.jpg,P
9525.jpg,R
9526.jpg,M
9527.jpg,L
9528.jpg,I
9529.jpg,O
953.jpg,V
9530.jpg,Q
9531.jpg,M
9532.jpg,X
9533.jpg,K
9534.jpg,X
9535.jpg,R
9536.jpg,U
9537.jpg,U
9538.jpg,Q
9539.jpg,Z
954.jpg,M
9540.jpg,N
9541.jpg,H
9542.jpg,J
9543.jpg,B
9544.jpg,H
9545.jpg,G
9546.jpg,B
9547.jpg,J
9548.jpg,K
9549.jpg,space
955.jpg,B
9550.jpg,Y
9551.jpg,C
9552.jpg,O
9553.jpg,O
9554.jpg,M
9555.jpg,U
9556.jpg,W
9557.jpg,U
9558.jpg,J
9559.jpg,N
956.jpg,M
9560.jpg,N
9561.jpg,Y
9562.jpg,M
9563.jpg,M
9564.jpg,O
9565.jpg,B
9566.jpg,Y
9567.jpg,B
9568.jpg,J
9569.jpg,C
957.jpg,Q
9570.jpg,S
9571.jpg,B
9572.jpg,H
9573.jpg,O
9574.jpg,R
9575.jpg,Z
9576.jpg,del
9577.jpg,E
9578.jpg,X
9579.jpg,W
958.jpg,Y
9580.jpg,B
9581.jpg,S
9582.jpg,M
9583.jpg,J
9584.jpg,B
9585.jpg,U
9586.jpg,O
9587.jpg,S
9588.jpg,C
9589.jpg,W
959.jpg,M
9590.jpg,R
9591.jpg,space
9592.jpg,Y
9593.jpg,P
9594.jpg,O
9595.jpg,M
9596.jpg,X
9597.jpg,N
9598.jpg,C
9599.jpg,S
96.jpg,A
960.jpg,B
9600.jpg,N
9601.jpg,P
9602.jpg,R
9603.jpg,R
9604.jpg,W
9605.jpg,M
9606.jpg,O
9607.jpg,K
9608.jpg,L
9609.jpg,K
961.jpg,X
9610.jpg,W
9611.jpg,Q
9612.jpg,L
9613.jpg,L
9614.jpg,Y
9615.jpg,H
9616.jpg,M
9617.jpg,P
9618.jpg,Y
9619.jpg,H
962.jpg,V
9620.jpg,S
9621.jpg,O
9622.jpg,J
9623.jpg,M
9624.jpg,F
9625.jpg,J
9626.jpg,M
9627.jpg,C
9628.jpg,B
9629.jpg,G
963.jpg,Y
9630.jpg,H
9631.jpg,M
9632.jpg,N
9633.jpg,S
9634.jpg,A
9635.jpg,R
9636.jpg,O
9637.jpg,N
9638.jpg,B
9639.jpg,L
964.jpg,C
9640.jpg,D
9641.jpg,H
9642.jpg,O
9643.jpg,O
9644.jpg,H
9645.jpg,S
9646.jpg,L
9647.jpg,N
9648.jpg,Y
9649.jpg,B
965.jpg,Z
9650.jpg,W
9651.jpg,B
9652.jpg,O
9653.jpg,V
9654.jpg,T
9655.jpg,N
9656.jpg,I
9657.jpg,O
9658.jpg,H
9659.jpg,M
966.jpg,E
9660.jpg,I
9661.jpg,X
9662.jpg,C
9663.jpg,K
9664.jpg,Q
9665.jpg,V
9666.jpg,L
9667.jpg,K
9668.jpg,V
9669.jpg,D
967.jpg,T
9670.jpg,H
9671.jpg,M
9672.jpg,Y
9673.jpg,Y
9674.jpg,K
9675.jpg,U
9676.jpg,M
9677.jpg,S
9678.jpg,R
9679.jpg,L
968.jpg,B
9680.jpg,M
9681.jpg,X
9682.jpg,Z
9683.jpg,U
9684.jpg,W
9685.jpg,N
9686.jpg,O
9687.jpg,U
9688.jpg,J
9689.jpg,M
969.jpg,S
9690.jpg,I
9691.jpg,E
9692.jpg,S
9693.jpg,V
9694.jpg,V
9695.jpg,V
9696.jpg,R
9697.jpg,R
9698.jpg,Q
9699.jpg,V
97.jpg,E
970.jpg,A
9700.jpg,Q
9701.jpg,W
9702.jpg,P
9703.jpg,M
9704.jpg,O
9705.jpg,R
9706.jpg,Y
9707.jpg,R
9708.jpg,C
9709.jpg,N
971.jpg,V
9710.jpg,N
9711.jpg,C
9712.jpg,N
9713.jpg,M
9714.jpg,U
9715.jpg,B
9716.jpg,A
9717.jpg,K
9718.jpg,P
9719.jpg,J
972.jpg,X
9720.jpg,Y
9721.jpg,Y
9722.jpg,E
9723.jpg,P
9724.jpg,space
9725.jpg,M
9726.jpg,J
9727.jpg,space
9728.jpg,B
9729.jpg,J
973.jpg,M
9730.jpg,M
9731.jpg,M
9732.jpg,E
9733.jpg,O
9734.jpg,J
9735.jpg,E
9736.jpg,I
9737.jpg,del
9738.jpg,J
9739.jpg,J
974.jpg,M
9740.jpg,M
9741.jpg,K
9742.jpg,U
9743.jpg,P
9744.jpg,I
9745.jpg,L
9746.jpg,H
9747.jpg,W
9748.jpg,Q
9749.jpg,M
975.jpg,V
9750.jpg,K
9751.jpg,P
9752.jpg,E
9753.jpg,M
9754.jpg,K
9755.jpg,del
9756.jpg,M
9757.jpg,A
9758.jpg,X
9759.jpg,J
976.jpg,W
9760.jpg,A
9761.jpg,E
9762.jpg,X
9763.jpg,V
9764.jpg,M
9765.jpg,B
9766.jpg,K
9767.jpg,U
9768.jpg,O
9769.jpg,M
977.jpg,P
9770.jpg,R
9771.jpg,W
9772.jpg,H
9773.jpg,V
9774.jpg,B
9775.jpg,B
9776.jpg,R
9777.jpg,M
9778.jpg,D
9779.jpg,M
978.jpg,H
9780.jpg,Q
9781.jpg,I
9782.jpg,I
9783.jpg,O
9784.jpg,H
9785.jpg,L
9786.jpg,N
9787.jpg,U
9788.jpg,P
9789.jpg,L
979.jpg,P
9790.jpg,H
9791.jpg,O
9792.jpg,W
9793.jpg,R
9794.jpg,J
9795.jpg,R
9796.jpg,K
9797.jpg,J
9798.jpg,V
9799.jpg,Q
98.jpg,M
980.jpg,K
9800.jpg,M
9801.jpg,N
9802.jpg,Z
9803.jpg,J
9804.jpg,G
9805.jpg,Z
9806.jpg,S
9807.jpg,I
9808.jpg,O
9809.jpg,C
981.jpg,E
9810.jpg,J
9811.jpg,K
9812.jpg,L
9813.jpg,M
9814.jpg,S
9815.jpg,L
9816.jpg,L
9817.jpg,C
9818.jpg,J
9819.jpg,X
982.jpg,M
9820.jpg,L
9821.jpg,P
9822.jpg,C
9823.jpg,Z
9824.jpg,T
9825.jpg,N
9826.jpg,P
9827.jpg,O
9828.jpg,A
9829.jpg,B
983.jpg,H
9830.jpg,B
9831.jpg,C
9832.jpg,L
9833.jpg,K
9834.jpg,M
9835.jpg,M
9836.jpg,J
9837.jpg,O
9838.jpg,space
9839.jpg,V
984.jpg,J
9840.jpg,S
9841.jpg,W
9842.jpg,C
9843.jpg,S
9844.jpg,B
9845.jpg,E
9846.jpg,X
9847.jpg,J
9848.jpg,J
9849.jpg,T
985.jpg,M
9850.jpg,O
9851.jpg,N
9852.jpg,L
9853.jpg,J
9854.jpg,A
9855.jpg,P
9856.jpg,U
9857.jpg,M
9858.jpg,W
9859.jpg,R
986.jpg,R
9860.jpg,B
9861.jpg,P
9862.jpg,P
9863.jpg,P
9864.jpg,M
9865.jpg,X
9866.jpg,J
9867.jpg,M
9868.jpg,D
9869.jpg,O
987.jpg,I
9870.jpg,Y
9871.jpg,R
9872.jpg,Q
9873.jpg,space
9874.jpg,M
9875.jpg,M
9876.jpg,W
9877.jpg,B
9878.jpg,U
9879.jpg,M
988.jpg,T
9880.jpg,X
9881.jpg,J
9882.jpg,L
9883.jpg,W
9884.jpg,P
9885.jpg,B
9886.jpg,X
9887.jpg,I
9888.jpg,N
9889.jpg,M
989.jpg,Q
9890.jpg,V
9891.jpg,N
9892.jpg,R
9893.jpg,J
9894.jpg,B
9895.jpg,K
9896.jpg,R
9897.jpg,H
9898.jpg,P
9899.jpg,N
99.jpg,P
990.jpg,Q
9900.jpg,R
9901.jpg,W
9902.jpg,O
9903.jpg,del
9904.jpg,B
9905.jpg,E
9906.jpg,K
9907.jpg,R
9908.jpg,W
9909.jpg,B
991.jpg,K
9910.jpg,A
9911.jpg,B
9912.jpg,U
9913.jpg,M
9914.jpg,V
9915.jpg,B
9916.jpg,Y
9917.jpg,R
9918.jpg,I
9919.jpg,M
992.jpg,B
9920.jpg,N
9921.jpg,M
9922.jpg,J
9923.jpg,L
9924.jpg,U
9925.jpg,S
9926.jpg,J
9927.jpg,U
9928.jpg,P
9929.jpg,M
993.jpg,R
9930.jpg,B
9931.jpg,X
9932.jpg,J
9933.jpg,D
9934.jpg,W
9935.jpg,Y
9936.jpg,I
9937.jpg,M
9938.jpg,T
9939.jpg,O
994.jpg,O
9940.jpg,X
9941.jpg,K
9942.jpg,B
9943.jpg,R
9944.jpg,K
9945.jpg,I
9946.jpg,M
9947.jpg,B
9948.jpg,N
9949.jpg,M
995.jpg,F
9950.jpg,N
9951.jpg,J
9952.jpg,P
9953.jpg,B
9954.jpg,I
9955.jpg,U
9956.jpg,N
9957.jpg,L
9958.jpg,V
9959.jpg,Q
996.jpg,X
9960.jpg,C
9961.jpg,B
9962.jpg,J
9963.jpg,O
9964.jpg,C
9965.jpg,V
9966.jpg,M
9967.jpg,H
9968.jpg,Q
9969.jpg,X
997.jpg,O
9970.jpg,O
9971.jpg,Q
9972.jpg,Z
9973.jpg,K
9974.jpg,del
9975.jpg,N
9976.jpg,A
9977.jpg,J
9978.jpg,O
9979.jpg,M
998.jpg,N
9980.jpg,J
9981.jpg,E
9982.jpg,W
9983.jpg,L
9984.jpg,space
9985.jpg,S
9986.jpg,K
9987.jpg,B
9988.jpg,P
9989.jpg,X
999.jpg,M
9990.jpg,R
9991.jpg,U
9992.jpg,H
9993.jpg,C
9994.jpg,R
9995.jpg,N
9996.jpg,M
9997.jpg,B
9998.jpg,Y
9999.jpg,I
